<?xml version="1.0" encoding="utf-8"?>
<eml:eml xmlns:eml="eml://ecoinformatics.org/eml-2.1.1" xmlns:xsi="http://www.w3.org/2001/XMLSchema-instance"
         xsi:schemaLocation="eml://ecoinformatics.org/eml-2.1.1 http://rs.gbif.org/schema/eml-gbif-profile/1.2/eml.xsd"
packageId="10.15468/dl.mpbgqg"  system="http://gbif.org" scope="system"
xml:lang="en">

    <dataset>
                <alternateIdentifier>0066021-230530130749713</alternateIdentifier>
        <title>GBIF Occurrence Download 10.15468/dl.mpbgqg</title>
            <creator>
            <individualName>
                    <surName>GBIF Download Service</surName>
            </individualName>
<electronicMailAddress>support@gbif.org</electronicMailAddress>            </creator>
            <metadataProvider>
            <individualName>
                    <surName>GBIF Download Service</surName>
            </individualName>
<electronicMailAddress>support@gbif.org</electronicMailAddress>            </metadataProvider>
            <pubDate>
                2023-07-05
            </pubDate>
        <language>ENGLISH</language>
            <abstract>
                    <para>A dataset containing all occurrences available in GBIF matching the query:
{
  &quot;and&quot; : [
    &quot;TaxonKey is one of (Ambrosia confertiflora DC., Baccharis brachyphylla A.Gray, Brickellia californica (Torr. &amp; A.Gray) A.Gray, Bromus carinatus Hook. &amp; Arn., Cuscuta indecora Choisy, Delphinium scaposum Greene, Emmenanthe penduliflora Benth., Ipomoea hederacea Jacq., Krameria grayi Rose &amp; Painter, Krameria erecta Willd. ex Schult.)&quot;,
    &quot;HasCoordinate is true&quot;,
    &quot;HasGeospatialIssue is false&quot;
  ]
}
The dataset includes records from the following constituent datasets. The full metadata for each constituent is also included in this archive:
17 records from Flora Novo Galiciana-Gramineae
1 records from Fortalecimiento de las colecciones de ECOSUR. Primera fase (Plantas Tapachula)
4 records from World Plant Specimen from the Herbaria in China
6 records from Base de datos de las regiones prioritarias 113 y 120 en los municipios de Zirándaro y Coahuayutla (Guerrero)
1 records from Silver Bluff Audubon Center Herbarium
6 records from Michigan State University Herbarium Vascular Plants
2 records from Carnet en Ligne
5 records from MACF - MacFadden Herbarium, California State University Fullerton
20 records from Plant specimens in the Museum of Nature and Human Activities, Hyogo Prefecture, Japan
10 records from Actualización de la base de datos sobre la flora de la Reserva de la Biósfera Sierra de Manantlán, Jalisco-Colima, México
1 records from Herbario virtual bosques secos de Colombia - Sección herbario ICESI
17 records from Plantae of Costa Rica (INBio)
10 records from Bureau of Land Management, Vale District (Oregon, USA) Vascular Plants
568 records from SBBG - Clifton Smith Herbarium, Santa Barbara Botanic Garden
5 records from United States National Plant Germplasm System Collection
5 records from SEWBReC Vascular Plants (South East Wales)
61 records from Flora vascular de la Sierra de las Candelas, Municipio Jerez de García Salinas, Zacatecas, México
112 records from Computarización del Herbario ENCB. Fase I (Base de datos de los ejemplares del Valle de México)
1 records from UFG - Herbário da Universidade Federal de Goiás
8 records from University of Idaho, Erickson Weed Herbarium
6 records from Pacific Northwest Herbarium (Western Washington University, Washington, USA)
2 records from The vascular plants collection (P) at the Herbarium of the Muséum national d&apos;Histoire Naturelle (MNHN - Paris)
1 records from Historia natural del parque ecológico estatal de Omiltemi, Chilpancingo, Guerrero, méxico
6 records from Dinosaur National Monument Herbarium
62 records from PUA - Pacific Union College Herbarium
1 records from Flora vascular de Torca, Localidad de Usaquén (Bogotá - Colombia)
3 records from Inventario florístico en Baja California Sur: Región del Cabo e Islas adyacentes
4 records from ICN - Universidad Nacional de Colombia
13 records from Actualización y depuración de la base de datos del Herbario del Instituto de Ecología, AC, Centro Regional del Bajío. Fase 2
56 records from niek_nes_22
446 records from Puntos de presencia en Baja California (Botany)
139 records from CDA - California Department of Food and Agriculture
35 records from NMNH Material Samples (USNM)
36 records from Pl@ntNet observations
5 records from 500,000 plant Specimens from PE Herbarium in China from 1950 to 1999
1 records from Herbario Museo de La Salle Bogotá (BOG)
6 records from MHA Herbarium: collections of vascular plants
2 records from Ecología y manejo de ungulados cinegéticos en el sur de Baja California Sur
1 records from USAC, CECON, Herbario USCG
1 records from Réserves Naturelles de France (RNF) - RNF - Données de la Fédération des Réserves Catalanes
591 records from Desert Botanical Garden Herbarium
1 records from Análisis de la heterogeneidad ambiental y conectividad de las áreas naturales del sur del Valle de México
97 records from University of Montana Herbarium
309 records from Natural History Collections of the Faculty of Biology AMU
3 records from Diversidad y riqueza vegetal de los substratos rocosos del centro del estado de Veracruz
31 records from Botanical Research Institute of Texas, Philecology Herbarium
166 records from NIEK_NES
19 records from Dutch Vegetation Database
10 records from Shropshire Ecological Data Network database
1 records from Herbarium GB, University of Gothenburg
1 records from The MAGNOLIOPSIDA of Herbarium named after prof. B.M. Kozo-Polyansky VSU
2 records from Centralisation des observations floristiques dans le cadre du SINP - Observations floristiques - plateforme SINP régionale SILENE   PACA
1 records from Flora de las Barrancas del Cobre
97 records from BLM - National Landscape Monitoring Framework - Plants
4 records from Estudio florístico de la Sierra de Pachuca, Hidalgo, México
9 records from Données acquises par le Conservatoire botanique national du Bassin parisien et son réseau (bénévoles, associations, autres structures professionnelles) - Flore du Bassin parisien (CBNBP)
1 records from New Mexico Museum of Natural History and Science (NMMNH&amp;S) Herbarium specimens (Arctos)
6 records from Staten Island Museum
2 records from Natuurmuseum Brabant, Tilburg - Botany
11 records from Vascular plants collection of Hiratsuka City Museum
1 records from Vascular Plant Herbarium: Herbarium Fennoscandicum
22 records from Natural History Museum (London) Collection Specimens
7 records from Lund Botanical Museum (LD)
22 records from United Herbaria of the University and ETH Zurich
13 records from BRI AVH data
9 records from IAC - Herbário do Instituto Agronômico de Campinas
3 records from Eastern Illinois University, Stover-Ebinger Herbarium
2 records from Herbier du Québec (QUE) - Collection de plantes vasculaires
439 records from DAV - UC Davis Herbarium
96 records from Royal BC Museum - Herbarium (V)
7 records from herbario
5 records from CSIC-Real Jardín Botánico-Colección de Plantas Vasculares (MA)
4 records from Colección general del plantas vasculares del Herbario JBB
162 records from Vascular Plant Collection - University of Washington Herbarium (WTU)
1 records from Données acquises par le Conservatoire botanique national du Bassin parisien et son réseau (bénévoles, associations, autres structures professionnelles) - Données acquises via le réseau du Conservatoire botanique national du Bassin parisien
1 records from Herbarium of Jyväskylä University Museum
9 records from Biodiversidad, hábitat y manejo en el Parque Nacional Pico de Tancítaro, Michoacán, México
8 records from Geneva Herbarium – General Collection (G)
1204 records from UCR - University of California, Riverside Herbarium - Vascular Plants
191 records from Tropicos Specimens Non-MO
41 records from LOB - California State University, Long Beach Herbarium
6 records from Institut Botanic de Barcelona (IBB, CSIC-Ajuntament de Barcelona), BC-Plantae
1 records from Some Plant Specimens from PE Herbarium in China from 1900 to 1950
17 records from Dataset from Herbarium of Endemic Species Research Institute, Taiwan (TAIE)
1038 records from The New York Botanical Garden Herbarium (NY)
9 records from Hertfordshire Flora Survey Records 1987-2005
1205 records from Arizona State University Vascular Plant Herbarium
1 records from Dr Mary Gillham Archive Project
8 records from Catálogo y base de datos preliminar de la flora de Sinaloa
1 records from NBIS Records to December 2016
19 records from Quaid-i-Azam University Herbarium
1 records from Extension de carrière de sables et graviers - Flore_C
1 records from Inventario florístico y faunístico del Parque Nacional Barranca del Cupatitzio, Michoacán
3 records from Centre for Australian National Biodiversity Research (CANB) AVH data
4 records from SLTC-N2
2 records from Vanderbilt University Herbarium
2 records from Natural History Museum, Vienna - Herbarium W
1 records from University of Amsterdam (NL) - Páramo pollen reference collection
14 records from Mississippi State University
2 records from Tiroler Landesmuseum Ferdinandeum
5 records from Vascular plant specimens of The Shirakami Research Center for Environmental Sciences, Hirosaki University
10 records from 2022_nsmk_smpl_pl_310
6 records from RL Minckley Insect and Plant Collection
5 records from Flora del Parque Nacional Cumbres de Monterrey, Nuevo León, México
8 records from Rutgers University, Chrysler Herbarium
61 records from Sistematización del Herbario Nacional Forestal Biól Luciano Vela Gálvez
2 records from Flora of Vladimir Oblast, Russia: an updated grid dataset (1867–2020)
49 records from niek_2022
52 records from INPN - Données flore des CBN agrégées par la FCBN
4 records from Actualización e incremento de la base de datos del Herbario de la Benemérita Universidad Autónoma de Puebla
41 records from Occurrence Data of Vascular Plants collected or compiled for the Flora of Bavaria
1 records from Bioblitz 2014 Kalvebod Fælled, Denmark
20 records from Flora de las playas y dunas costeras de México
44 records from Other BSBI Scottish data up to 2018
10 records from Plant specimens deposited in Osaka Museum of Natural History, Japan
4 records from Herbarium of University of Coimbra (COI)
7 records from Geneva Herbarium – De Candolle&apos;s Prodromus (G-DC)
18 records from Florística de las gramíneas de Chihuahua
2 records from Earth Guardians Weekly Feed
165 records from Alien plant presence dataset from the point-radius plot surveys in 2010-2015 in Taiwan
7 records from Royal Botanic Gardens, Kew - Herbarium Specimens
1 records from Inventario florístico de la Sierra de San Carlos, Tamaulipas
8 records from Flora de los Parques Ecológicos Distritales de Humedal de Bogotá, D.C.
3 records from Bioimages
437 records from NMNH Extant Specimen Records (USNM, US)
1 records from Projet éolien de Comps-Lagrand&apos;ville - Flore - Inventaire non standardisé.
1 records from University of Central Arkansas Herbarium
18 records from Colorado Mesa University, Walter A. Kelley Herbarium
14 records from University of Puget Sound, Slater Museum Herbarium Vascular Plants
175 records from University of Idaho, Stillinger Herbarium Vascular Plants
15 records from Ibaraki Nature Museum, Vascular Plants collection
234 records from OBI - Robert F. Hoover Herbarium, Cal Poly State University
117 records from LA - University of California, Los Angeles Herbarium
1547 records from RSA - California Botanic Garden Herbarium
47 records from Herbarium Specimens of Tokushima Prefectural Museum, Japan
49 records from Herbarium SZUB - Vascular Plant
1 records from Plantas vasculares de la Sierra Tarahumara -listado florístico, etnobotánico e histórico-
38 records from CSLA - Cal State LA Herbarium
2 records from Plant Specimen in Yunnan, China from Herbarium (PE),Institute of Botany, Chinese Academy of Sciences
1 records from Biodiversitätsdatenbank Salzburg
14 records from University of Alabama Herbarium
3 records from DEMNA-DNE : Exotic plant occurrences in Wallonia
2 records from Taxon occurrence data for the FungalRoot database
5 records from George Mason University, Ted R. Bradley Herbarium
3 records from BioGIS - Vascular plants - A. Danin&apos;s grid database
9 records from Vascular Plant Collection of Natural History Museum and Institute, Chiba
253 records from UTEP Plants (Arctos)
1 records from CSIC-Real Jardín Botánico-Anthos. Sistema de Información de las Plantas de España
29 records from Base de datos de las gramíneas (Poaceae) del noreste de México
96 records from Academy of Natural Sciences of Drexel University
6 records from Baylor University Herbarium
6 records from Charles University Prague - Herbarium PRC
27 records from FSC - Fresno State Herbarium
13 records from Biologiezentrum Linz
2 records from Compte-cardobs convention Eurovia - Jeu de données convention Eurovia-SPN-2012-2016
3 records from Observations.be - Non-native species occurrences in Wallonia, Belgium
43 records from Texas Tech University, E. L. Reed Herbarium
8 records from Florística de áreas protegidas en el estado de Durango
26 records from Digitalización de la colección científica del Herbario de Querétaro &quot;Dr. Jerzy Rzedowski&quot; QMEX
114 records from Observation.org, Nature data from around the World
59 records from Kathryn Kalmbach Herbarium
1 records from Vascular Plant Herbarium, Oslo (O) UiO
1 records from TUR Vascular plant collections of the Turku University, Herbarium generale
5 records from Portland State Universtiy Herbarium Vascular Plants
254 records from University of Colorado Museum of Natural History Herbarium Vascular Plant Collection
1 records from ACQUISITION_CBNMC
59 records from Snake River Plain Herbarium (Boise State University, Idaho, USA)
13 records from MVSC; The James C. Parks Herbarium at Millersville University
2 records from Mount Rainier National Park (USA) Vascular Plants
3 records from University of Arkansas at Monticello
4 records from LERN Records
6 records from Las monocotiledóneas mexicanas, una sinopsis florística. Parte II
29 records from Waarnemingen.be - Non-native plant occurrences in Flanders and the Brussels Capital Region, Belgium
74 records from A global database for the distributions of crop wild relatives
1 records from Database of Native Plants in Taiwan
2 records from Pastos y plantas asociadas a servicios ecosistémicos en los páramos de Boyacá
1 records from National Trust Species Records
1 records from Inventaire de la flore d&apos;Alsace - Données de la flore d’Alsace (SBA)
2 records from Campbell University Herbarium
8 records from Diversidad vegetal en un gradiente en la Sierra Madre Occidental: flora y vegetación de la Región de San Javier y Yécora, Sonora
55 records from El banco de datos del Herbario HCIB en línea (Fase I): Implementación del Sistema Biótica
27 records from Fairchild Tropical Botanic Garden (FTG)
279 records from Florabank1 - A grid-based database on vascular plant distribution in the northern part of Belgium (Flanders and the Brussels Capital region)
6 records from Sistematización de la colección entomológica y actualización de la colección del herbario CHIP del Instituto de Historia Natural y Ecología (IHNE), Chiapas (Plantas)
5 records from Herbarium Senckenbergianum (GLM) - Plantae
1 records from Flora y vegetación de la región terrestre prioritaria Tacaná-Boquerón, Chiapas, México
7 records from CATA - Catalina Island Conservancy Herbarium Vascular Plants
3 records from Howard University Herbarium
71 records from Pl@ntNet automatically identified occurrences
1 records from MCCC - Mendocino College Coast Center Herbarium
4 records from Riqueza y distribución de especies vegetales en la Península de Baja California
1236 records from SD - SD Herbarium, San Diego Natural History Museum
14 records from n_niek_2021
1 records from MEXU/Flora de Oaxaca
3 records from University of Tennessee Vascular Herbarium
14 records from Weber State University Herbarium
31 records from MEXU/Asteraceae
21 records from College of Idaho Herbarium
127 records from University of British Columbia Herbarium (UBC) - Vascular Plant Collection
7 records from 2022_nsmk_biodiversity_smpl_pl_250
507 records from Plant Resources Center
20 records from University of Vermont, Pringle Herbarium
10 records from University of Louisiana at Monroe Herbarium, R. Dale Thomas Collection
1 records from Herbarium Dresdense
1 records from H.J. Andrews Experimental Forest
124 records from Etapa final de la captura y catalogación del Herbario del Instituto de Ecología, A. C., Centro Regional del Bajío
153 records from CHSC - CSU Chico, Chico State Herbarium - Vascular Plants
2 records from Flora polínica de las llanuras de Sonora, al sur de Hermosillo
58 records from Montana State University Herbarium
1 records from Base de datos del Herbario CIQR de El Colegio de la Frontera Sur, unidad Chetumal
66 records from IRVC - University of California, Irvine Herbarium
15 records from Florística de la reserva de la biósfera de Mapimí
5 records from MBM - Herbário do Museu Botânico Municipal
4 records from Herbarium Senckenbergianum (FR)
1 records from Central Michigan University Herbarium
1 records from Diversidad florística y endemismo en la Reserva de la Biósfera El Cielo, Tamaulipas, México
31 records from UCSC Herbarium - Kenneth S. Norris Center for Natural History, University of California Santa Cruz
1 records from Auckland Museum Botany Collection
29 records from BARO Herbarium, The M.S University of Baroda
2 records from Herbarium of Shinshu University
5 records from Fortalecimiento de las colecciones de ECOSUR. Primera fase (Herbario SCLC)
10 records from Gunma Museum of Natural History, Vascular Plant Specimen
3 records from Western Illinois University, ​R. M. Myers Herbarium
10 records from Flora (vascular) y fauna (aves) de los Parques Nacionales del estado de Baja California: Constitución de 1857 y Sierra San Pedro Mártir (Plantas)
11 records from Bureau of Land Management, Medford District (Oregon, USA) Vascular Plants
13 records from University of Mississippi, Thomas M. Pullen Herbarium
19 records from Field Museum of Natural History (Botany) Seed Plant Collection
4 records from Vascular Plant Specimens of Yamagata Prefectural Museum
11 records from Eastern Washington University Herbarium Vascular Plants.
1 records from SP - Herbário do Estado &quot;Maria Eneyda P. Kaufmann Fidalgo&quot; - Coleção de Fanerógamas
169 records from UCSB - University of California Santa Barbara Herbarium
7 records from Lord Fairfax Community College Herbarium
1 records from HUEFS - Herbario da Universidade Estadual de Feira de Santana
111 records from Intermountain Herbarium (Vasc. &amp; Algae)
474 records from Deaver Herbarium (Northern Arizona University)
3 records from Natural History Museum Rotterdam - Specimens
20 records from University of South Carolina, A. C. Moore Herbarium Vascular Plant Collection
1 records from Propuesta para sistematizar la colección palinológica de polen reciente y fósil del IGLUNAM
3 records from Vascular Plant Collection, Starkey Experimental Forest Herbarium
1 records from NCSM Herbarium Collection
21 records from Investigation Current Status of River in Taiwan between 2002 to 2020
1 records from All taxa records for Leicestershire and Rutland
55 records from Idaho State University, Ray J. Davis Herbarium Vascular Plants
47 records from Vascular Plant Specimens of Kochi Prefectural Makino Botanical Garden
2 records from Harvard University Herbaria: All Records
5 records from Central Oregon Community College
1 records from Flora vascular del cerro El Zamorano
2 records from Tarleton State University Herbarium
1 records from Spermatophyta specimens of Iwate Prefectural Museum
3 records from Craters of the Moon National Monument Herbarium
24 records from Inventario florístico en la zona de Bahía Magdalena e islas adyacentes, Baja California Sur
7 records from Botany Division, Yale Peabody Museum
4 records from Distribución, estructura poblacional y utilización del saguaro (Carnegiea gigantea (Engelm.) Britt. &amp;  Rose) en México
4 records from Delaware State University, Claude E. Phillips Herbarium
12 records from Vascular plant records verified via iRecord
190 records from Oregon State University Vascular Plant Collection
11603 records from iNaturalist Research-grade Observations
13 records from Black Hills State University Herbarium
11 records from naturgucker
1 records from Vascular plant specimens of Akita Prefectural Museum
1 records from South Dakota State University, C. A. Taylor Herbarium
10 records from Angiospermatatophytina Collection of Saitama Museum of Natural History
3 records from Atlas Flora Danica
3 records from CeDoc de Biodiversitat Vegetal: BCN-Cormophyta
3 records from Bell Museum plants
1 records from 2020_nsmk_KNAM_biodiversity_Observations_PL_993
63 records from Colorado State University, Charles Maurer Herbarium
61 records from Masaryk University - Herbarium BRNU
1 records from Distribution de quelques espèces végétales du Bénin
1 records from Kitami Region Museum of Science History and Art(KIRM)
52 records from University of Alberta Vascular Plant Herbarium (ALTA-VP)
8 records from Rocky Mountain Biological Laboratory
3 records from Miscellaneous Vascular Plants
10 records from Herbario Universidad de Caldas - FAUC
23 records from Louisiana State University, Shirley C. Tucker Herbarium - Vascular Plants
2 records from Base de datos de las Especies y Eventos de las comunidades de plantas del bosque seco en el Caribe tropical de Colombia
50 records from Données d&apos;observation flore du réseau des CBN issues du système d&apos;information de la FCBN
32 records from Suffolk Biodiversity Information Service (SBIS) Dataset
17 records from Nijmegen Natural History Museum (NL) - Herbarium
5 records from Plant specimens of Kushiro City Museum
42 records from SFV - California State University, Northridge
21 records from CONN
3 records from Muestreos y recolectas de flora endémica y casi-endémica de matorral costero y chaparral de la zona mediterránea Baja California, México
14 records from Plant specimens of Otaru Museum
18 records from University of North Carolina at Chapel Hill Herbarium: Vascular Plants
8 records from The Himalayan Uplands Plant database (HUP Version 1)
6 records from Arkansas Natural Heritage Commission Herbarium
2 records from Biodiversidad vegetal de la parte alta oeste de la cuenca del Chuviscar, Chihuahua
2 records from Census of plant species in Benin as part of several research projects
2 records from Plant Specimens of Kurashiki Museum of Natural History
2 records from Flora alpina del centro de México
3 records from The digitization of plant specimens of NTU
36 records from Banco de datos florísticos del Herbario CHAP
1 records from Bernice P. Bishop Museum
60 records from University of South Florida Herbarium (USF)
3 records from Local floras of Russia: records from literature
10 records from Moscow University Herbarium (MW)
1 records from Colección científica del Museo de Historia Natural Alfredo Dugés
1 records from Herbario de Plantas Vasculares de la Universidad de Salamanca: SALA
8 records from Old Dominion University Herbarium
14 records from NSW AVH feed
3 records from Catálogos florísticos de México por entidad federativa e información etnobotánica de la Colección del Herbario Nacional Biól. Luciano Vela Gálvez (INIF)
61 records from Floristic Databases of Mecklenburg-Pomerania - Higher Plants
39 records from Instituto de Botánica Darwinion
69 records from Herbario Ruiz Leal MERL, Instituto Argentino de Investigaciones de las Zonas Áridas (CCT CONICET Mendoza)
1 records from Kastikka Floristic Archives (Kastikka Ark)
3 records from Données d&apos;occurrences Espèces issues de l&apos;inventaire des ZNIEFF
13 records from Asociación Jardín Botánico La Laguna - Herbarium LAGU
225 records from Digitalización y Sistematización de las Colecciones Biológicas Nacionales del Instituto de Biología, UNAM (Plantas vasculares)
1 records from DBG Tissue and DNA Bank
1 records from BRERC species records from all years at full resolution excluding Notable Species within the last 10 years
24 records from International Barcode of Life project (iBOL)
2 records from Catálogo electrónico de especímenes depositados en el Herbario de la Universidad de Texas en Austin, Fase IV (Tipos)
1 records from Herbarium Specimens of The Kagoshima University Museum (KAG)
2 records from University of Southern Mississippi Herbarium
16 records from Pittsburg State University, Theodore M. Sperry Herbarium
1 records from Herbarium Horti Botanici Pisani (PI), Sistema Museale di Ateneo, Università di Pisa
3 records from Bruce Bennett Herbarium (BABY)
309 records from Tropicos MO Specimen Data
104 records from Vascular Plant Specimen database of Kanagawa Prefectural Museum of Natural History
12 records from 2019_nsmk_pl_20200324
3 records from Base de datos computarizada del herbario CIB, Instituto de Investigaciones Biológicas, Universidad Veracruzana
2 records from Jurica-Suchy Nature Museum at Benedictine University Herbarium Specimens (Arctos)
577 records from Catálogo electrónico de especímenes depositados en el Herbario de la Universidad de Texas en Austin, Fase IV (Ejemplaresimagenes)
117 records from Herbarium UGDA - Vascular Plants Collection
174 records from Naturalis Biodiversity Center (NL) - Botany
3 records from Tallinn Botanic Garden
24 records from Vascular plant specimens of Nagano Environmental Conservation Research Institute, Nagano Prefecture
2 records from UB - Herbário da Universidade de Brasília
86 records from HSC - Humboldt State University Vascular Plant Herbarium
1 records from Floristic records from survey studies of the Bayerisches Landesamt für Umwelt
1 records from Norwegian Species Observation Service
3 records from Herbario Nacional Colombiano (COL)
298 records from CAS Botany (BOT)
18 records from Artportalen (Swedish Species Observation System)
240 records from University of New Mexico Herbarium
34 records from SJSU - Carl W. Sharsmith Herbarium, San Jose State University
1 records from Herbarium of the French Institute of Pondicherry
17 records from RECORD Vascular Plant Data
41 records from Flora genérica de las gramíneas del estado de Tlaxcala
60 records from Carnegie Museum of Natural History Herbarium
241 records from Flora von Deutschland (Phanerogamen)
11 records from Observations du Conservatoire botanique national du Bassin parisien.
2 records from Cornell University Plant Pathology Herbarium
7 records from Clemson University Herbarium
3 records from Flora del Valle de Tehuacán-Cuicatlán: III fase
195 records from Swiss National Databank of Vascular Plants
24 records from Mississippi Museum of Natural Science Herbarium
8 records from Auburn University, John D. Freeman Herbarium
1 records from Merseyside BioBank (verified)
6 records from Herbarium of Taiwan Forestry Research Institute
3 records from DEMNA-DNE : Early warning system on Introduced Species in Wallonia
25 records from Vascular plant specimens of National Museum of Nature and Science (TNS)
7 records from Scottish SNH-funded BSBI records
12 records from H.A. Stephens Herbarium
1 records from Expertise IQE du Golf de Cannes Mougins en 2020 - Donnees espèces - Expertise IQE Golf de Cannes Mougins 2020
1 records from Oskarshamn herbarium (OHN)
15 records from Vascular plant specimens of Toyama Science Museum
2 records from Texas Lutheran University Herbarium
2 records from James Madison University Herbarium
80 records from SDSU - San Diego State University Herbarium
2 records from Vascular plant collections of the Botanical Museum, University of Oulu (OULU)
5 records from University of Lethbridge Herbarium (LEA)
6 records from Vascular plants of the Soviet Far East (1985-2006): georeferenced records from dot maps
1 records from SHTC - CSU Stanislaus Herbarium
20 records from University of Michigan Herbarium
7 records from Estequiometría ecológica y percepción remota para el análisis de la distribución espacial e invasibilidad de zacate Buffel (Cenchrus ciliaris), en zonas prioritarias del noroeste de México
1 records from Magnoliophyta del Herbario BAB (Instituto de Recursos Biológicos CIRN-INTA)
73 records from Colección de Solanales del Museo Botánico CORD - IMBIV
1 records from University of Graz, Institute of Plant Sciences - Herbarium GZU
98 records from Digitalización y sistematización de las colecciones biológicas del INECOL (Herbario)
3 records from Plant specimens of Parthenon Tama Museum (PTHM)
5 records from Ely BLM Herbarium
1 records from Bosque Mesófilo de Montaña de México
2 records from Fungus Collections at Staatliches Museum für Naturkunde Karlsruhe (Herbarium KR)
4 records from Conservación del germoplasma vegetal en las regiones áridas y semiáridas de México, Fase 6
2 records from Computarización del Herbario ENCB, IPN. Fase IV. Base de datos de la familia Pinaceae y de distintas familias de la clase Magnoliopsida depositadas en el Herbario de la Escuela Nacional de Ciencias Biológicas, IPN
25 records from Flora of Worcestershire
33 records from Plantas de La Frontera (ecorregión 12.1.1.1), e inventario florístico del Rancho El Aribabi, municipio de Imuris, Sonora
43 records from Manual de las gramíneas de Durango
97 records from Washington State University Herbarium
9 records from Herbarium Berolinense, Berlin (B)
7 records from University of Georgia Herbarium
1 records from Hendrix College Herbarium - Vascular Plants
11 records from Muhlenberg College
1 records from Isle of Man Historical Wildlife Records pre-1990
1 records from Herbier du Bénin
53 records from Actualización de la base de datos del Herbario de la Universidad de Sonora (USON)
5 records from Depuración de la colección y base de datos del Herbario CICY. Fase IV
2 records from Collections des Herbiers d’Afrique de l&apos;Ouest et d&apos;Afrique Centrale
1 records from Inventario multitaxonómico (plantas, crustáceos y vertebrados) del APFF Meseta de Cacaxtla, Sinaloa, México
17 records from CSUSB - California State University San Bernardino
345 records from BSBI data from several English counties, up to 2018
18 records from NSW BioNet Atlas
2 records from AD AVH
2 records from 2019_biodiversity_cooperation_investigation
2 records from Herbarium Specimens of Museum of Nature and Human Activities, Hyogo Pref., Japan
2 records from NEON Biorepository Terrestrial Plant Collection (Herbarium Vouchers)
242 records from R. L. McGregor Herbarium Vascular Plants Collection
19 records from 2023 Contributions of Plant Specimen Data inside China
8 records from Meise Botanic Garden Herbarium (BR)
50 records from Canadian Museum of Nature Herbarium
6 records from Estudio florístico de las gramíneas de Zacatecas
20 records from Vascular Plants Collection of Sagamihara City Museum
26 records from Base de datos sobre la flora de Durango
9 records from Steiermärkisches Landesmuseum Joanneum - Herbarium GJO
13 records from University of Florida Herbarium (FLAS)
18 records from Welsh BSBI data (ex-VPDB dataset) at hectad resolution
56 records from University of Northern Colorado Herbarium
2 records from Marie-Victorin Herbarium (MT) - Plantes vasculaires
1 records from Pacific Lutheran University Vascular Plants</para>
            </abstract>
            <contact>
            <individualName>
                    <surName>GBIF Download Service</surName>
            </individualName>
<electronicMailAddress>support@gbif.org</electronicMailAddress>            </contact>

    </dataset>

    <additionalMetadata>
        <metadata>
            <gbif>
                <dateStamp>2023-07-05T19:31:32Z</dateStamp>
                <citation identifier="10.15468/dl.mpbgqg">GBIF Occurrence Download 10.15468/dl.mpbgqg</citation>
                    <physical>
                        <objectName>Darwin Core Archive</objectName>
                        <characterEncoding>UTF-8</characterEncoding>
                        <dataFormat>
                            <externallyDefinedFormat>
                                <formatName>Darwin Core Archive</formatName>
                            </externallyDefinedFormat>
                        </dataFormat>
                        <distribution>
                            <online>
                                <url function="download">https://api.gbif.org/v1/occurrence/download/request/0066021-230530130749713.zip</url>
                            </online>
                        </distribution>
                    </physical>
            </gbif>
        </metadata>
    </additionalMetadata>

</eml:eml>
