<?xml version="1.0" encoding="utf-8"?>
<eml:eml xmlns:eml="eml://ecoinformatics.org/eml-2.1.1" xmlns:xsi="http://www.w3.org/2001/XMLSchema-instance"
         xsi:schemaLocation="eml://ecoinformatics.org/eml-2.1.1 http://rs.gbif.org/schema/eml-gbif-profile/1.2/eml.xsd"
packageId="0a5eec5f-ea21-4c00-b55a-9e5a5d336c3c"  system="http://gbif.org" scope="system"
xml:lang="en">

    <dataset>
            <alternateIdentifier>10.15468/hdwj5g</alternateIdentifier>
                <alternateIdentifier>0a5eec5f-ea21-4c00-b55a-9e5a5d336c3c</alternateIdentifier>
                <alternateIdentifier>https://ipt.taibif.tw/resource?r=baro_herbarium</alternateIdentifier>
        <title>BARO Herbarium, The M.S University of Baroda</title>
            <creator>
            <individualName>
<givenName>Padamnabhi</givenName>                    <surName>Nagar</surName>
            </individualName>
<organizationName>The Maharaja Sayajirao University of Baroda</organizationName><positionName>Associate Professor(CAS) and Custodian steward</positionName>            <address>
<deliveryPoint>Municipal Shopping Centre, 32, Aurobindo Ghosh Rd, Opp. Pravasi Gruh, Near Railway Station, Sayajiganj, Vadodara, Gujarat 390002</deliveryPoint><city>Vadodara</city><administrativeArea>Gujarat</administrativeArea><postalCode>390002</postalCode><country>INDIA</country>            </address>
<electronicMailAddress>padamnabhi.nagar-botany@msubaroda.ac.in</electronicMailAddress>            </creator>
            <creator>
            <individualName>
<givenName>Vinay</givenName>                    <surName>Raole</surName>
            </individualName>
<organizationName>The Maharaja Sayajirao University of Baroda</organizationName><positionName>Incharge BARO Herbarium and Professor (CAS)</positionName>            <address>
<deliveryPoint>Municipal Shopping Centre, 32, Aurobindo Ghosh Rd, Opp. Pravasi Gruh, Near Railway Station, Sayajiganj, Vadodara, Gujarat 390002</deliveryPoint><city>Vadodara</city><administrativeArea>Gujarat</administrativeArea><postalCode>390002</postalCode><country>INDIA</country>            </address>
<electronicMailAddress>vinay.raole-botany@msubaroda.ac.in</electronicMailAddress>            </creator>
            <creator>
            <individualName>
<givenName>Dharmendra</givenName>                    <surName>Shah</surName>
            </individualName>
<organizationName>The Maharaja Sayajirao University of Baroda</organizationName><positionName>Curator of BARO Herbarium and Associate Professor</positionName>            <address>
<deliveryPoint>Municipal Shopping Centre, 32, Aurobindo Ghosh Rd, Opp. Pravasi Gruh, Near Railway Station, Sayajiganj, Vadodara, Gujarat 390002</deliveryPoint><city>Vadodara</city><administrativeArea>Gujarat</administrativeArea><postalCode>390002</postalCode><country>INDIA</country>            </address>
<electronicMailAddress>baro.herbarium-botany@msubaroda.ac.in</electronicMailAddress>            </creator>
            <creator>
            <individualName>
<givenName>Julien</givenName>                    <surName>Andrieu</surName>
            </individualName>
<organizationName>IFP</organizationName><positionName>Principal investigator</positionName>            <address>
<deliveryPoint>11, saint Louis street Pondicherry 605001</deliveryPoint><city>Pondicherry</city><administrativeArea>Pondicherry</administrativeArea><postalCode>605001</postalCode><country>INDIA</country>            </address>
<electronicMailAddress>julien.andrieu@ifpindia.org</electronicMailAddress>            </creator>
            <creator>
            <individualName>
<givenName>Riya</givenName>                    <surName>Engineer</surName>
            </individualName>
<organizationName>The Maharaja Sayajirao University of Baroda</organizationName><positionName>Research Scholar</positionName>            <address>
<deliveryPoint>Municipal Shopping Centre, 32, Aurobindo Ghosh Rd, Opp. Pravasi Gruh, Near Railway Station, Sayajiganj, Vadodara, Gujarat 390002</deliveryPoint><city>Vadodara</city><administrativeArea>Gujarat</administrativeArea><postalCode>390002</postalCode><country>INDIA</country>            </address>
<electronicMailAddress>baro.herbarium-botany@msubaroda.ac.in</electronicMailAddress>            </creator>
            <creator>
            <individualName>
<givenName>Krishna</givenName>                    <surName>Rajput</surName>
            </individualName>
<organizationName>The Maharaja Sayajirao University of Baroda</organizationName><positionName>Research Scholar</positionName>            <address>
<deliveryPoint>Municipal Shopping Centre, 32, Aurobindo Ghosh Rd, Opp. Pravasi Gruh, Near Railway Station, Sayajiganj, Vadodara, Gujarat 390002</deliveryPoint><city>Vadodara</city><administrativeArea>Gujarat</administrativeArea><postalCode>390002</postalCode><country>INDIA</country>            </address>
<electronicMailAddress>baro.herbarium-botany@msubaroda.ac.in</electronicMailAddress>            </creator>
            <metadataProvider>
            <individualName>
<givenName>Riya</givenName>                    <surName>Engineer</surName>
            </individualName>
<organizationName>The Maharaja Sayajirao University of Baroda</organizationName><positionName>Research Scholar</positionName>            <address>
<deliveryPoint>Municipal Shopping Centre, 32, Aurobindo Ghosh Rd, Opp. Pravasi Gruh, Near Railway Station, Sayajiganj, Vadodara, Gujarat 390002</deliveryPoint><city>Vadodara</city><administrativeArea>Gujarat</administrativeArea><postalCode>390002</postalCode><country>INDIA</country>            </address>
<electronicMailAddress>baro.herbarium-botany@msubaroda.ac.in</electronicMailAddress>            </metadataProvider>
            <metadataProvider>
            <individualName>
<givenName>Julien</givenName>                    <surName>Andrieu</surName>
            </individualName>
<organizationName>IFP</organizationName><positionName>Principal investigator</positionName>            <address>
<deliveryPoint>11, saint Louis street Pondicherry 605001</deliveryPoint><city>Pondicherry</city><administrativeArea>Pondicherry</administrativeArea><postalCode>605001</postalCode><country>INDIA</country>            </address>
<electronicMailAddress>julien.andrieu@ifpindia.org</electronicMailAddress>            </metadataProvider>
            <associatedParty>
            <individualName>
<givenName>Julien</givenName>                    <surName>Andrieu</surName>
            </individualName>
<organizationName>IFP</organizationName><positionName>Principal investigator</positionName>            <address>
<deliveryPoint>11, saint Louis street Pondicherry 605001</deliveryPoint><city>Pondicherry</city><administrativeArea>Pondicherry</administrativeArea><postalCode>605001</postalCode><country>INDIA</country>            </address>
<electronicMailAddress>julien.andrieu@ifpindia.org</electronicMailAddress>            <role>PRINCIPAL_INVESTIGATOR</role>
            </associatedParty>
            <pubDate>
                2023-04-27
            </pubDate>
        <language>ENGLISH</language>
            <abstract>
                    <para>This dataset represents the occurrence of plant species corresponding to the collection of BARO herbarium. The collection comprises of various specimens across the plant kingdom including Pteridophytes, Gymnosperms and mainly Angiosperms.</para>
            </abstract>
                <keywordSet>
                        <keyword>Occurrence</keyword>
                        <keywordThesaurus>GBIF Dataset Type Vocabulary: http://rs.gbif.org/vocabulary/gbif/dataset_type_2015-07-10.xml</keywordThesaurus>
                </keywordSet>
                <keywordSet>
                        <keyword>Specimen</keyword>
                        <keywordThesaurus>GBIF Dataset Subtype Vocabulary: http://rs.gbif.org/vocabulary/gbif/dataset_subtype.xml</keywordThesaurus>
                </keywordSet>
            <intellectualRights>
                    <para>This work is licensed under a <ulink url="http://creativecommons.org/licenses/by/4.0/legalcode"><citetitle>Creative Commons Attribution (CC-BY) 4.0 License</citetitle></ulink>.</para>
            </intellectualRights>
            <coverage>
                    <geographicCoverage>
                            <geographicDescription>The occurrences in the dataset are from India, few from USA and Ceylon but mainly from the western Ghats of India.</geographicDescription>
                            <boundingCoordinates>
                                <westBoundingCoordinate>-180</westBoundingCoordinate>
                                <eastBoundingCoordinate>180</eastBoundingCoordinate>
                                <northBoundingCoordinate>90</northBoundingCoordinate>
                                <southBoundingCoordinate>-90</southBoundingCoordinate>
                            </boundingCoordinates>
                    </geographicCoverage>
                    <temporalCoverage>
                            <rangeOfDates>
                                <beginDate>
                                    <calendarDate>                1892-02-04
</calendarDate>
                                </beginDate>
                                <endDate>
                                    <calendarDate>                2018-12-28
</calendarDate>
                                </endDate>
                            </rangeOfDates>
                    </temporalCoverage>
                        <taxonomicCoverage>
                                <generalTaxonomicCoverage>All vascular plants were identified to family, genus or species level.</generalTaxonomicCoverage>
                                <taxonomicClassification>
                                        <taxonRankName>Kingdom</taxonRankName>
                                    <taxonRankValue>Plantae</taxonRankValue>
                                        <commonName>Plants</commonName>
                                </taxonomicClassification>
                        </taxonomicCoverage>
            </coverage>
            <maintenance>
                <description>
                    <para></para>
                </description>
                <maintenanceUpdateFrequency>unkown</maintenanceUpdateFrequency>
            </maintenance>
            <contact>
            <individualName>
<givenName>Dr.Padamnabhi</givenName>                    <surName>Nagar</surName>
            </individualName>
<organizationName>The Maharaja Sayajirao University of Baroda</organizationName><positionName>Associate Professor(CAS) and Custodian steward</positionName>            <address>
<deliveryPoint>Municipal Shopping Centre, 32, Aurobindo Ghosh Rd, Opp. Pravasi Gruh, Near Railway Station, Sayajiganj, Vadodara, Gujarat 390002</deliveryPoint><city>Vadodara</city><administrativeArea>Gujarat</administrativeArea><postalCode>390002</postalCode><country>INDIA</country>            </address>
<electronicMailAddress>padamnabhi.nagar-botany@msubaroda.ac.in</electronicMailAddress>            </contact>
            <contact>
            <individualName>
<givenName>Prof. Vinay</givenName>                    <surName>Raole</surName>
            </individualName>
<organizationName>The Maharaja Sayajirao University of Baroda</organizationName><positionName>Incharge BARO Herbarium and Professor(CAS)</positionName>            <address>
<deliveryPoint>Municipal Shopping Centre, 32, Aurobindo Ghosh Rd, Opp. Pravasi Gruh, Near Railway Station, Sayajiganj, Vadodara, Gujarat 390002</deliveryPoint><city>Vadodara</city><administrativeArea>Gujarat</administrativeArea><postalCode>390002</postalCode><country>INDIA</country>            </address>
<electronicMailAddress>vinay.raole-botany@msubaroda.ac.in</electronicMailAddress>            </contact>
            <contact>
            <individualName>
<givenName>Dr.Dharmendra</givenName>                    <surName>Shah</surName>
            </individualName>
<organizationName>The Maharaja Sayajirao University of Baroda</organizationName><positionName>Curator of BARO Herbarium and Associate Professor</positionName>            <address>
<deliveryPoint>Municipal Shopping Centre, 32, Aurobindo Ghosh Rd, Opp. Pravasi Gruh, Near Railway Station, Sayajiganj, Vadodara, Gujarat 390002</deliveryPoint><city>Vadodara</city><administrativeArea>Gujarat</administrativeArea><postalCode>390002</postalCode><country>INDIA</country>            </address>
<electronicMailAddress>baro.herbarium-botany@msubaroda.ac.in</electronicMailAddress>            </contact>
            <contact>
            <individualName>
<givenName>Dr.Kishore</givenName>                    <surName>Rajput</surName>
            </individualName>
<organizationName>The Maharaja Sayajirao University of Baroda</organizationName><positionName>Associate Professor(CAS)</positionName>            <address>
<deliveryPoint>Municipal Shopping Centre, 32, Aurobindo Ghosh Rd, Opp. Pravasi Gruh, Near Railway Station, Sayajiganj, Vadodara, Gujarat 390002</deliveryPoint><city>Vadodara</city><administrativeArea>Gujarat</administrativeArea><postalCode>390002</postalCode><country>INDIA</country>            </address>
<electronicMailAddress>ksrajput-botany@msubaroda.ac.in</electronicMailAddress>            </contact>
            <contact>
            <individualName>
<givenName>Riya</givenName>                    <surName>Engineer</surName>
            </individualName>
<organizationName>The Maharaja Sayajirao University of Baroda</organizationName><positionName>Research Scholar</positionName>            <address>
<deliveryPoint>Municipal Shopping Centre, 32, Aurobindo Ghosh Rd, Opp. Pravasi Gruh, Near Railway Station, Sayajiganj, Vadodara, Gujarat 390002</deliveryPoint><city>Vadodara</city><administrativeArea>Gujarat</administrativeArea><postalCode>390002</postalCode><country>INDIA</country>            </address>
<electronicMailAddress>baro.herbarium-botany@msubaroda.ac.in</electronicMailAddress>            </contact>
            <contact>
            <individualName>
<givenName>Krishna</givenName>                    <surName>Rajput</surName>
            </individualName>
<organizationName>The Maharaja Sayajirao University of Baroda</organizationName><positionName>Research Scholar</positionName>            <address>
<deliveryPoint>Municipal Shopping Centre, 32, Aurobindo Ghosh Rd, Opp. Pravasi Gruh, Near Railway Station, Sayajiganj, Vadodara, Gujarat 390002</deliveryPoint><city>Vadodara</city><administrativeArea>Gujarat</administrativeArea><postalCode>390002</postalCode><country>INDIA</country>            </address>
<electronicMailAddress>baro.herbarium-botany@msubaroda.ac.in</electronicMailAddress>            </contact>
            <contact>
            <individualName>
<givenName>Mr.Roshan</givenName>                    <surName>Parmar</surName>
            </individualName>
<organizationName>The Maharaja Sayajirao University of Baroda</organizationName><positionName>Research Scholar</positionName>            <address>
<deliveryPoint>Municipal Shopping Centre, 32, Aurobindo Ghosh Rd, Opp. Pravasi Gruh, Near Railway Station, Sayajiganj, Vadodara, Gujarat 390002</deliveryPoint><city>Vadodara</city><administrativeArea>Gujarat</administrativeArea><postalCode>390002</postalCode><country>INDIA</country>            </address>
<electronicMailAddress>baro.herbarium-botany@msubaroda.ac.in</electronicMailAddress>            </contact>
            <contact>
            <individualName>
<givenName>Mrs. Aaradhna</givenName>                    <surName>Pandey</surName>
            </individualName>
<organizationName>The Maharaja Sayajirao University of Baroda</organizationName><positionName>Research Scholar</positionName>            <address>
<deliveryPoint>Municipal Shopping Centre, 32, Aurobindo Ghosh Rd, Opp. Pravasi Gruh, Near Railway Station, Sayajiganj, Vadodara, Gujarat 390002</deliveryPoint><city>Vadodara</city><administrativeArea>Gujarat</administrativeArea><postalCode>390002</postalCode><country>INDIA</country>            </address>
<electronicMailAddress>baro.herbarium-botany@msubaroda.ac.in</electronicMailAddress>            </contact>
            <methods>
                    <methodStep>
                        <description>
                            <para>1. Data capture: Manually typing the information from the herbarium sheets.
2. Image digitization: each sheet was scanned.
3. Geographical coordinates and inaccuracy in meters produced by &quot;Geolocate&quot;.
4. Data curation using Excel and OpenRefine.
5. Identification validated by the Gbif Backbone Taxonomy.
6. Dataset standardized and checked with the tool &quot;Data Validator&quot; of GBIF before publishing.</para>
                        </description>
                    </methodStep>
                    <sampling>
                        <studyExtent>
                            <description>
                                <para>India, mainly Western Ghats.</para>
                            </description>
                        </studyExtent>
                        <samplingDescription>
                            <para>The herbarium is a collection of botanical observations associated with sample collection and conservation. It has not been built with a precise sampling method but results instead of various methods put together.</para>
                        </samplingDescription>
                    </sampling>
                    <qualityControl>
                        <description>
                            <para>The identification has been realized and checked by trained botanists. The dataset has been curated as per Gbif recommendations.</para>
                        </description>
                    </qualityControl>
            </methods>

            <project id="BIFA6_015">
                <title>Filling data gaps with the natural history collections of the Western Ghats</title>
                    <personnel>
            <individualName>
<givenName>Dr.Padamnabhi</givenName>                    <surName>Nagar</surName>
            </individualName>
            <role>CUSTODIAN_STEWARD</role>
                    </personnel>
                    <personnel>
            <individualName>
<givenName>Julien</givenName>                    <surName>Andrieu</surName>
            </individualName>
            <role>PRINCIPAL_INVESTIGATOR</role>
                    </personnel>
                    <personnel>
            <individualName>
<givenName>Riya</givenName>                    <surName>Engineer</surName>
            </individualName>
            <role>METADATA_AUTHOR</role>
                    </personnel>
                    <personnel>
            <individualName>
<givenName>Krishna</givenName>                    <surName>Rajput</surName>
            </individualName>
            <role>CURATOR</role>
                    </personnel>
                <abstract>
                    <para>Western Ghats is a unique mountain ecosystem comprised of different tropical forest and grassland landscapes that harbour high levels of biological diversity and endemism. Scientists from both the French Institute of Pondicherry and the Maharaja Sayajirao University of Baroda have studied this global hotspot of biodiversity for decades, resulting in the collection of important data organized in as-yet inaccessible databases. The project team has curated and digitized herbarium specimens covering the whole of Western Ghats, producing a valuable asset for conservation science that serves as a precedent for other institutions to digitize and publish open data from their natural history collections.</para>
                </abstract>
                <funding>
                    <para>https://www.env.go.jp/en</para>
                </funding>
                    <studyAreaDescription>
                        <descriptor name="generic" citableClassificationSystem="false">
                            <descriptorValue>Study area covers whole of India, mainly Western Ghats.</descriptorValue>
                        </descriptor>
                    </studyAreaDescription>
                    <designDescription>
                        <description>
                            <para>The collection from the herbarium results from various sampling methods.</para>
                        </description>
                    </designDescription>
            </project>
    </dataset>

    <additionalMetadata>
        <metadata>
            <gbif>
                <dateStamp>2023-07-03T21:01:55Z</dateStamp>
                <citation>Nagar P, Raole V, Shah D, Andrieu J, Engineer R, Rajput K (2023). BARO Herbarium, The M.S University of Baroda. Version 1.7. BARO Herbarium, The Maharaja Sayajirao University of Baroda. Occurrence dataset https://doi.org/10.15468/hdwj5g accessed via GBIF.org on 2023-07-03.</citation>
                        <collection>
                            <parentCollectionIdentifier></parentCollectionIdentifier>
                            <collectionIdentifier></collectionIdentifier>
                            <collectionName>BARO Herbarium</collectionName>
                        </collection>
                        <specimenPreservationMethod>DRIED_AND_PRESSED</specimenPreservationMethod>
            </gbif>
        </metadata>
    </additionalMetadata>

</eml:eml>
