<?xml version="1.0" encoding="utf-8"?>
<eml:eml xmlns:eml="eml://ecoinformatics.org/eml-2.1.1" xmlns:xsi="http://www.w3.org/2001/XMLSchema-instance"
         xsi:schemaLocation="eml://ecoinformatics.org/eml-2.1.1 http://rs.gbif.org/schema/eml-gbif-profile/1.2/eml.xsd"
packageId="0afba960-be3b-4202-a7de-736ae05aec9e"  system="http://gbif.org" scope="system"
xml:lang="en">

    <dataset>
            <alternateIdentifier>10.15468/tnj8wm</alternateIdentifier>
        <title>University of Vienna, Institute for Botany - Herbarium WU</title>
            <associatedParty>
            <individualName>
                    <surName>Heimo Rainer</surName>
            </individualName>
            <address>
<deliveryPoint>Rennweg 14, A-1030 Vienna, Austria</deliveryPoint>            </address>
<phone>+43 (1) 4277-54171</phone><electronicMailAddress>heimo.rainer@univie.ac.at</electronicMailAddress>            <role>TECHNICAL_POINT_OF_CONTACT</role>
            </associatedParty>
        <language>en</language>
            <abstract>
                    <para>The Herbarium of the University of Vienna (Index Herbariorum Acronym WU) represents one of the largest collections of its kind being purely university bound and holds about 1.5 million objects. After the botanical collections of the Austrian empire in Vienna were transferred to the Natural History Museum of Vienna a university herbarium was initiated de novo by Prof. A. Kerner von Marilaun director of the botanical institute in 1879. Collections cover all groups of organisms curated traditionally at botanical institutes from plants, algae, lichens to fungi worldwide.</para>
            </abstract>
            <intellectualRights>
                    <para>This work is licensed under a <ulink url="http://creativecommons.org/licenses/by/4.0/legalcode"><citetitle>Creative Commons Attribution (CC-BY) 4.0 License</citetitle></ulink>.</para>
            </intellectualRights>
            <distribution scope="document">
                <online>
                    <url function="information">http://herbarium.univie.ac.at</url>
                </online>
            </distribution>
            <contact>
            <individualName>
                    <surName>Hermann Voglmayr</surName>
            </individualName>
            <address>
<deliveryPoint>Rennweg 14, A-1030 Vienna, Austria / Europe</deliveryPoint>            </address>
<phone>+43 (1) 4277-54170</phone><electronicMailAddress>hermann.voglmar@univie.ac.at</electronicMailAddress>            </contact>

    </dataset>

    <additionalMetadata>
        <metadata>
            <gbif>
                <dateStamp>2023-07-03T21:01:55Z</dateStamp>
                <citation>University of Vienna - Herbarium WU. University of Vienna, Institute for Botany - Herbarium WU. Occurrence dataset https://doi.org/10.15468/tnj8wm accessed via GBIF.org on 2023-07-03.</citation>
                    <resourceLogoUrl>http://www.univie.ac.at/fileadmin/templates/Startseite/assets/uni_logo-b52bc1dc617b2e562245c656857f1a0e.png</resourceLogoUrl>
            </gbif>
        </metadata>
    </additionalMetadata>

</eml:eml>
