<?xml version="1.0" encoding="utf-8"?>
<eml:eml xmlns:eml="eml://ecoinformatics.org/eml-2.1.1" xmlns:xsi="http://www.w3.org/2001/XMLSchema-instance"
         xsi:schemaLocation="eml://ecoinformatics.org/eml-2.1.1 http://rs.gbif.org/schema/eml-gbif-profile/1.2/eml.xsd"
packageId="0f99f0f9-e32a-4deb-ad51-4e729dc9f274"  system="http://gbif.org" scope="system"
xml:lang="en">

    <dataset>
            <alternateIdentifier>10.15468/k485f5</alternateIdentifier>
                <alternateIdentifier>0f99f0f9-e32a-4deb-ad51-4e729dc9f274</alternateIdentifier>
                <alternateIdentifier>http://gbif-chile.mma.gob.cl/ipt/resource?r=pucv_herbarium</alternateIdentifier>
        <title>Vascular flora from the PUCV Herbarium</title>
            <creator>
            <individualName>
<givenName>Francisco</givenName>                    <surName>Fonturbel</surName>
            </individualName>
<organizationName>Pontificia Universidad Católica de Valparaíso</organizationName><positionName>Adjunct professor</positionName>            <address>
<deliveryPoint>Av. Universidad 330</deliveryPoint><city>Valparaíso</city><administrativeArea>Valparaíso</administrativeArea><postalCode>2373223</postalCode><country>CHILE</country>            </address>
<electronicMailAddress>francisco.fonturbel@pucv.cl</electronicMailAddress><onlineUrl>https://sites.google.com/site/ecoevolutionary/home</onlineUrl>            <userId directory="http://orcid.org/">0000-0001-8585-2816</userId>
            </creator>
            <creator>
            <individualName>
<givenName>Manuel</givenName>                    <surName>Lopez-Aliste</surName>
            </individualName>
<organizationName>Pontificia Universidad Católica de Valparaíso</organizationName><positionName>Database technician</positionName>            <address>
<deliveryPoint>Av. Universidad 330</deliveryPoint><city>Valparaíso</city><administrativeArea>Valparaíso</administrativeArea><postalCode>2373223</postalCode><country>CHILE</country>            </address>
<electronicMailAddress>lopezalistemanuel@gmail.com</electronicMailAddress>            <userId directory="http://orcid.org/">0000-0002-8791-8599</userId>
            </creator>
            <creator>
            <individualName>
<givenName>Sebastian</givenName>                    <surName>Cordero</surName>
            </individualName>
<organizationName>Pontificia Universidad Católica de Valparaíso</organizationName><positionName>Aggregate professor</positionName>            <address>
<deliveryPoint>Av. Universidad 330</deliveryPoint><city>Valparaíso</city><administrativeArea>Valparaíso</administrativeArea><postalCode>2373223</postalCode><country>CHILE</country>            </address>
<electronicMailAddress>sebastian.cordero@pucv.cl</electronicMailAddress>            <userId directory="http://orcid.org/">0000-0003-0128-3092</userId>
            </creator>
            <creator>
            <individualName>
<givenName>Francisca</givenName>                    <surName>Gálvez</surName>
            </individualName>
<organizationName>Pontificia Universidad Católica de Valparaíso</organizationName><positionName>Aggregate professor</positionName>            <address>
<deliveryPoint>Av. Universidad 330</deliveryPoint><city>Valparaíso</city><administrativeArea>Valparaíso</administrativeArea><postalCode>2373223</postalCode><country>CHILE</country>            </address>
<electronicMailAddress>francisca.galvez@pucv.cl</electronicMailAddress>            <userId directory="http://orcid.org/">0000-0003-1464-8513</userId>
            </creator>
            <metadataProvider>
            <individualName>
<givenName>Francisco</givenName>                    <surName>Fonturbel</surName>
            </individualName>
<organizationName>Pontificia Universidad Católica de Valparaíso</organizationName><positionName>Adjunct professor</positionName>            <address>
<deliveryPoint>Av. Universidad 330</deliveryPoint><city>Valparaíso</city><administrativeArea>Valparaíso</administrativeArea><postalCode>2373223</postalCode><country>CHILE</country>            </address>
<electronicMailAddress>francisco.fonturbel@pucv.cl</electronicMailAddress><onlineUrl>https://sites.google.com/site/ecoevolutionary/home</onlineUrl>            <userId directory="http://orcid.org/">0000-0001-8585-2816</userId>
            </metadataProvider>
            <metadataProvider>
            <individualName>
<givenName>Manuel</givenName>                    <surName>Lopez-Aliste</surName>
            </individualName>
<organizationName>Pontificia Universidad Católica de Valparaíso</organizationName><positionName>Database technician</positionName>            <address>
<deliveryPoint>Av. Universidad 330</deliveryPoint><city>Valparaíso</city><administrativeArea>Valparaíso</administrativeArea><postalCode>2373223</postalCode><country>CHILE</country>            </address>
<electronicMailAddress>lopezalistemanuel@gmail.com</electronicMailAddress>            <userId directory="http://orcid.org/">0000-0002-8791-8599</userId>
            </metadataProvider>
            <metadataProvider>
            <individualName>
<givenName>Sebastian</givenName>                    <surName>Cordero</surName>
            </individualName>
<organizationName>Pontificia Universidad Católica de Valparaíso</organizationName><positionName>Aggregate professor</positionName>            <address>
<deliveryPoint>Av. Universidad 330</deliveryPoint><city>Valparaíso</city><administrativeArea>Valparaíso</administrativeArea><postalCode>2373223</postalCode><country>CHILE</country>            </address>
<electronicMailAddress>sebastian.cordero@pucv.cl</electronicMailAddress>            <userId directory="http://orcid.org/">0000-0003-0128-3092</userId>
            </metadataProvider>
            <metadataProvider>
            <individualName>
<givenName>Francisca</givenName>                    <surName>Gálvez</surName>
            </individualName>
<organizationName>Pontificia Universidad Católica de Valparaíso</organizationName><positionName>Aggregate professor</positionName>            <address>
<deliveryPoint>Av. Universidad 330</deliveryPoint><city>Valparaíso</city><administrativeArea>Valparaíso</administrativeArea><postalCode>2373223</postalCode><country>CHILE</country>            </address>
<electronicMailAddress>francisca.galvez@pucv.cl</electronicMailAddress>            <userId directory="http://orcid.org/">0000-0003-1464-8513</userId>
            </metadataProvider>
            <associatedParty>
            <individualName>
<givenName>Francisco</givenName>                    <surName>Fonturbel</surName>
            </individualName>
<organizationName>Pontificia Universidad Católica de Valparaíso</organizationName><positionName>Adjunct professor</positionName>            <address>
<deliveryPoint>Av. Universidad 330</deliveryPoint><city>Valparaíso</city><administrativeArea>Valparaíso</administrativeArea><postalCode>2373223</postalCode><country>CHILE</country>            </address>
<electronicMailAddress>francisco.fonturbel@pucv.cl</electronicMailAddress><onlineUrl>https://sites.google.com/site/ecoevolutionary/home</onlineUrl>            <userId directory="http://orcid.org/">0000-0001-8585-2816</userId>
            <role>PRINCIPAL_INVESTIGATOR</role>
            </associatedParty>
            <associatedParty>
            <individualName>
<givenName>Manuel</givenName>                    <surName>Lopez-Aliste</surName>
            </individualName>
<organizationName>Pontificia Universidad Católica de Valparaíso</organizationName><positionName>Database technician</positionName>            <address>
<deliveryPoint>Av. Universidad 330</deliveryPoint><city>Valparaíso</city><administrativeArea>Valparaíso</administrativeArea><postalCode>2373223</postalCode><country>CHILE</country>            </address>
<electronicMailAddress>lopezalistemanuel@gmail.com</electronicMailAddress>            <userId directory="http://orcid.org/">0000-0002-8791-8599</userId>
            <role>AUTHOR</role>
            </associatedParty>
            <associatedParty>
            <individualName>
<givenName>Sebastian</givenName>                    <surName>Cordero</surName>
            </individualName>
<organizationName>Pontificia Universidad Católica de Valparaíso</organizationName><positionName>Aggregate professor</positionName>            <address>
<deliveryPoint>Av. Universidad 330</deliveryPoint><city>Valparaíso</city><administrativeArea>Valparaíso</administrativeArea><postalCode>2373223</postalCode><country>CHILE</country>            </address>
<electronicMailAddress>sebastian.cordero@pucv.cl</electronicMailAddress>            <userId directory="http://orcid.org/">0000-0003-0128-3092</userId>
            <role>CURATOR</role>
            </associatedParty>
            <associatedParty>
            <individualName>
<givenName>Francisca</givenName>                    <surName>Gálvez</surName>
            </individualName>
<organizationName>Pontificia Universidad Católica de Valparaíso</organizationName><positionName>Aggregate professor</positionName>            <address>
<deliveryPoint>Av. Universidad 330</deliveryPoint><city>Valparaíso</city><administrativeArea>Valparaíso</administrativeArea><postalCode>2373223</postalCode><country>CHILE</country>            </address>
<electronicMailAddress>francisca.galvez@pucv.cl</electronicMailAddress>            <userId directory="http://orcid.org/">0000-0003-1464-8513</userId>
            <role>REVIEWER</role>
            </associatedParty>
            <pubDate>
                2022-09-20
            </pubDate>
        <language>ENGLISH</language>
            <abstract>
                    <para>This database gathers 10,721 specimens from vascular flora (angiosperms, gymnosperms, and pteridophytes) deposited in the Herbarium of the Pontificia Universidad Católica de Valparaíso (PUCV) en Chile. This botanical collection was started by the renowned botanist Otto Zöllner and represents a major natural history legacy for Central Chile, with decades of information represented through preserved specimens. This collection is currently deposited in the Curauma campus of the PUCV.
This digitization effort is part of the PUCV to mobilize its biological collections and make them freely available through GBIF, encouraging national and international researchers to generate new knowledge based on this invaluable heritage, which is a silent witness of the vast plant diversity that once existed in Chile and that is now vanishing due to anthropogenic drivers.</para>
            </abstract>
                <keywordSet>
                        <keyword>Occurrence</keyword>
                        <keywordThesaurus>GBIF Dataset Type Vocabulary: http://rs.gbif.org/vocabulary/gbif/dataset_type_2015-07-10.xml</keywordThesaurus>
                </keywordSet>
                <keywordSet>
                        <keyword>Specimen</keyword>
                        <keywordThesaurus>GBIF Dataset Subtype Vocabulary: http://rs.gbif.org/vocabulary/gbif/dataset_subtype.xml</keywordThesaurus>
                </keywordSet>
            <intellectualRights>
                    <para>This work is licensed under a <ulink url="http://creativecommons.org/licenses/by-nc/4.0/legalcode"><citetitle>Creative Commons Attribution Non Commercial (CC-BY-NC) 4.0 License</citetitle></ulink>.</para>
            </intellectualRights>
            <coverage>
                    <geographicCoverage>
                            <geographicDescription>This dataset contains preserved plant specimens from Chile and other countries.</geographicDescription>
                            <boundingCoordinates>
                                <westBoundingCoordinate>-82.969</westBoundingCoordinate>
                                <eastBoundingCoordinate>-60.469</eastBoundingCoordinate>
                                <northBoundingCoordinate>-5.616</northBoundingCoordinate>
                                <southBoundingCoordinate>-57.327</southBoundingCoordinate>
                            </boundingCoordinates>
                    </geographicCoverage>
                    <temporalCoverage>
                            <rangeOfDates>
                                <beginDate>
                                    <calendarDate>                1900-01-01
</calendarDate>
                                </beginDate>
                                <endDate>
                                    <calendarDate>                2019-12-31
</calendarDate>
                                </endDate>
                            </rangeOfDates>
                    </temporalCoverage>
                        <taxonomicCoverage>
                                <generalTaxonomicCoverage>This database contains data on angiosperms, gymnosperms, and pteridophytes</generalTaxonomicCoverage>
                                <taxonomicClassification>
                                        <taxonRankName>Kingdom</taxonRankName>
                                    <taxonRankValue>Plantae</taxonRankValue>
                                </taxonomicClassification>
                                <taxonomicClassification>
                                        <taxonRankName>Phylum</taxonRankName>
                                    <taxonRankValue>Tracheophyta</taxonRankValue>
                                </taxonomicClassification>
                        </taxonomicCoverage>
            </coverage>
            <maintenance>
                <description>
                    <para></para>
                </description>
                <maintenanceUpdateFrequency>irregular</maintenanceUpdateFrequency>
            </maintenance>
            <contact>
            <individualName>
<givenName>Francisco</givenName>                    <surName>Fonturbel</surName>
            </individualName>
<organizationName>Pontificia Universidad Católica de Valparaíso</organizationName><positionName>Adjunct professor</positionName>            <address>
<deliveryPoint>Av. Universidad 330</deliveryPoint><city>Valparaíso</city><administrativeArea>Valparaíso</administrativeArea><postalCode>2373223</postalCode><country>CHILE</country>            </address>
<electronicMailAddress>francisco.fonturbel@pucv.cl</electronicMailAddress><onlineUrl>https://sites.google.com/site/ecoevolutionary/home</onlineUrl>            <userId directory="http://orcid.org/">0000-0001-8585-2816</userId>
            </contact>
            <methods>
                    <methodStep>
                        <description>
                            <para>Database curation and check for taxonomy and accuracy.</para>
                        </description>
                    </methodStep>
                    <sampling>
                        <studyExtent>
                            <description>
                                <para>This database contains the specimens recorded in the Herbarium collection held at the Pontificia Universidad Catolica de Valparaiso. This collection is the result of &gt;50 years of work, initiated by Prof. Otto Zöllner and continued by many professors and students.</para>
                            </description>
                        </studyExtent>
                        <samplingDescription>
                            <para>Plant samples collected throughout Chile, dried and preserved at the herbarium collection.</para>
                        </samplingDescription>
                    </sampling>
                    <qualityControl>
                        <description>
                            <para>Taxonomy updated with Taxon Match.</para>
                        </description>
                    </qualityControl>
            </methods>

            <project id="PUCV_herbarium">
                <title>Vascular flora from the PUCV Herbarium</title>
                    <personnel>
            <individualName>
<givenName>Francisco</givenName>                    <surName>Fonturbel</surName>
            </individualName>
            <userId directory="http://orcid.org/">0000-0001-8585-2816</userId>
            <role>PRINCIPAL_INVESTIGATOR</role>
                    </personnel>
                    <personnel>
            <individualName>
<givenName>Sebastian</givenName>                    <surName>Cordero</surName>
            </individualName>
            <userId directory="http://orcid.org/">0000-0003-0128-3092</userId>
            <role>CURATOR</role>
                    </personnel>
                    <personnel>
            <individualName>
<givenName>Manuel</givenName>                    <surName>Lopez-Aliste</surName>
            </individualName>
            <userId directory="http://orcid.org/">0000-0002-8791-8599</userId>
            <role>AUTHOR</role>
                    </personnel>
                    <personnel>
            <individualName>
<givenName>Francisca</givenName>                    <surName>Gálvez</surName>
            </individualName>
            <userId directory="http://orcid.org/">0000-0003-1464-8513</userId>
            <role>REVIEWER</role>
                    </personnel>
                <abstract>
                    <para>Vascular flora from the PUCV Herbarium</para>
                </abstract>
                <funding>
                    <para>Pontificia Universidad Católica de Valparaíso</para>
                </funding>
            </project>
    </dataset>

    <additionalMetadata>
        <metadata>
            <gbif>
                <dateStamp>2023-07-03T21:01:58Z</dateStamp>
                <citation>Fonturbel F, Lopez-Aliste M, Cordero S, Gálvez F (2022). Vascular flora from the PUCV Herbarium. Version 1.5. Pontificia Universidad Católica de Valparaíso. Occurrence dataset https://doi.org/10.15468/k485f5 accessed via GBIF.org on 2023-07-03.</citation>
                    <resourceLogoUrl>http://gbif-chile.mma.gob.cl/ipt/logo.do?r=pucv_herbarium</resourceLogoUrl>
            </gbif>
        </metadata>
    </additionalMetadata>

</eml:eml>
