<?xml version="1.0" encoding="utf-8"?>
<eml:eml xmlns:eml="eml://ecoinformatics.org/eml-2.1.1" xmlns:xsi="http://www.w3.org/2001/XMLSchema-instance"
         xsi:schemaLocation="eml://ecoinformatics.org/eml-2.1.1 http://rs.gbif.org/schema/eml-gbif-profile/1.2/eml.xsd"
packageId="15e887a4-973c-4b84-b421-ca65584a4c75"  system="http://gbif.org" scope="system"
xml:lang="pt">

    <dataset>
            <alternateIdentifier>10.15468/gtxawd</alternateIdentifier>
                <alternateIdentifier>https://ipt.jbrj.gov.br/reflora/resource?r=ufrn_herbarium</alternateIdentifier>
                <alternateIdentifier>http://ipt.jbrj.gov.br/reflora/resource?r=ufrn_herbarium</alternateIdentifier>
                <alternateIdentifier>15e887a4-973c-4b84-b421-ca65584a4c75</alternateIdentifier>
        <title>UFRN herbarium - Universidade Federal do Rio Grande do Norte - Herbário Virtual REFLORA</title>
            <creator>
            <individualName>
<givenName>Leonardo de Melo</givenName>                    <surName>Versieux</surName>
            </individualName>
<organizationName>Universidade Federal do Rio Grande do Norte</organizationName><positionName>Curador</positionName>            <address>
<deliveryPoint>Herbário UFRN, CB, Dept. de Botânica e Zoologia</deliveryPoint><city>Natal</city><administrativeArea>Rio Grande do Norte</administrativeArea><postalCode>59078-970</postalCode><country>BRAZIL</country>            </address>
<phone>(84)3342-2298</phone><electronicMailAddress>herbarioufrn@gmail.com</electronicMailAddress><onlineUrl>http://www.botanica.org.br/buscar_herbario_pub.php?opcoes=sigla&amp;busca=ufrn&amp;result_por_pagi=5&amp;Buscar.x=0&amp;Buscar.y=0&amp;Buscar=Buscar</onlineUrl>            </creator>
            <metadataProvider>
            <individualName>
<givenName>Leonardo de Melo</givenName>                    <surName>Versieux</surName>
            </individualName>
<organizationName>Universidade Federal do Rio Grande do Norte</organizationName><positionName>Curador</positionName>            <address>
<deliveryPoint>Herbário UFRN, CB, Dept. de Botânica e Zoologia</deliveryPoint><city>Natal</city><administrativeArea>Rio Grande do Norte</administrativeArea><postalCode>59078-970</postalCode><country>BRAZIL</country>            </address>
<phone>(84)3342-2298</phone><electronicMailAddress>herbarioufrn@gmail.com</electronicMailAddress><onlineUrl>http://www.botanica.org.br/buscar_herbario_pub.php?opcoes=sigla&amp;busca=ufrn&amp;result_por_pagi=5&amp;Buscar.x=0&amp;Buscar.y=0&amp;Buscar=Buscar</onlineUrl>            </metadataProvider>
            <associatedParty>
            <individualName>
<givenName>Vitor</givenName>                    <surName>Monteiro</surName>
            </individualName>
<organizationName>Rio de Janeiro Botanic Garden</organizationName><positionName>REFLORA Felow</positionName>            <address>
<country>BRAZIL</country>            </address>
            <role>PROGRAMMER</role>
            </associatedParty>
            <associatedParty>
            <individualName>
<givenName>João</givenName>                    <surName>Lanna</surName>
            </individualName>
<organizationName>Jardim Botânico do Rio de Janeiro</organizationName><positionName>Data Manager</positionName>            <address>
<deliveryPoint>Rua Pacheco Leão - 915</deliveryPoint><city>Rio de Janeiro</city><administrativeArea>RJ</administrativeArea><country>BRAZIL</country>            </address>
<electronicMailAddress>joaomlanna@gmail.com</electronicMailAddress>            <role>CUSTODIAN_STEWARD</role>
            </associatedParty>
            <pubDate>
                2023-06-20
            </pubDate>
        <language>PORTUGUESE</language>
            <abstract>
                    <para>O herbário UFRN foi regulamentado pela resolução No 229/2012-CONSEPE/UFRN, de 20 de novembro de 2012. Histórico: O herbário UFRN, fundado em 1992 pelo Prof. Adalberto Trindade, é uma coleção científica de referência sobre a Flora Potiguar. Encontra-se registrado no Ministério do Meio Ambiente (instituição Fiel Depositária), no Index Herbariorum e tem seu acervo digital disponibilizado através da plataforma Reflora/Jabot do Inst. de Pesquisas Jardim Botânico do Rio de Janeiro. A importância e gerência dessa coleção excede o Dept. de Botânica e Zoologia (que o hospeda), sendo considerado como patrimônio de toda a UFRN. Atualmente, o herbário UFRN (indexado pelo acrônimo UFRN) possui um acervo de cerca de 26.000 espécimes, além de biblioteca própria. Esses registros podem ser consultados on-line em http://ufrn.jbrj.gov.br, onde toda a coleção está fotografada (digitalizada) e com os dados das amostras informatizados. Nossa missão: O herbário atende ao corpo docente da UFRN, e instituições de pesquisa externas, sendo o eixo do grupo de pesquisas do CNPq “Sistemática, Florística, Evolução e usos de Plantas Vasculares”. Sendo desenvolvidas atividades de ensino, pesquisa e extensão. Entre os projetos de destaque, citamos: Flora do Rio Grande do Norte, Inventário Florestal do RN e pesquisas específicas dentro das especialidades do staff.</para>
            </abstract>
                <keywordSet>
                        <keyword>Occurrence</keyword>
                        <keywordThesaurus>GBIF Dataset Type Vocabulary: http://rs.gbif.org/vocabulary/gbif/dataset_type.xml</keywordThesaurus>
                </keywordSet>
                <keywordSet>
                        <keyword>Specimen</keyword>
                        <keywordThesaurus>GBIF Dataset Subtype Vocabulary: http://rs.gbif.org/vocabulary/gbif/dataset_subtype.xml</keywordThesaurus>
                </keywordSet>
                <keywordSet>
                        <keyword>Occurrence</keyword>
                        <keywordThesaurus>GBIF Dataset Type Vocabulary: http://rs.gbif.org/vocabulary/gbif/dataset_type_2015-07-10.xml</keywordThesaurus>
                </keywordSet>
            <intellectualRights>
                    <para>This work is licensed under a <ulink url="http://creativecommons.org/licenses/by/4.0/legalcode"><citetitle>Creative Commons Attribution (CC-BY) 4.0 License</citetitle></ulink>.</para>
            </intellectualRights>
            <coverage>
                    <geographicCoverage>
                            <geographicDescription>Porção norte da caatinga e mata atlântica, com especial interesse nos estados do RN, CE, PB.</geographicDescription>
                            <boundingCoordinates>
                                <westBoundingCoordinate>-41.484</westBoundingCoordinate>
                                <eastBoundingCoordinate>-34.783</eastBoundingCoordinate>
                                <northBoundingCoordinate>-2.68</northBoundingCoordinate>
                                <southBoundingCoordinate>-8.342</southBoundingCoordinate>
                            </boundingCoordinates>
                    </geographicCoverage>
            </coverage>
            <maintenance>
                <description>
                    <para></para>
                </description>
                <maintenanceUpdateFrequency>monthly</maintenanceUpdateFrequency>
            </maintenance>
            <contact>
            <individualName>
<givenName>Leonardo de Melo</givenName>                    <surName>Versieux</surName>
            </individualName>
<organizationName>Universidade Federal do Rio Grande do Norte</organizationName><positionName>Curador</positionName>            <address>
<deliveryPoint>Herbário UFRN, CB, Dept. de Botânica e Zoologia</deliveryPoint><city>Natal</city><administrativeArea>Rio Grande do Norte</administrativeArea><postalCode>59078-970</postalCode><country>BRAZIL</country>            </address>
<phone>(84)3342-2298</phone><electronicMailAddress>herbarioufrn@gmail.com</electronicMailAddress><onlineUrl>http://www.botanica.org.br/buscar_herbario_pub.php?opcoes=sigla&amp;busca=ufrn&amp;result_por_pagi=5&amp;Buscar.x=0&amp;Buscar.y=0&amp;Buscar=Buscar</onlineUrl>            </contact>
            <contact>
            <individualName>
<givenName>Rafaela</givenName>                    <surName>Forzza</surName>
            </individualName>
<organizationName>Jardim Botânico do Rio de Janeiro</organizationName><positionName>Coordenadora Reflora</positionName>            <address>
<deliveryPoint>Rua Pacheco Leão 915</deliveryPoint><city>Rio de Janeiro</city><administrativeArea>RJ</administrativeArea><postalCode>22460-030</postalCode><country>BRAZIL</country>            </address>
<phone>+552132042082</phone><electronicMailAddress>reflora@jbrj.gov.br</electronicMailAddress>            </contact>
            <methods>
                    <methodStep>
                        <description>
                            <para>Step description</para>
                        </description>
                    </methodStep>
                    <qualityControl>
                        <description>
                            <para>O herbário UFRN está associado a um grupo de pesquisas do CNPq &quot;Sistemática, Florística e Evolução de plantas vasculares&quot; e atua nas frentes de ensino e pesquisa. Os pesquisadores buscam aprovar projetos de fomento e também parcerias com outras instituições, permitindo a troca de amostras e melhoria na qualidade das identificações. Atualmente, além de seguirmos indicadores de produção bibliográfica por docentes e discentes, o herbário também prioriza a vinda de especialistas que incrementem a qualidade dos seus dados através de identificações. Entre os projetos de destaque, temos a parceria com IPJBRJ através do Reflora e com o Serviço Florestal Brasileiro, que permitiram a total tomada de fotografias digitais de toda a coleção, parceria com a direção do Centro de Biociências da UFRN que disponibiliza um bolsista de apoio técnico.</para>
                        </description>
                    </qualityControl>
            </methods>

    </dataset>

    <additionalMetadata>
        <metadata>
            <gbif>
                <dateStamp>2023-07-03T21:02:01Z</dateStamp>
                <citation>Versieux L D M (2023). UFRN herbarium - Universidade Federal do Rio Grande do Norte - Herbário Virtual REFLORA. Version 1.195. Instituto de Pesquisas Jardim Botanico do Rio de Janeiro. Occurrence dataset https://doi.org/10.15468/gtxawd accessed via GBIF.org on 2023-07-03.</citation>
                    <resourceLogoUrl>http://ipt.jbrj.gov.br/reflora/logo.do?r=ufrn_herbarium</resourceLogoUrl>
            </gbif>
        </metadata>
    </additionalMetadata>

</eml:eml>
