<?xml version="1.0" encoding="utf-8"?>
<eml:eml xmlns:eml="eml://ecoinformatics.org/eml-2.1.1" xmlns:xsi="http://www.w3.org/2001/XMLSchema-instance"
         xsi:schemaLocation="eml://ecoinformatics.org/eml-2.1.1 http://rs.gbif.org/schema/eml-gbif-profile/1.2/eml.xsd"
packageId="26098c25-8f7f-4c71-97ac-1d3db181c65e"  system="http://gbif.org" scope="system"
xml:lang="en">

    <dataset>
            <alternateIdentifier>10.15468/jb9tdf</alternateIdentifier>
                <alternateIdentifier>26098c25-8f7f-4c71-97ac-1d3db181c65e</alternateIdentifier>
                <alternateIdentifier>https://collections.nmnh.si.edu/ipt/resource?r=nmnh_material_sample</alternateIdentifier>
        <title>NMNH Material Samples (USNM)</title>
            <creator>
            <individualName>
<givenName>Thomas</givenName>                    <surName>Orrell</surName>
            </individualName>
<organizationName>National Museum of Natural History, Smithsonian Institution</organizationName><positionName>Deputy Director, Research Informatics Program</positionName>            <address>
<deliveryPoint>P.O. Box 37012, MRC 136</deliveryPoint><city>Washington</city><administrativeArea>DC</administrativeArea><postalCode>20013-7012</postalCode><country>UNITED_STATES</country>            </address>
<phone>202-633-2151</phone><electronicMailAddress>orrellt@si.edu</electronicMailAddress><onlineUrl>http://collections.nmnh.si.edu</onlineUrl>            <userId directory="https://orcid.org/">0000-0003-1038-3028</userId>
            </creator>
            <creator>
            <individualName>
                    <surName>Informatics and Data Science Center, Digital Stewardship Team</surName>
            </individualName>
<organizationName>National Museum of Natural History, Smithsonian Institution</organizationName><positionName>IPT Administrator</positionName>            <address>
<deliveryPoint>P.O. Box 37012, MRC 136</deliveryPoint><city>Washington</city><administrativeArea>DC</administrativeArea><postalCode>20013-7012</postalCode><country>UNITED_STATES</country>            </address>
<phone>202-633-0850</phone><electronicMailAddress>informaticshelp@si.edu</electronicMailAddress><onlineUrl>http://collections.nmnh.si.edu</onlineUrl>            </creator>
            <metadataProvider>
            <individualName>
<givenName>Thomas</givenName>                    <surName>Orrell</surName>
            </individualName>
<organizationName>National Museum of Natural History, Smithsonian Institution</organizationName><positionName>Deputy Director, Research Informatics Program</positionName>            <address>
<deliveryPoint>P.O. Box 37012, MRC 136</deliveryPoint><city>Washington</city><administrativeArea>DC</administrativeArea><postalCode>20013-7012</postalCode><country>UNITED_STATES</country>            </address>
<phone>202-633-2151</phone><electronicMailAddress>orrellt@si.edu</electronicMailAddress><onlineUrl>http://collections.nmnh.si.edu</onlineUrl>            <userId directory="https://orcid.org/">0000-0003-1038-3028</userId>
            </metadataProvider>
            <metadataProvider>
            <individualName>
                    <surName>Informatics and Data Science Center, Digital Stewardship Team</surName>
            </individualName>
<organizationName>National Museum of Natural History, Smithsonian Institution</organizationName><positionName>IPT Administrator</positionName>            <address>
<deliveryPoint>P.O. Box 37012, MRC 136</deliveryPoint><city>Washington</city><administrativeArea>DC</administrativeArea><postalCode>20013-7012</postalCode><country>UNITED_STATES</country>            </address>
<phone>202-633-0850</phone><electronicMailAddress>informaticshelp@si.edu</electronicMailAddress><onlineUrl>http://collections.nmnh.si.edu</onlineUrl>            </metadataProvider>
            <pubDate>
                2023-07-01
            </pubDate>
        <language>ENGLISH</language>
            <abstract>
                    <para>Genetic Sample data for GGBN and other users.</para>
            </abstract>
                <keywordSet>
                        <keyword>Genetic sample</keyword>
                        <keyword>Material sample</keyword>
                        <keyword>Environmental sample</keyword>
                        <keyword>DNA collections</keyword>
                        <keyword>Occurrence</keyword>
                        <keyword>Tissue collections</keyword>
                        <keywordThesaurus>GBIF Dataset Type Vocabulary: http://rs.gbif.org/vocabulary/gbif/dataset_type.xml</keywordThesaurus>
                </keywordSet>
                <keywordSet>
                        <keyword>Occurrence</keyword>
                        <keywordThesaurus>GBIF Dataset Type Vocabulary: http://rs.gbif.org/vocabulary/gbif/dataset_type_2015-07-10.xml</keywordThesaurus>
                </keywordSet>
            <additionalInfo>
                <para>While every effort is made to provide accurate information, use of these databases is entirely at your own risk. The National Museum of Natural History makes no warranty, either express or implied, regarding the completeness, accuracy, or currency of the information in the databases or its suitability for any particular purpose. Where the use of this data is critical to scientific investigation, scholarly publication, or policy decisions, the user is responsible for verifying identities and provenance against specimens and other primary data sources.</para>
            </additionalInfo>
            <intellectualRights>
                    <para>To the extent possible under law, the publisher has waived all rights to these data and has dedicated them to the <ulink url="http://creativecommons.org/publicdomain/zero/1.0/legalcode"><citetitle>Public Domain (CC0 1.0)</citetitle></ulink>. Users may copy, modify, distribute and use the work, including for commercial purposes, without restriction.</para>
            </intellectualRights>
            <distribution scope="document">
                <online>
                    <url function="information">http://collections.nmnh.si.edu</url>
                </online>
            </distribution>
            <coverage>
                    <geographicCoverage>
                            <geographicDescription>Global collections, National Museum of Natural History (USNM), Smithsonian Institution</geographicDescription>
                            <boundingCoordinates>
                                <westBoundingCoordinate>-180</westBoundingCoordinate>
                                <eastBoundingCoordinate>180</eastBoundingCoordinate>
                                <northBoundingCoordinate>90</northBoundingCoordinate>
                                <southBoundingCoordinate>-90</southBoundingCoordinate>
                            </boundingCoordinates>
                    </geographicCoverage>
                        <taxonomicCoverage>
                                <generalTaxonomicCoverage>Across all Phyla of Animals, Plants, and selected groups in other Kingdoms.</generalTaxonomicCoverage>
                                <taxonomicClassification>
                                        <taxonRankName>Kingdom</taxonRankName>
                                    <taxonRankValue>Animalia</taxonRankValue>
                                        <commonName>Animals</commonName>
                                </taxonomicClassification>
                                <taxonomicClassification>
                                        <taxonRankName>Kingdom</taxonRankName>
                                    <taxonRankValue>Plantae</taxonRankValue>
                                        <commonName>Plants</commonName>
                                </taxonomicClassification>
                        </taxonomicCoverage>
            </coverage>
            <maintenance>
                <description>
                    <para></para>
                </description>
                <maintenanceUpdateFrequency>monthly</maintenanceUpdateFrequency>
            </maintenance>
            <contact>
            <individualName>
<givenName>Thomas</givenName>                    <surName>Orrell</surName>
            </individualName>
<organizationName>National Museum of Natural History, Smithsonian Institution</organizationName><positionName>Deputy Director, Research Informatics Program</positionName>            <address>
<deliveryPoint>P.O. Box 37012, MRC 136</deliveryPoint><city>Washington</city><administrativeArea>DC</administrativeArea><postalCode>20013-7012</postalCode><country>UNITED_STATES</country>            </address>
<phone>202-633-2151</phone><electronicMailAddress>orrellt@si.edu</electronicMailAddress><onlineUrl>http://collections.nmnh.si.edu</onlineUrl>            <userId directory="https://orcid.org/">0000-0003-1038-3028</userId>
            </contact>
            <contact>
            <individualName>
                    <surName>Informatics and Data Science Center, Digital Stewardship Team</surName>
            </individualName>
<organizationName>National Museum of Natural History, Smithsonian Institution</organizationName><positionName>IPT Administrator</positionName>            <address>
<deliveryPoint>P.O. Box 37012, MRC 136</deliveryPoint><city>Washington</city><administrativeArea>DC</administrativeArea><postalCode>20013-7012</postalCode><country>UNITED_STATES</country>            </address>
<phone>202-633-0850</phone><electronicMailAddress>informaticshelp@si.edu</electronicMailAddress><onlineUrl>http://collections.nmnh.si.edu</onlineUrl>            </contact>

    </dataset>

    <additionalMetadata>
        <metadata>
            <gbif>
                <dateStamp>2023-07-03T21:02:08Z</dateStamp>
                <citation>Orrell T, Informatics and Data Science Center, Digital Stewardship Team (2023). NMNH Material Samples (USNM). Version 1.54. National Museum of Natural History, Smithsonian Institution. Occurrence dataset https://doi.org/10.15468/jb9tdf accessed via GBIF.org on 2023-07-03.</citation>
                    <resourceLogoUrl>http://logo.si.edu/wp-content/uploads/2014/08/NMNH.png</resourceLogoUrl>
                        <collection>
                            <parentCollectionIdentifier>http://grbio.org/cool/142r-0w94</parentCollectionIdentifier>
                            <collectionIdentifier>http://grbio.org/cool/i75d-97nn</collectionIdentifier>
                            <collectionName>Botany</collectionName>
                        </collection>
                        <collection>
                            <parentCollectionIdentifier>http://grbio.org/cool/142r-0w94</parentCollectionIdentifier>
                            <collectionIdentifier>http://grbio.org/cool/abck-1zsq</collectionIdentifier>
                            <collectionName>Invertebrate Zoology</collectionName>
                        </collection>
                        <collection>
                            <parentCollectionIdentifier>http://grbio.org/cool/142r-0w94</parentCollectionIdentifier>
                            <collectionIdentifier>http://grbio.org/cool/1wcv-afpg</collectionIdentifier>
                            <collectionName>Entomology</collectionName>
                        </collection>
                        <collection>
                            <parentCollectionIdentifier>http://grbio.org/cool/142r-0w94</parentCollectionIdentifier>
                            <collectionIdentifier>http://grbio.org/cool/8vm7-e9x1</collectionIdentifier>
                            <collectionName>Amphibians and Reptiles</collectionName>
                        </collection>
                        <collection>
                            <parentCollectionIdentifier>http://grbio.org/cool/142r-0w94</parentCollectionIdentifier>
                            <collectionIdentifier>http://grbio.org/cool/e49n-75xd</collectionIdentifier>
                            <collectionName>Birds</collectionName>
                        </collection>
                        <collection>
                            <parentCollectionIdentifier>http://grbio.org/cool/142r-0w94</parentCollectionIdentifier>
                            <collectionIdentifier>http://grbio.org/cool/22s5-q4hk</collectionIdentifier>
                            <collectionName>Fishes</collectionName>
                        </collection>
                        <collection>
                            <parentCollectionIdentifier>http://grbio.org/cool/142r-0w94</parentCollectionIdentifier>
                            <collectionIdentifier>http://grbio.org/cool/cy7i-ptxq</collectionIdentifier>
                            <collectionName>Mammals</collectionName>
                        </collection>
                    <formationPeriod>19th Century - current</formationPeriod>
                        <specimenPreservationMethod>DEEP_FROZEN</specimenPreservationMethod>
            </gbif>
        </metadata>
    </additionalMetadata>

</eml:eml>
