<?xml version="1.0" encoding="utf-8"?>
<eml:eml xmlns:eml="eml://ecoinformatics.org/eml-2.1.1" xmlns:xsi="http://www.w3.org/2001/XMLSchema-instance"
         xsi:schemaLocation="eml://ecoinformatics.org/eml-2.1.1 http://rs.gbif.org/schema/eml-gbif-profile/1.2/eml.xsd"
packageId="283a4c46-782a-42e6-8873-e9ffde270ce8"  system="http://gbif.org" scope="system"
xml:lang="en">

    <dataset>
            <alternateIdentifier>10.15468/4rpxm7</alternateIdentifier>
                <alternateIdentifier>https://midatlanticherbaria.org/portal/collections/misc/collprofiles.php?collid=329</alternateIdentifier>
        <title>Howard University Herbarium</title>
            <creator>
<organizationName>Mid-Atlantic Herbaria</organizationName><electronicMailAddress>seinetAdmin@asu.edu</electronicMailAddress><onlineUrl>https://midatlanticherbaria.org/portal/index.php</onlineUrl>            </creator>
            <metadataProvider>
<organizationName>Mid-Atlantic Herbaria</organizationName><electronicMailAddress>seinetAdmin@asu.edu</electronicMailAddress><onlineUrl>https://midatlanticherbaria.org/portal/index.php</onlineUrl>            </metadataProvider>
            <associatedParty>
            <individualName>
                    <surName>Janelle Burke, Ph.D.</surName>
            </individualName>
<electronicMailAddress>janelle.burke@howard.edu</electronicMailAddress>            <role>CONTENT_PROVIDER</role>
            </associatedParty>
            <pubDate>
                2023-06-16
            </pubDate>
        <language>ENGLISH</language>
            <abstract>
                    <para>The Howard University Herbarium (HUDC) is a collection of ca. 12,000 plant specimens housed in Just Hall on Howard University’s main campus. The collection includes a donation from the former Catholic University herbarium, with &amp;gt;1000 specimens from the Caribbean collected between 1890-1920. Other collection strengths include plants of the Mid-Atlantic, especially the DC metropolitan area. Charles Parker, Marie Clark Taylor and H. David Hammond also made substantial contributions the Howard University Herbarium.</para>
            </abstract>
            <intellectualRights>
                    <para>This work is licensed under a <ulink url="http://creativecommons.org/licenses/by-nc/4.0/legalcode"><citetitle>Creative Commons Attribution Non Commercial (CC-BY-NC) 4.0 License</citetitle></ulink>.</para>
            </intellectualRights>
            <contact>
<organizationName>Howard University Herbarium</organizationName><electronicMailAddress>janelle.burke@howard.edu</electronicMailAddress>            </contact>

    </dataset>

    <additionalMetadata>
        <metadata>
            <gbif>
                <dateStamp>2023-07-03T21:02:10Z</dateStamp>
                <citation>Howard University Herbarium (2023). Howard University Herbarium. Occurrence dataset https://doi.org/10.15468/4rpxm7 accessed via GBIF.org on 2023-07-03.</citation>
            </gbif>
        </metadata>
    </additionalMetadata>

</eml:eml>
