<?xml version="1.0" encoding="utf-8"?>
<eml:eml xmlns:eml="eml://ecoinformatics.org/eml-2.1.1" xmlns:xsi="http://www.w3.org/2001/XMLSchema-instance"
         xsi:schemaLocation="eml://ecoinformatics.org/eml-2.1.1 http://rs.gbif.org/schema/eml-gbif-profile/1.2/eml.xsd"
packageId="2cc1e048-96db-40d2-b9b7-54d0d6975d54"  system="http://gbif.org" scope="system"
xml:lang="es">

    <dataset>
            <alternateIdentifier>10.15472/ahcjrq</alternateIdentifier>
                <alternateIdentifier>https://ipt.biodiversidad.co/sib/resource?r=herbario-bs-icesi</alternateIdentifier>
                <alternateIdentifier>http://ipt.biodiversidad.co/sib/resource?r=herbario-bs-icesi</alternateIdentifier>
                <alternateIdentifier>10.15468/macjoc</alternateIdentifier>
                <alternateIdentifier>http://ipt.biodiversidad.co/valle/resource?r=herbario-bs-icesi</alternateIdentifier>
                <alternateIdentifier>http://data.biodiversidad.co/valle/resource.do?r=herbario-bs-icesi</alternateIdentifier>
                <alternateIdentifier>2cc1e048-96db-40d2-b9b7-54d0d6975d54</alternateIdentifier>
        <title>Herbario virtual bosques secos de Colombia - Sección herbario ICESI</title>
            <creator>
            <individualName>
<givenName>Freddy</givenName>                    <surName>Gamboa</surName>
            </individualName>
<organizationName>Universidad ICESI</organizationName><positionName>Monitor digitalización</positionName>            <address>
<deliveryPoint>Calle 18 # 122-135 Pance</deliveryPoint><city>Cali</city><administrativeArea>Valle del Cauca</administrativeArea><country>COLOMBIA</country>            </address>
<phone>5552334</phone><electronicMailAddress>freddygamboa95@gmail.com</electronicMailAddress><onlineUrl>http://www.flickr.com/photos/109886592@N04/</onlineUrl>            </creator>
            <metadataProvider>
            <individualName>
<givenName>Stefanía</givenName>                    <surName>Pérez Medina</surName>
            </individualName>
<organizationName>Universidad ICESI</organizationName><positionName>Monitora Herbario</positionName>            <address>
<deliveryPoint>Calle 18 # 122-135 Pance</deliveryPoint><city>Cali</city><administrativeArea>Valle del Cauca</administrativeArea><country>COLOMBIA</country>            </address>
<phone>5552334 ext (8072)</phone><electronicMailAddress>niaperezmedina@gmail.com</electronicMailAddress><onlineUrl>http://www.icesi.edu.co</onlineUrl>            </metadataProvider>
            <associatedParty>
            <individualName>
<givenName>Daniela</givenName>                    <surName>Ayala</surName>
            </individualName>
<organizationName>Universidad ICESI</organizationName><positionName>Asistente de digitalización</positionName>            <address>
<deliveryPoint>Calle 18 # 122-135 Pance</deliveryPoint><city>Cali</city><administrativeArea>Valle del Cauca</administrativeArea><postalCode>57</postalCode><country>COLOMBIA</country>            </address>
<phone>5552334</phone><electronicMailAddress>danielita-3011@hotmail.com</electronicMailAddress><onlineUrl>http://www.icesi.edu.co</onlineUrl>            <role>PUBLISHER</role>
            </associatedParty>
            <associatedParty>
            <individualName>
<givenName>Freddy</givenName>                    <surName>Gamboa</surName>
            </individualName>
<organizationName>Universidad ICESI</organizationName><positionName>Asistente de herbario</positionName>            <address>
<deliveryPoint>Calle 18 # 122-135 Pance</deliveryPoint><city>Cali</city><administrativeArea>Valle del Cauca</administrativeArea><postalCode>57</postalCode><country>COLOMBIA</country>            </address>
<phone>5552334</phone><electronicMailAddress>freddygamboa95@gmail.com</electronicMailAddress><onlineUrl>http://www.icesi.edu.co</onlineUrl>            <role>CONTENT_PROVIDER</role>
            </associatedParty>
            <associatedParty>
            <individualName>
<givenName>Felipe</givenName>                    <surName>Vergara</surName>
            </individualName>
<organizationName>Universidad ICESI</organizationName><positionName>Monitor rasgos funcionales</positionName>            <address>
<deliveryPoint>Calle 18 # 122-135 Pance</deliveryPoint><city>Cali</city><administrativeArea>Valle del Cauca</administrativeArea><postalCode>57</postalCode><country>COLOMBIA</country>            </address>
<phone>5552334</phone><onlineUrl>http://www.icesi.edu.co</onlineUrl>            <role>CONTENT_PROVIDER</role>
            </associatedParty>
            <associatedParty>
            <individualName>
<givenName>John Fredy</givenName>                    <surName>González</surName>
            </individualName>
<organizationName>Universidad ICESI</organizationName><positionName>Coordinador del herbario</positionName>            <address>
<deliveryPoint>Calle 18 # 122-135 Pance</deliveryPoint><city>Cali</city><administrativeArea>Valle del Cauca</administrativeArea><postalCode>57</postalCode><country>COLOMBIA</country>            </address>
<phone>5552334</phone><electronicMailAddress>johnfre92@gmail.com</electronicMailAddress><onlineUrl>http://www.icesi.edu.co</onlineUrl>            <role>CONTENT_PROVIDER</role>
            </associatedParty>
            <associatedParty>
            <individualName>
<givenName>Sebastian</givenName>                    <surName>Ovalle</surName>
            </individualName>
<organizationName>Universidad ICESI</organizationName><positionName>Monitor de digitalización</positionName>            <address>
<deliveryPoint>Calle 18 # 122-135 Pance</deliveryPoint><city>Cali</city><administrativeArea>Valle del Cauca</administrativeArea><postalCode>57</postalCode><country>COLOMBIA</country>            </address>
<phone>5552334 ext (8094)</phone><electronicMailAddress>johncbastian95@hotmail.com</electronicMailAddress><onlineUrl>http://www.ices.edu.co</onlineUrl>            <role>CONTENT_PROVIDER</role>
            </associatedParty>
            <associatedParty>
            <individualName>
<givenName>Roy</givenName>                    <surName>González</surName>
            </individualName>
<organizationName>Instituto de Investigación de Recursos Biológicos Alexander von Humboldt</organizationName><positionName>Investigador</positionName>            <address>
<deliveryPoint>Calle 28A No. 15-09</deliveryPoint><city>Bogotá, D.C.</city><administrativeArea>Bogotá, D.C.</administrativeArea><country>COLOMBIA</country>            </address>
<phone>3202767</phone><electronicMailAddress>rgonzalez@humboldt.org.co</electronicMailAddress><onlineUrl>http://www.humboldt.org.co</onlineUrl>            <role>POINT_OF_CONTACT</role>
            </associatedParty>
            <associatedParty>
            <individualName>
                    <surName>Infraestructura Institucional de Datos</surName>
            </individualName>
<organizationName>Instituto de Investigación de Recursos Biológicos Alexander von Humboldt</organizationName>            <address>
<deliveryPoint>Calle 28A No. 15-09</deliveryPoint><city>Bogotá, D.C.</city><administrativeArea>Bogotá, D.C.</administrativeArea><country>COLOMBIA</country>            </address>
<phone>3202767</phone><electronicMailAddress>i2d@humboldt.org.co</electronicMailAddress><onlineUrl>http://www.humboldt.org.co</onlineUrl>            <role>CUSTODIAN_STEWARD</role>
            </associatedParty>
            <pubDate>
                2022-01-24
            </pubDate>
        <language>SPANISH</language>
            <abstract>
                    <para>Este conjunto de datos contiene los registros biológicos y medidas de rasgos funcionales asociados a las imágenes digitales de alta resolución de los ejemplares del herbario virtual bosques secos de Colombia. Este ecosistema se caracteriza por presentar una fuerte estacionalidad de lluvias y un período de tres a ocho meses de sequía. Se encuentra en las zonas bajas de la costa Caribe, los valles interandinos de los ríos Cauca y Magdalena, la región del Chicamocha en Santander y Norte de Santander, el cañón del río Patía en los departamentos de Cauca y Nariño, y los Llanos. 
Se presentan 2000 registros de bosque seco del herbario ICESI, los cuales fueron seleccionados con base al sitio de colecta; sólo los registros que provenían de localidades donde hay bosque seco fueron incluidos. Éstos fueron ubicados en la colección, codificados, sistematizados y digitalizados con el fin de publicar las imágenes en el recurso virtual &amp;#34;Herbario virtual Bosques Secos de Colombia&amp;#34; en Flickr. Cada registro tiene una dirección electrónica que permite acceder a la imagen del ejemplar en alta resolución.</para>
            </abstract>
                <keywordSet>
                        <keyword>ejemplar de herbario</keyword>
                        <keyword>ICESI</keyword>
                        <keyword>Plantae</keyword>
                        <keyword>bosque seco tropical</keyword>
                        <keyword>colección botánica</keyword>
                        <keyword>herbario virtual</keyword>
                        <keywordThesaurus>n/a</keywordThesaurus>
                </keywordSet>
                <keywordSet>
                        <keyword>Specimen</keyword>
                        <keywordThesaurus>GBIF Dataset Subtype Vocabulary: http://rs.gbif.org/vocabulary/gbif/dataset_subtype.xml</keywordThesaurus>
                </keywordSet>
                <keywordSet>
                        <keyword>Occurrence</keyword>
                        <keywordThesaurus>GBIF Dataset Type Vocabulary: http://rs.gbif.org/vocabulary/gbif/dataset_type.xml</keywordThesaurus>
                </keywordSet>
                <keywordSet>
                        <keyword>VALLE_DEL_CAUCA</keyword>
                        <keywordThesaurus>SiB Colombia</keywordThesaurus>
                </keywordSet>
                <keywordSet>
                        <keyword>Occurrence</keyword>
                        <keywordThesaurus>GBIF Dataset Type Vocabulary: http://rs.gbif.org/vocabulary/gbif/dataset_type_2015-07-10.xml</keywordThesaurus>
                </keywordSet>
            <additionalInfo>
                <para>Los ejemplares digitalizados a los cuales hace referencia este recurso están en linea en:
https://www.flickr.com/photos/109886592@N04/
Adicional a esto, el Herbario virtual ICESI hace parte del grupo &quot;Herbario Virtual Bosque Seco de Colombia&quot;, el cual se puede consultar en el siguiente enlace:
https://www.flickr.com/groups/herbario_virtual_bosques_secos_de_colombia/</para>
            </additionalInfo>
            <intellectualRights>
                    <para>This work is licensed under a <ulink url="http://creativecommons.org/licenses/by-nc/4.0/legalcode"><citetitle>Creative Commons Attribution Non Commercial (CC-BY-NC) 4.0 License</citetitle></ulink>.</para>
            </intellectualRights>
            <distribution scope="document">
                <online>
                    <url function="information">http://ipt.sibcolombia.net/sib/resource.do?r=cerrando-la-brecha-bs-t-herbario-icesi</url>
                </online>
            </distribution>
            <coverage>
                    <geographicCoverage>
                            <geographicDescription>El conjunto de datos contiene información de los ejemplares botánicos de bosque seco tropical de Colombia, con énfasis es localidades del Caribe Colombiano, los valles geográficos de los ríos Magdalena, el valle del cañón del río Patía. Abarca los departamentos de Antioquia, Archipiélago de San Andrés, Providencia y Santa Catalina, Boyacá, Caldas, Caquetá, Cauca, Cesar, Cundinamarca, Huila, Nariño, Putumayo, Quindio, Risaralda, Santander, Tolima y Valle del Cauca.</geographicDescription>
                            <boundingCoordinates>
                                <westBoundingCoordinate>-81.384</westBoundingCoordinate>
                                <eastBoundingCoordinate>-73.11</eastBoundingCoordinate>
                                <northBoundingCoordinate>13.34</northBoundingCoordinate>
                                <southBoundingCoordinate>-0.95</southBoundingCoordinate>
                            </boundingCoordinates>
                    </geographicCoverage>
                    <temporalCoverage>
                            <rangeOfDates>
                                <beginDate>
                                    <calendarDate>                1992-10-01
</calendarDate>
                                </beginDate>
                                <endDate>
                                    <calendarDate>                2014-11-30
</calendarDate>
                                </endDate>
                            </rangeOfDates>
                    </temporalCoverage>
                        <taxonomicCoverage>
                                <generalTaxonomicCoverage>Por medio de la búsqueda de especímenes pertenecientes a Bosque Seco Tropical de Colombia, depositados en el herbario ICESI, de la Universidad ICESI, se consolidaron 2000 registros de ejemplares botánicos correspondientes a 154 familias, 607 géneros y 1077 especies. Se utilizó el código APG III como sistema de clasificación de las especies y las actualizaciones nomenclaturales se realizaron con base en los datos proporcionados en los recursos The Plant List (http://www.theplantlist.org/), Tropicos (http://www.tropicos.org/) y IPNI (http://www.ipni.org/)</generalTaxonomicCoverage>
                                <taxonomicClassification>
                                        <taxonRankName>Family</taxonRankName>
                                    <taxonRankValue>Anacardiaceae</taxonRankValue>
                                </taxonomicClassification>
                                <taxonomicClassification>
                                        <taxonRankName>Family</taxonRankName>
                                    <taxonRankValue>Amaranthaceae</taxonRankValue>
                                </taxonomicClassification>
                                <taxonomicClassification>
                                        <taxonRankName>Family</taxonRankName>
                                    <taxonRankValue>Acanthaceae</taxonRankValue>
                                </taxonomicClassification>
                                <taxonomicClassification>
                                        <taxonRankName>Family</taxonRankName>
                                    <taxonRankValue>Achariaceae</taxonRankValue>
                                </taxonomicClassification>
                                <taxonomicClassification>
                                        <taxonRankName>Family</taxonRankName>
                                    <taxonRankValue>Achatocarpaceae</taxonRankValue>
                                </taxonomicClassification>
                                <taxonomicClassification>
                                        <taxonRankName>Family</taxonRankName>
                                    <taxonRankValue>Actinidiaceae</taxonRankValue>
                                </taxonomicClassification>
                                <taxonomicClassification>
                                        <taxonRankName>Family</taxonRankName>
                                    <taxonRankValue>Adoxaceae</taxonRankValue>
                                </taxonomicClassification>
                                <taxonomicClassification>
                                        <taxonRankName>Family</taxonRankName>
                                    <taxonRankValue>Aizoaceae</taxonRankValue>
                                </taxonomicClassification>
                                <taxonomicClassification>
                                        <taxonRankName>Family</taxonRankName>
                                    <taxonRankValue>Alismataceae</taxonRankValue>
                                </taxonomicClassification>
                                <taxonomicClassification>
                                        <taxonRankName>Family</taxonRankName>
                                    <taxonRankValue>Amaranthaceae</taxonRankValue>
                                </taxonomicClassification>
                                <taxonomicClassification>
                                        <taxonRankName>Family</taxonRankName>
                                    <taxonRankValue>Amaryllidaceae</taxonRankValue>
                                </taxonomicClassification>
                                <taxonomicClassification>
                                        <taxonRankName>Family</taxonRankName>
                                    <taxonRankValue>Anacardiaceae</taxonRankValue>
                                </taxonomicClassification>
                                <taxonomicClassification>
                                        <taxonRankName>Family</taxonRankName>
                                    <taxonRankValue>Annonaceae</taxonRankValue>
                                </taxonomicClassification>
                                <taxonomicClassification>
                                        <taxonRankName>Family</taxonRankName>
                                    <taxonRankValue>Apiaceae</taxonRankValue>
                                </taxonomicClassification>
                                <taxonomicClassification>
                                        <taxonRankName>Family</taxonRankName>
                                    <taxonRankValue>Apocynaceae</taxonRankValue>
                                </taxonomicClassification>
                                <taxonomicClassification>
                                        <taxonRankName>Family</taxonRankName>
                                    <taxonRankValue>Aquifoliaceae</taxonRankValue>
                                </taxonomicClassification>
                                <taxonomicClassification>
                                        <taxonRankName>Family</taxonRankName>
                                    <taxonRankValue>Araceae</taxonRankValue>
                                </taxonomicClassification>
                                <taxonomicClassification>
                                        <taxonRankName>Family</taxonRankName>
                                    <taxonRankValue>Araliaceae</taxonRankValue>
                                </taxonomicClassification>
                                <taxonomicClassification>
                                        <taxonRankName>Family</taxonRankName>
                                    <taxonRankValue>Arecaceae</taxonRankValue>
                                </taxonomicClassification>
                                <taxonomicClassification>
                                        <taxonRankName>Family</taxonRankName>
                                    <taxonRankValue>Aristolochiaceae</taxonRankValue>
                                </taxonomicClassification>
                                <taxonomicClassification>
                                        <taxonRankName>Family</taxonRankName>
                                    <taxonRankValue>Asclepiadaceae</taxonRankValue>
                                </taxonomicClassification>
                                <taxonomicClassification>
                                        <taxonRankName>Family</taxonRankName>
                                    <taxonRankValue>Asparagaceae</taxonRankValue>
                                </taxonomicClassification>
                                <taxonomicClassification>
                                        <taxonRankName>Family</taxonRankName>
                                    <taxonRankValue>Asteraceae</taxonRankValue>
                                </taxonomicClassification>
                                <taxonomicClassification>
                                        <taxonRankName>Family</taxonRankName>
                                    <taxonRankValue>Athyriaceae</taxonRankValue>
                                </taxonomicClassification>
                                <taxonomicClassification>
                                        <taxonRankName>Family</taxonRankName>
                                    <taxonRankValue>Balanophoraceae</taxonRankValue>
                                </taxonomicClassification>
                                <taxonomicClassification>
                                        <taxonRankName>Family</taxonRankName>
                                    <taxonRankValue>Basellaceae</taxonRankValue>
                                </taxonomicClassification>
                                <taxonomicClassification>
                                        <taxonRankName>Family</taxonRankName>
                                    <taxonRankValue>Bignoniaceae</taxonRankValue>
                                </taxonomicClassification>
                                <taxonomicClassification>
                                        <taxonRankName>Family</taxonRankName>
                                    <taxonRankValue>Bixaceae</taxonRankValue>
                                </taxonomicClassification>
                                <taxonomicClassification>
                                        <taxonRankName>Family</taxonRankName>
                                    <taxonRankValue>Blechnaceae</taxonRankValue>
                                </taxonomicClassification>
                                <taxonomicClassification>
                                        <taxonRankName>Family</taxonRankName>
                                    <taxonRankValue>Bombacaceae</taxonRankValue>
                                </taxonomicClassification>
                                <taxonomicClassification>
                                        <taxonRankName>Family</taxonRankName>
                                    <taxonRankValue>Boraginaceae</taxonRankValue>
                                </taxonomicClassification>
                                <taxonomicClassification>
                                        <taxonRankName>Family</taxonRankName>
                                    <taxonRankValue>Brassicaceae</taxonRankValue>
                                </taxonomicClassification>
                                <taxonomicClassification>
                                        <taxonRankName>Family</taxonRankName>
                                    <taxonRankValue>Bromeliaceae</taxonRankValue>
                                </taxonomicClassification>
                                <taxonomicClassification>
                                        <taxonRankName>Family</taxonRankName>
                                    <taxonRankValue>Burseraceae</taxonRankValue>
                                </taxonomicClassification>
                                <taxonomicClassification>
                                        <taxonRankName>Family</taxonRankName>
                                    <taxonRankValue>Cactaceae</taxonRankValue>
                                </taxonomicClassification>
                                <taxonomicClassification>
                                        <taxonRankName>Family</taxonRankName>
                                    <taxonRankValue>Calophyllaceae</taxonRankValue>
                                </taxonomicClassification>
                                <taxonomicClassification>
                                        <taxonRankName>Family</taxonRankName>
                                    <taxonRankValue>Campanulaceae</taxonRankValue>
                                </taxonomicClassification>
                                <taxonomicClassification>
                                        <taxonRankName>Family</taxonRankName>
                                    <taxonRankValue>Cannabaceae</taxonRankValue>
                                </taxonomicClassification>
                                <taxonomicClassification>
                                        <taxonRankName>Family</taxonRankName>
                                    <taxonRankValue>Capparaceae</taxonRankValue>
                                </taxonomicClassification>
                                <taxonomicClassification>
                                        <taxonRankName>Family</taxonRankName>
                                    <taxonRankValue>Caprifoliaceae</taxonRankValue>
                                </taxonomicClassification>
                                <taxonomicClassification>
                                        <taxonRankName>Family</taxonRankName>
                                    <taxonRankValue>Caricaceae</taxonRankValue>
                                </taxonomicClassification>
                                <taxonomicClassification>
                                        <taxonRankName>Family</taxonRankName>
                                    <taxonRankValue>Cecropiceae</taxonRankValue>
                                </taxonomicClassification>
                                <taxonomicClassification>
                                        <taxonRankName>Family</taxonRankName>
                                    <taxonRankValue>Celastraceae</taxonRankValue>
                                </taxonomicClassification>
                                <taxonomicClassification>
                                        <taxonRankName>Family</taxonRankName>
                                    <taxonRankValue>Chloranthaceae</taxonRankValue>
                                </taxonomicClassification>
                                <taxonomicClassification>
                                        <taxonRankName>Family</taxonRankName>
                                    <taxonRankValue>Chrysobalanaceae</taxonRankValue>
                                </taxonomicClassification>
                                <taxonomicClassification>
                                        <taxonRankName>Family</taxonRankName>
                                    <taxonRankValue>Cleomaceae</taxonRankValue>
                                </taxonomicClassification>
                                <taxonomicClassification>
                                        <taxonRankName>Family</taxonRankName>
                                    <taxonRankValue>Clethraceae</taxonRankValue>
                                </taxonomicClassification>
                                <taxonomicClassification>
                                        <taxonRankName>Family</taxonRankName>
                                    <taxonRankValue>Clusiaceae</taxonRankValue>
                                </taxonomicClassification>
                                <taxonomicClassification>
                                        <taxonRankName>Family</taxonRankName>
                                    <taxonRankValue>Combretaceae</taxonRankValue>
                                </taxonomicClassification>
                                <taxonomicClassification>
                                        <taxonRankName>Family</taxonRankName>
                                    <taxonRankValue>Commelinaceae</taxonRankValue>
                                </taxonomicClassification>
                                <taxonomicClassification>
                                        <taxonRankName>Family</taxonRankName>
                                    <taxonRankValue>Convolvulaceae</taxonRankValue>
                                </taxonomicClassification>
                                <taxonomicClassification>
                                        <taxonRankName>Family</taxonRankName>
                                    <taxonRankValue>Costaceae</taxonRankValue>
                                </taxonomicClassification>
                                <taxonomicClassification>
                                        <taxonRankName>Family</taxonRankName>
                                    <taxonRankValue>Cucurbitaceae</taxonRankValue>
                                </taxonomicClassification>
                                <taxonomicClassification>
                                        <taxonRankName>Family</taxonRankName>
                                    <taxonRankValue>Cupressaceae</taxonRankValue>
                                </taxonomicClassification>
                                <taxonomicClassification>
                                        <taxonRankName>Family</taxonRankName>
                                    <taxonRankValue>Cyclanthaceae</taxonRankValue>
                                </taxonomicClassification>
                                <taxonomicClassification>
                                        <taxonRankName>Family</taxonRankName>
                                    <taxonRankValue>Cyperaceae</taxonRankValue>
                                </taxonomicClassification>
                                <taxonomicClassification>
                                        <taxonRankName>Family</taxonRankName>
                                    <taxonRankValue>Davalliaceae</taxonRankValue>
                                </taxonomicClassification>
                                <taxonomicClassification>
                                        <taxonRankName>Family</taxonRankName>
                                    <taxonRankValue>Dilleniaceae</taxonRankValue>
                                </taxonomicClassification>
                                <taxonomicClassification>
                                        <taxonRankName>Family</taxonRankName>
                                    <taxonRankValue>Dryopteridaceae</taxonRankValue>
                                </taxonomicClassification>
                                <taxonomicClassification>
                                        <taxonRankName>Family</taxonRankName>
                                    <taxonRankValue>Elaeocarpaceae</taxonRankValue>
                                </taxonomicClassification>
                                <taxonomicClassification>
                                        <taxonRankName>Family</taxonRankName>
                                    <taxonRankValue>Equisetaceae</taxonRankValue>
                                </taxonomicClassification>
                                <taxonomicClassification>
                                        <taxonRankName>Family</taxonRankName>
                                    <taxonRankValue>Ericaceae</taxonRankValue>
                                </taxonomicClassification>
                                <taxonomicClassification>
                                        <taxonRankName>Family</taxonRankName>
                                    <taxonRankValue>Eriocaulaceae</taxonRankValue>
                                </taxonomicClassification>
                                <taxonomicClassification>
                                        <taxonRankName>Family</taxonRankName>
                                    <taxonRankValue>Erythroxylaceae</taxonRankValue>
                                </taxonomicClassification>
                                <taxonomicClassification>
                                        <taxonRankName>Family</taxonRankName>
                                    <taxonRankValue>Euphorbiaceae</taxonRankValue>
                                </taxonomicClassification>
                                <taxonomicClassification>
                                        <taxonRankName>Family</taxonRankName>
                                    <taxonRankValue>Fabaceae</taxonRankValue>
                                </taxonomicClassification>
                                <taxonomicClassification>
                                        <taxonRankName>Family</taxonRankName>
                                    <taxonRankValue>Fagaceae</taxonRankValue>
                                </taxonomicClassification>
                                <taxonomicClassification>
                                        <taxonRankName>Family</taxonRankName>
                                    <taxonRankValue>Gesneriaceae</taxonRankValue>
                                </taxonomicClassification>
                                <taxonomicClassification>
                                        <taxonRankName>Family</taxonRankName>
                                    <taxonRankValue>Gleicheniaceae</taxonRankValue>
                                </taxonomicClassification>
                                <taxonomicClassification>
                                        <taxonRankName>Family</taxonRankName>
                                    <taxonRankValue>Heliconiaceae</taxonRankValue>
                                </taxonomicClassification>
                                <taxonomicClassification>
                                        <taxonRankName>Family</taxonRankName>
                                    <taxonRankValue>Hydrophyllaceae</taxonRankValue>
                                </taxonomicClassification>
                                <taxonomicClassification>
                                        <taxonRankName>Family</taxonRankName>
                                    <taxonRankValue>Hypericaceae</taxonRankValue>
                                </taxonomicClassification>
                                <taxonomicClassification>
                                        <taxonRankName>Family</taxonRankName>
                                    <taxonRankValue>Iridaceae</taxonRankValue>
                                </taxonomicClassification>
                                <taxonomicClassification>
                                        <taxonRankName>Family</taxonRankName>
                                    <taxonRankValue>Juncaceae</taxonRankValue>
                                </taxonomicClassification>
                                <taxonomicClassification>
                                        <taxonRankName>Family</taxonRankName>
                                    <taxonRankValue>Lacistemataceae</taxonRankValue>
                                </taxonomicClassification>
                                <taxonomicClassification>
                                        <taxonRankName>Family</taxonRankName>
                                    <taxonRankValue>Lamiaceae</taxonRankValue>
                                </taxonomicClassification>
                                <taxonomicClassification>
                                        <taxonRankName>Family</taxonRankName>
                                    <taxonRankValue>Lauraceae</taxonRankValue>
                                </taxonomicClassification>
                                <taxonomicClassification>
                                        <taxonRankName>Family</taxonRankName>
                                    <taxonRankValue>Lecythidaceae</taxonRankValue>
                                </taxonomicClassification>
                                <taxonomicClassification>
                                        <taxonRankName>Family</taxonRankName>
                                    <taxonRankValue>Loasaceae</taxonRankValue>
                                </taxonomicClassification>
                                <taxonomicClassification>
                                        <taxonRankName>Family</taxonRankName>
                                    <taxonRankValue>Loganiaceae</taxonRankValue>
                                </taxonomicClassification>
                                <taxonomicClassification>
                                        <taxonRankName>Family</taxonRankName>
                                    <taxonRankValue>Loranthaceae</taxonRankValue>
                                </taxonomicClassification>
                                <taxonomicClassification>
                                        <taxonRankName>Family</taxonRankName>
                                    <taxonRankValue>Lycopodiaceae</taxonRankValue>
                                </taxonomicClassification>
                                <taxonomicClassification>
                                        <taxonRankName>Family</taxonRankName>
                                    <taxonRankValue>Lythraceae</taxonRankValue>
                                </taxonomicClassification>
                                <taxonomicClassification>
                                        <taxonRankName>Family</taxonRankName>
                                    <taxonRankValue>Malpighiaceae</taxonRankValue>
                                </taxonomicClassification>
                                <taxonomicClassification>
                                        <taxonRankName>Family</taxonRankName>
                                    <taxonRankValue>Malvaceae</taxonRankValue>
                                </taxonomicClassification>
                                <taxonomicClassification>
                                        <taxonRankName>Family</taxonRankName>
                                    <taxonRankValue>Marantaceae</taxonRankValue>
                                </taxonomicClassification>
                                <taxonomicClassification>
                                        <taxonRankName>Family</taxonRankName>
                                    <taxonRankValue>Marattiaceae</taxonRankValue>
                                </taxonomicClassification>
                                <taxonomicClassification>
                                        <taxonRankName>Family</taxonRankName>
                                    <taxonRankValue>Marcgraviaceae</taxonRankValue>
                                </taxonomicClassification>
                                <taxonomicClassification>
                                        <taxonRankName>Family</taxonRankName>
                                    <taxonRankValue>Melastomataceae</taxonRankValue>
                                </taxonomicClassification>
                                <taxonomicClassification>
                                        <taxonRankName>Family</taxonRankName>
                                    <taxonRankValue>Meliaceae</taxonRankValue>
                                </taxonomicClassification>
                                <taxonomicClassification>
                                        <taxonRankName>Family</taxonRankName>
                                    <taxonRankValue>Menispermaceae</taxonRankValue>
                                </taxonomicClassification>
                                <taxonomicClassification>
                                        <taxonRankName>Family</taxonRankName>
                                    <taxonRankValue>Monimiaceae</taxonRankValue>
                                </taxonomicClassification>
                                <taxonomicClassification>
                                        <taxonRankName>Family</taxonRankName>
                                    <taxonRankValue>Moraceae</taxonRankValue>
                                </taxonomicClassification>
                                <taxonomicClassification>
                                        <taxonRankName>Family</taxonRankName>
                                    <taxonRankValue>Moringaceae</taxonRankValue>
                                </taxonomicClassification>
                                <taxonomicClassification>
                                        <taxonRankName>Family</taxonRankName>
                                    <taxonRankValue>Muntingiaceae</taxonRankValue>
                                </taxonomicClassification>
                                <taxonomicClassification>
                                        <taxonRankName>Family</taxonRankName>
                                    <taxonRankValue>Myrtaceae</taxonRankValue>
                                </taxonomicClassification>
                                <taxonomicClassification>
                                        <taxonRankName>Family</taxonRankName>
                                    <taxonRankValue>Nyctaginaceae</taxonRankValue>
                                </taxonomicClassification>
                                <taxonomicClassification>
                                        <taxonRankName>Family</taxonRankName>
                                    <taxonRankValue>Nymphaeaceae</taxonRankValue>
                                </taxonomicClassification>
                                <taxonomicClassification>
                                        <taxonRankName>Family</taxonRankName>
                                    <taxonRankValue>Olacaceae</taxonRankValue>
                                </taxonomicClassification>
                                <taxonomicClassification>
                                        <taxonRankName>Family</taxonRankName>
                                    <taxonRankValue>Onagraceae</taxonRankValue>
                                </taxonomicClassification>
                                <taxonomicClassification>
                                        <taxonRankName>Family</taxonRankName>
                                    <taxonRankValue>Ophioglossaceae</taxonRankValue>
                                </taxonomicClassification>
                                <taxonomicClassification>
                                        <taxonRankName>Family</taxonRankName>
                                    <taxonRankValue>Orchidaceae</taxonRankValue>
                                </taxonomicClassification>
                                <taxonomicClassification>
                                        <taxonRankName>Family</taxonRankName>
                                    <taxonRankValue>Orobanchaceae</taxonRankValue>
                                </taxonomicClassification>
                                <taxonomicClassification>
                                        <taxonRankName>Family</taxonRankName>
                                    <taxonRankValue>Oxalidaceae</taxonRankValue>
                                </taxonomicClassification>
                                <taxonomicClassification>
                                        <taxonRankName>Family</taxonRankName>
                                    <taxonRankValue>Pandanaceae</taxonRankValue>
                                </taxonomicClassification>
                                <taxonomicClassification>
                                        <taxonRankName>Family</taxonRankName>
                                    <taxonRankValue>Papaveraceae</taxonRankValue>
                                </taxonomicClassification>
                                <taxonomicClassification>
                                        <taxonRankName>Family</taxonRankName>
                                    <taxonRankValue>Passifloraceae</taxonRankValue>
                                </taxonomicClassification>
                                <taxonomicClassification>
                                        <taxonRankName>Family</taxonRankName>
                                    <taxonRankValue>Phyllanthaceae</taxonRankValue>
                                </taxonomicClassification>
                                <taxonomicClassification>
                                        <taxonRankName>Family</taxonRankName>
                                    <taxonRankValue>Phytolaccaceae</taxonRankValue>
                                </taxonomicClassification>
                                <taxonomicClassification>
                                        <taxonRankName>Family</taxonRankName>
                                    <taxonRankValue>Picramniaceae</taxonRankValue>
                                </taxonomicClassification>
                                <taxonomicClassification>
                                        <taxonRankName>Family</taxonRankName>
                                    <taxonRankValue>Pinaceae</taxonRankValue>
                                </taxonomicClassification>
                                <taxonomicClassification>
                                        <taxonRankName>Family</taxonRankName>
                                    <taxonRankValue>Piperaceae</taxonRankValue>
                                </taxonomicClassification>
                                <taxonomicClassification>
                                        <taxonRankName>Family</taxonRankName>
                                    <taxonRankValue>Plantaginaceae</taxonRankValue>
                                </taxonomicClassification>
                                <taxonomicClassification>
                                        <taxonRankName>Family</taxonRankName>
                                    <taxonRankValue>Plumbaginaceae</taxonRankValue>
                                </taxonomicClassification>
                                <taxonomicClassification>
                                        <taxonRankName>Family</taxonRankName>
                                    <taxonRankValue>Poaceae</taxonRankValue>
                                </taxonomicClassification>
                                <taxonomicClassification>
                                        <taxonRankName>Family</taxonRankName>
                                    <taxonRankValue>Polygalaceae</taxonRankValue>
                                </taxonomicClassification>
                                <taxonomicClassification>
                                        <taxonRankName>Family</taxonRankName>
                                    <taxonRankValue>Polygonaceae</taxonRankValue>
                                </taxonomicClassification>
                                <taxonomicClassification>
                                        <taxonRankName>Family</taxonRankName>
                                    <taxonRankValue>Polypodiaceae</taxonRankValue>
                                </taxonomicClassification>
                                <taxonomicClassification>
                                        <taxonRankName>Family</taxonRankName>
                                    <taxonRankValue>Pontederiaceae</taxonRankValue>
                                </taxonomicClassification>
                                <taxonomicClassification>
                                        <taxonRankName>Family</taxonRankName>
                                    <taxonRankValue>Primulaceae</taxonRankValue>
                                </taxonomicClassification>
                                <taxonomicClassification>
                                        <taxonRankName>Family</taxonRankName>
                                    <taxonRankValue>Proteaceae</taxonRankValue>
                                </taxonomicClassification>
                                <taxonomicClassification>
                                        <taxonRankName>Family</taxonRankName>
                                    <taxonRankValue>Pteridaceae</taxonRankValue>
                                </taxonomicClassification>
                                <taxonomicClassification>
                                        <taxonRankName>Family</taxonRankName>
                                    <taxonRankValue>Ranunculaceae</taxonRankValue>
                                </taxonomicClassification>
                                <taxonomicClassification>
                                        <taxonRankName>Family</taxonRankName>
                                    <taxonRankValue>Rhamnaceae</taxonRankValue>
                                </taxonomicClassification>
                                <taxonomicClassification>
                                        <taxonRankName>Family</taxonRankName>
                                    <taxonRankValue>Rosaceae</taxonRankValue>
                                </taxonomicClassification>
                                <taxonomicClassification>
                                        <taxonRankName>Family</taxonRankName>
                                    <taxonRankValue>Rubiaceae</taxonRankValue>
                                </taxonomicClassification>
                                <taxonomicClassification>
                                        <taxonRankName>Family</taxonRankName>
                                    <taxonRankValue>Rutaceae</taxonRankValue>
                                </taxonomicClassification>
                                <taxonomicClassification>
                                        <taxonRankName>Family</taxonRankName>
                                    <taxonRankValue>Salicaceae</taxonRankValue>
                                </taxonomicClassification>
                                <taxonomicClassification>
                                        <taxonRankName>Family</taxonRankName>
                                    <taxonRankValue>Santalaceae</taxonRankValue>
                                </taxonomicClassification>
                                <taxonomicClassification>
                                        <taxonRankName>Family</taxonRankName>
                                    <taxonRankValue>Sapindaceae</taxonRankValue>
                                </taxonomicClassification>
                                <taxonomicClassification>
                                        <taxonRankName>Family</taxonRankName>
                                    <taxonRankValue>Sapotaceae</taxonRankValue>
                                </taxonomicClassification>
                                <taxonomicClassification>
                                        <taxonRankName>Family</taxonRankName>
                                    <taxonRankValue>Schlegeliaceae</taxonRankValue>
                                </taxonomicClassification>
                                <taxonomicClassification>
                                        <taxonRankName>Family</taxonRankName>
                                    <taxonRankValue>Simaroubaceae</taxonRankValue>
                                </taxonomicClassification>
                                <taxonomicClassification>
                                        <taxonRankName>Family</taxonRankName>
                                    <taxonRankValue>Siparunaceae</taxonRankValue>
                                </taxonomicClassification>
                                <taxonomicClassification>
                                        <taxonRankName>Family</taxonRankName>
                                    <taxonRankValue>Smilacaceae</taxonRankValue>
                                </taxonomicClassification>
                                <taxonomicClassification>
                                        <taxonRankName>Family</taxonRankName>
                                    <taxonRankValue>Solanaceae</taxonRankValue>
                                </taxonomicClassification>
                                <taxonomicClassification>
                                        <taxonRankName>Family</taxonRankName>
                                    <taxonRankValue>Staphyleaceae</taxonRankValue>
                                </taxonomicClassification>
                                <taxonomicClassification>
                                        <taxonRankName>Family</taxonRankName>
                                    <taxonRankValue>Sterculiaceae</taxonRankValue>
                                </taxonomicClassification>
                                <taxonomicClassification>
                                        <taxonRankName>Family</taxonRankName>
                                    <taxonRankValue>Talinaceae</taxonRankValue>
                                </taxonomicClassification>
                                <taxonomicClassification>
                                        <taxonRankName>Family</taxonRankName>
                                    <taxonRankValue>Tapisciaceae</taxonRankValue>
                                </taxonomicClassification>
                                <taxonomicClassification>
                                        <taxonRankName>Family</taxonRankName>
                                    <taxonRankValue>Thelypteridaceae</taxonRankValue>
                                </taxonomicClassification>
                                <taxonomicClassification>
                                        <taxonRankName>Family</taxonRankName>
                                    <taxonRankValue>Thymelaeaceae</taxonRankValue>
                                </taxonomicClassification>
                                <taxonomicClassification>
                                        <taxonRankName>Family</taxonRankName>
                                    <taxonRankValue>Tiliaceae</taxonRankValue>
                                </taxonomicClassification>
                                <taxonomicClassification>
                                        <taxonRankName>Family</taxonRankName>
                                    <taxonRankValue>Turneraceae</taxonRankValue>
                                </taxonomicClassification>
                                <taxonomicClassification>
                                        <taxonRankName>Family</taxonRankName>
                                    <taxonRankValue>Typhaceae</taxonRankValue>
                                </taxonomicClassification>
                                <taxonomicClassification>
                                        <taxonRankName>Family</taxonRankName>
                                    <taxonRankValue>Urticaceae</taxonRankValue>
                                </taxonomicClassification>
                                <taxonomicClassification>
                                        <taxonRankName>Family</taxonRankName>
                                    <taxonRankValue>Verbenaceae</taxonRankValue>
                                </taxonomicClassification>
                                <taxonomicClassification>
                                        <taxonRankName>Family</taxonRankName>
                                    <taxonRankValue>Violaceae</taxonRankValue>
                                </taxonomicClassification>
                                <taxonomicClassification>
                                        <taxonRankName>Family</taxonRankName>
                                    <taxonRankValue>Viscaceae</taxonRankValue>
                                </taxonomicClassification>
                                <taxonomicClassification>
                                        <taxonRankName>Family</taxonRankName>
                                    <taxonRankValue>Vitaceae</taxonRankValue>
                                </taxonomicClassification>
                                <taxonomicClassification>
                                        <taxonRankName>Family</taxonRankName>
                                    <taxonRankValue>Vochysiaceae</taxonRankValue>
                                </taxonomicClassification>
                                <taxonomicClassification>
                                        <taxonRankName>Family</taxonRankName>
                                    <taxonRankValue>Xyridaceae</taxonRankValue>
                                </taxonomicClassification>
                                <taxonomicClassification>
                                        <taxonRankName>Family</taxonRankName>
                                    <taxonRankValue>Zingiberaceae</taxonRankValue>
                                </taxonomicClassification>
                                <taxonomicClassification>
                                        <taxonRankName>Family</taxonRankName>
                                    <taxonRankValue>Zygophyllaceae</taxonRankValue>
                                </taxonomicClassification>
                        </taxonomicCoverage>
            </coverage>
            <purpose>
                <para>El proyecto “Cerrando la brecha entre parcelas permanentes y la conservación de plantas en Colombia”, financiado por la fundación JRS biodiversity (http://www.jrsbdf.org/v3/home.asp), tiene como objetivo digitalizar el material de herbario de bosque seco. El propósito de este proyecto es poner a disposición de todos la información sobre las especies vegetales de bosque seco y sus rasgos funcionales para promover la investigación y conservación de este ecosistema en Colombia.</para>
            </purpose>
            <maintenance>
                <description>
                    <para></para>
                </description>
                <maintenanceUpdateFrequency>unkown</maintenanceUpdateFrequency>
            </maintenance>
            <contact>
            <individualName>
<givenName>Carlos Humberto</givenName>                    <surName>Valderrama Ardila</surName>
            </individualName>
<organizationName>Universidad ICESI</organizationName><positionName>Curador</positionName>            <address>
<deliveryPoint>Calle 18 # 122-135 Pance</deliveryPoint><city>Cali</city><administrativeArea>Valle del Cauca</administrativeArea><country>COLOMBIA</country>            </address>
<phone>5552334 ext (8094)</phone><electronicMailAddress>cvalderrama@icesi.edu.co</electronicMailAddress><onlineUrl>http://www.ices.edu.co</onlineUrl>            </contact>
            <methods>
                    <methodStep>
                        <description>
                            <para>La digitalización de especímenes se refiere a la captura fotográfica y el registro de información de especímenes o colecciones. Típicamente los especímenes incluyen etiquetas y notas de campo que contienen información sobre el evento de colecta (Ejemplo: Nombre del colector, fechas, localidad, etc.) determinaciones taxonómicas y números de catálogo o identificadores. La digitalización de la información de las etiquetas incluye captura del texto como caracteres, y almacenamiento de esta información en bases de datos, igualmente la digitalización también incluye la captura de imágenes digitales.

El proceso de digitalización incluye las siguientes tareas: 

1. Curado y pre-digitalización
2. Captura de imágenes (fotografía de especímenes y etiquetas)
3. Procesamiento de las imágenes
4. Captura electrónica de los datos

1. CURADO Y PRE-DIGITALIZACIÓN

Constituye el primer paso en la digitalización de especímenes y brinda la oportunidad de realizar las siguientes actividades:

-Inspeccionar y restaurar los especímenes dañados y evaluar la salud de la colección.
-Tratar las pestes.
-Descubrir especímenes perdidos pertenecientes a otras instituciones o tipos no conocidos en la colección.
-Actualizar las determinaciones taxonómicas.
-Reorganizar los contenidos de los gabinetes o compactadores.
-Seleccionar los ejemplares para la digitalización.
-Adjuntar un identificador único (código de barras) a cada espécimen.

2. CAPTURA DE IMÁGENES (fotografía de especímenes y etiquetas)

La captura de imágenes consiste en fotografiar los ejemplares codificados previamente y descargar las imágenes en el computador destinado para la edición y marcaje. Durante el proceso de fotografía de una familia se debe llevar un registro detallado de las diferentes actividades realizadas. A continuación se explican los pasos y se dan las instrucciones necesarias para el proceso de Captura de imagen.
La captura de imágenes generalmente requiere:

-Pre-configuración e iniciación de los equipos.
-Organización de los especímenes que serán fotografiados.
-Toma de la imagen.
-Descarga y almacenamiento de la imagen.
-Captura del código de barras.
-Mover el espécimen a una nueva estación o incluirlo nuevamente en la colección.

3. PROCESAMIENTO DE LAS IMÁGENES

El procesamiento de las imágenes incluye todas las tareas o grupo de tareas desarrolladas sobre una imagen, seis tareas son las más comunes:

1. Control de calidad.
2. Procesamiento de la imagen.
3. Conversión de archivos.
4. Copia de Seguridad.

Durante el procesamiento de la imagen se debe llevar un registro detallado de las diferentes actividades realizadas. Para este proceso se parte de la fotografía descargada en rutas preestablecidas.

4. CAPTURA ELECTRÓNICA DE LOS DATOS

La captura electrónica de datos involucra la extracción de datos de las etiquetas y la digitalización de estos datos en una base de datos electrónica. Según este protocolo la captura de datos debe ser después de la captura de la imagen. En las colecciones donde una gran cantidad especímenes son fotografiados, los datos son tomados directamente de las imágenes, reduciendo las posibilidades de daño en los múltiples viajes de los especímenes. 

Existen muchas formas de capturar la información de las etiquetas de herbario, pero la más común es mediante la digitalización directa en una plantilla estándar, como las ofrecidas por el formato Darwin Core. En nuestro proyecto “Cerrando la brecha entre parcelas permanentes y la conservación de plantas en Colombia” trabajaremos con las plantillas DwC para la documentación de registros biológicos. Esta plantilla se encuentra adjunta a este documento. El estándar Darwin Core (Versión 2011-10-26) está conformado por 175 elementos, de los cuáles solo cinco son obligatorios (ID del registro biológico, base del registro, código de la institución, código de la colección, número de catálogo). Nosotros trabajaremos con elementos comunes y elementos de extensión que incluirán información sobre las imágenes y los rasgos funcionales tomados de los especímenes de herbario.</para>
                        </description>
                    </methodStep>
                    <sampling>
                        <studyExtent>
                            <description>
                                <para>Ejemplares de bosque seco del herbario ICESI de la Universidad ICESI, ubicado en ciudad de Cali (Valle del Cauca).</para>
                            </description>
                        </studyExtent>
                        <samplingDescription>
                            <para>Los datos contenidos en este recurso pertenecen a ejemplares de bosque seco tropical del herbario ICESI que fueron digitalizados y publicados en el recurso electrónico &quot;Herbario ICESI&quot; y compartidos en el &quot;Herbario virtual Bosques Secos de Colombia&quot;, a través de FlickR. Los exicados fueron seleccionados por la localidad en la que fueron colectados (la cual debe pertenecer a bosque seco tropical). Estos ejemplares se seleccionaron en la base de datos del herbario, posteriormente se ubicaron en la colección y fueron extraídos de la misma para transportarlos al laboratorio de fotografía.</para>
                        </samplingDescription>
                    </sampling>
                    <qualityControl>
                        <description>
                            <para>En cada una de las actividades desarrolladas durante la digitalización de especímenes de herbario se realiza control de calidad.

El control de calidad usualmente se efectúa mediante la selección y el examen de las imágenes en intervalos regulares, las imágenes seleccionas son evaluadas en el enfoque, la exposición correcta, manchas, desajustes entre los nombres de los archivos, valor del código de barras o numero de identificación y otros signos evidentes de error al inspeccionar. Este control se realiza de la siguiente manera:

1. Se realiza el curado y actualización nomenclatural de los ejemplares seleccionados para la digitalización mediante el uso de bases de datos virtuales como The Plant List, trópicos, El catálogo de la vida, IPNI, entre otros
2. El control de calidad de las imágenes se realiza en un solo espacio y un solo computador con dos monitores, preferiblemente calibrados, para asegurar una visualización óptima. Este control debe llevarse a cabo aproximadamente cada 20 imágenes.
3. Los archivos de imagen son visualizados utilizando el software de edición de imágenes de la cámara (Digital Photo Professional).
4. Las imágenes se magnifican a 100% para verificar que contengan todos los elementos necesarios (reglilla, tarjeta de color, etiqueta completa), la calidad requerida, confirmar el enfoque, la exposición correcta, manchas o rayas, desajustes entre los nombres de los archivos y valor del código de barras del espécimen.

Ajuste de vocabularios controlados en:
Elementos geográficos: country, stateProvince y county;</para>
                        </description>
                    </qualityControl>
            </methods>

            <project >
                <title>Cerrando la brecha entre parcelas permanentes y la conservación de plantas en Colombia</title>
                    <personnel>
            <individualName>
<givenName>Carlos Humberto</givenName>                    <surName>Valderrama Ardila</surName>
            </individualName>
            <role>CURATOR</role>
                    </personnel>
                <abstract>
                    <para></para>
                </abstract>
                <funding>
                    <para>Fundación JRS Biodiversity. Convenio de cooperación 13-12-117-030CE entre el Instotuto Humboldt y la Universidad ICESI.</para>
                </funding>
                    <studyAreaDescription>
                        <descriptor name="generic" citableClassificationSystem="false">
                            <descriptorValue>Este conjunto de datos contiene registros biológicos y medidas de rasgos funcionales asociados a imágenes digitales de alta resolución de material de herbario de plantas de bosque seco tropical de Colombia.</descriptorValue>
                        </descriptor>
                    </studyAreaDescription>
                    <designDescription>
                        <description>
                            <para>El proyecto “Cerrando la brecha entre parcelas permanentes y la conservación de plantas en Colombia”, financiado por la fundación JRS biodiversity (http://jrsbiodiversity.org/grant/instituto-de-investigacion-de-recursos-biologicos-alexander-von-humboldt/), tiene como objetivo digitalizar el material de herbario de bosque seco de cinco herbarios del país: Universidad ICESI, Universidad de Córdoba, jardín botánico de Tuluá, Universidad del Tolima y herbario FMB del Instituto de investigación Alexander von Humboldt (IAvH). Este material hace parte de las colecciones de herbarios pero también ha sido recolectado en campo a través del establecimiento de parcelas permanentes de bosque seco en las diferentes regiones del país. El propósito de este proyecto es poner a disposición de toda la comunidad en general la información sobre la especies vegetales y sus rasgos funcionales de bosque seco para promover la investigación y conservación de este ecosistema en Colombia. En esta sección se encuentran los datos digitalizados del herbario ICESI de la Universidad ICESI.</para>
                        </description>
                    </designDescription>
            </project>
    </dataset>

    <additionalMetadata>
        <metadata>
            <gbif>
                <dateStamp>2023-07-03T21:02:11Z</dateStamp>
                <citation identifier="http://doi.org/10.15472/ahcjrq">Gamboa F, Pérez Medina S (2022). Herbario virtual bosques secos de Colombia - Sección herbario ICESI. Version 4.3. Universidad Icesi. Occurrence dataset https://doi.org/10.15472/ahcjrq accessed via GBIF.org on 2023-07-03.</citation>
                    <bibliography>
                <citation>Missouri Botanical Garden. Trópicos, 49163 registros. En Línea, http://www.tropicos.org/Home.aspx, publicado el 13/01/2014</citation>
                <citation>Universidad Nacional (2004). Nombres comunes de las plantas de Colombia, 18600 registros, apoyado por Bernal, R., (Publicador, Proveedor de los metadatos, Proveedor de Contenido), Galeano, G., (Publicador, Proveedor de los metadatos, Proveedor de Contenido), Rodríguez, A., (Publicador, Proveedor de los metadatos, Proveedor de Contenido), Sarmiento, H. , (Publicador, Proveedor de los metadatos, Proveedor de Contenido), Gutiérrez, M., (Publicador, Proveedor de los metadatos, Proveedor de Contenido). En línea, http://www.biovirtual.unal.edu.co/nombrescomunes/</citation>
                <citation>Universidad Nacional de Bogotá (2004). Biovirtual, 527000 registros. En línea, http://www.biovirtual.unal.edu.co/ICN/?controlador=Forms&amp;accion=quickFormScientific&amp;group=1&amp;searchType=scientific. Continuamente actualizado.</citation>
                <citation>Gentry, A. H. (1993). A Field Guide to the Families and Genera of Woody Plants of Northwest South America (Colombia, Ecuador, Perú). Washington: Conservation International</citation>
                <citation>Judd, W. S., Campbell, C. S., Kellogg, E. A., Stevens, P. F., &amp; Donoghue, M. J. (2008). Plant Systematics A Phylogenetic Approach (Tercera ed.). Sunderland: Sinauer Associates, Inc.</citation>
                <citation>Vargas, W. (2002). Guía ilustrada de plantas de las montañas del Quindío y los Andes Centrales. Manizales: Universidad de Caldas, Centro Editorial.</citation>
                <citation>The Field Museum (1999. Neotropical Herbarium Specimens, 27000 registros, aportados por Foster, Robin, (Publicador, Proveedor de los metadatos, Proveedor de Contenido), Hensold, Nancy, (Publicador, Proveedor de los metadatos, Proveedor de Contenido), Vriesendorp, Corine, (Publicador, Proveedor de los metadatos, Proveedor de Contenido). En línea, http://fm1.fieldmuseum.org/vrrc/index.php</citation>
                    </bibliography>
                    <physical>
                        <objectName>Herbario ICESI</objectName>
                        <characterEncoding>NA</characterEncoding>
                        <dataFormat>
                            <externallyDefinedFormat>
                                <formatName>.jpg</formatName>
                            </externallyDefinedFormat>
                        </dataFormat>
                        <distribution>
                            <online>
                                <url function="download">https://www.flickr.com/photos/109886592@N04/</url>
                            </online>
                        </distribution>
                    </physical>
                    <physical>
                        <objectName>Herbario virtual Bosques Secos de Colombia</objectName>
                        <characterEncoding>NA</characterEncoding>
                        <dataFormat>
                            <externallyDefinedFormat>
                                <formatName>.jpg</formatName>
                            </externallyDefinedFormat>
                        </dataFormat>
                        <distribution>
                            <online>
                                <url function="download">https://www.flickr.com/groups/herbario_virtual_bosques_secos_de_colombia/</url>
                            </online>
                        </distribution>
                    </physical>
                    <resourceLogoUrl>https://statics.sibcolombia.net/sib-resources/images/logos-socios/500px/icesi.jpg</resourceLogoUrl>
                        <collection>
                            <parentCollectionIdentifier>ICESI</parentCollectionIdentifier>
                            <collectionIdentifier>Registro nacional de colecciones: 193</collectionIdentifier>
                            <collectionName>Herbario ICESI</collectionName>
                        </collection>
                        <specimenPreservationMethod>DRIED_AND_PRESSED</specimenPreservationMethod>
                            <jgtiCuratorialUnit>
                                <jgtiUnitType>Exicado</jgtiUnitType>
                                <jgtiUnitRange>
                                    <beginRange>1</beginRange>
                                    <endRange>700</endRange>
                                </jgtiUnitRange>
                            </jgtiCuratorialUnit>
            </gbif>
        </metadata>
    </additionalMetadata>

</eml:eml>
