<?xml version="1.0" encoding="utf-8"?>
<eml:eml xmlns:eml="eml://ecoinformatics.org/eml-2.1.1" xmlns:xsi="http://www.w3.org/2001/XMLSchema-instance"
         xsi:schemaLocation="eml://ecoinformatics.org/eml-2.1.1 http://rs.gbif.org/schema/eml-gbif-profile/1.2/eml.xsd"
packageId="3345dcbc-a43d-4307-9cd8-084cb293d6bb"  system="http://gbif.org" scope="system"
xml:lang="pt">

    <dataset>
            <alternateIdentifier>10.15468/gg0o1b</alternateIdentifier>
                <alternateIdentifier>3345dcbc-a43d-4307-9cd8-084cb293d6bb</alternateIdentifier>
                <alternateIdentifier>http://ipt1.cria.org.br/ipt/resource?r=oupr</alternateIdentifier>
        <title>OUPR - Herbário &quot;Professor José Badini&quot;</title>
            <creator>
            <individualName>
<givenName>Viviane</givenName>                    <surName>Renata Scalon</surName>
            </individualName>
<organizationName>Universidade Federal de Ouro Preto (UFOP)</organizationName><positionName>Curador</positionName>            <address>
<deliveryPoint>UFOP/ ICEB, Campus Morro do Cruzeiro s/n, Bairro Bauxita</deliveryPoint><city>Ouro Preto</city><administrativeArea>Minas Gerais</administrativeArea><country>BRAZIL</country>            </address>
<phone>+55 31 3559-1706</phone><electronicMailAddress>herbario@ufop.br</electronicMailAddress>            </creator>
            <metadataProvider>
            <individualName>
<givenName>Viviane</givenName>                    <surName>Renata Scalon</surName>
            </individualName>
<organizationName>Universidade Federal de Ouro Preto (UFOP)</organizationName><positionName>Curador</positionName>            <address>
<deliveryPoint>UFOP/ ICEB, Campus Morro do Cruzeiro s/n, Bairro Bauxita</deliveryPoint><city>Ouro Preto</city><administrativeArea>Minas Gerais</administrativeArea><country>BRAZIL</country>            </address>
<phone>+55 31 3559-1706</phone><electronicMailAddress>herbario@ufop.br</electronicMailAddress>            </metadataProvider>
            <associatedParty>
            <individualName>
                    <surName>speciesLink Network</surName>
            </individualName>
<organizationName>Centro de Referência em Informação Ambiental, CRIA</organizationName><positionName>Network</positionName>            <address>
<deliveryPoint>Av. Dr. Romeu Tórtima, 388</deliveryPoint><city>Campinas</city><administrativeArea>São Paulo</administrativeArea><postalCode>13084-791</postalCode><country>BRAZIL</country>            </address>
<phone>+55 19 3288-0466</phone><electronicMailAddress>splink@cria.org.br</electronicMailAddress><onlineUrl>http://splink.cria.org.br</onlineUrl>            <role>CUSTODIAN_STEWARD</role>
            </associatedParty>
            <pubDate>
                2023-06-27
            </pubDate>
        <language>PORTUGUESE</language>
            <abstract>
                    <para>No século XIX, foram implantados os herbários no Brasil: Herbário do Museu Nacional/ R (1808); Herbário do Jardim Botânico do Rio de Janeiro/ RB (1890); Herbário da Escola de Farmácia de Ouro Preto/ OUPR (1891); Herbário Museu Paraense E. Goeldi/ MG; (1895); Herbário D. Bento Pickel/ SPSF (1896) e Herbário da Escola de Minas/ EM (1900). O Herbário Professor José Badini foi fundado em 1986, no Instituto de Ciências Exatas e Biológicas (ICEB), da Universidade Federal de Ouro Preto, onde foram incorporados os acervos dos Herbários da Escola de Farmácia, Herbário da Escola de Minas e Herbário Magalhães Gomes, mantendo o acrônimo OUPR. Dentre as coleções históricas importantes deste Herbário figuram as de Schwacke, Leonidas Damazio, Álvaro da Silveira, C. T. de Magalhães Gomes e seus irmãos, Ducke, Costa Sena, Alfredo T. Baeta Neves, Mello Barreto, Campos Porto, Loefgren, Jacinto Bruno de Godoy e Moacyr do Amaral Lisboa. O seu acervo atualmente é de aproximadamente 35.000 exsicatas, tanto da flora brasileira, como de espécies exóticas. Possui diversas espécies tipus descritas, principalmente, pelos botânicos Álvaro da Silveira, Leonidas Damázio, Schwacke, Moacyr do Amaral Lisboa e José Badini. Este patrimônio, que data de mais de um século, é sempre solicitado para consultas por diversas instituições e pesquisadores, do Brasil e do exterior, no desenvolvimento de pesquisas em taxonomia, florística, farmacologia, ecologia e outras ciências afins. Dentre as coleções atuais de maior importância em número de espécimes coletados merece destaque a do Prof. José Badini, que amostrou principalmente Ouro Preto e região. O acervo do Herbário Professor José Badini contempla principalmente a flora do Quadrilátero Ferrífero, principalmente de campos rupestres quartzíticos e ferruginosos (cangas), além de florestas (matas semideciduais e ciliares). O Herbário Professor José Badini é cadastrado junto à Rede Brasileira de Herbário e Index Herbariorum, o que contribui para a divulgação de seu acervo junto à comunidade científica, além de ser reconhecido como Fiel Depositário do Patrimônio Genético junto ao Ministério do Meio Ambiente (Deliberação no 61, D.O.U. 08/7/2004, seção 1, página 104).</para>
            </abstract>
                <keywordSet>
                        <keyword>Occurrence</keyword>
                        <keywordThesaurus>GBIF Dataset Type Vocabulary: http://rs.gbif.org/vocabulary/gbif/dataset_type.xml</keywordThesaurus>
                </keywordSet>
                <keywordSet>
                        <keyword>Specimen</keyword>
                        <keywordThesaurus>GBIF Dataset Subtype Vocabulary: http://rs.gbif.org/vocabulary/gbif/dataset_subtype.xml</keywordThesaurus>
                </keywordSet>
                <keywordSet>
                        <keyword>Occurrence</keyword>
                        <keywordThesaurus>GBIF Dataset Type Vocabulary: http://rs.gbif.org/vocabulary/gbif/dataset_type_2015-07-10.xml</keywordThesaurus>
                </keywordSet>
            <intellectualRights>
                    <para>This work is licensed under a <ulink url="http://creativecommons.org/licenses/by-nc/4.0/legalcode"><citetitle>Creative Commons Attribution Non Commercial (CC-BY-NC) 4.0 License</citetitle></ulink>.</para>
            </intellectualRights>
            <distribution scope="document">
                <online>
                    <url function="information">http://splink.cria.org.br/manager/detail?resource=OUPR</url>
                </online>
            </distribution>
            <coverage>
                    <geographicCoverage>
                            <geographicDescription>Predominantemente Brasil</geographicDescription>
                            <boundingCoordinates>
                                <westBoundingCoordinate>-74</westBoundingCoordinate>
                                <eastBoundingCoordinate>-30</eastBoundingCoordinate>
                                <northBoundingCoordinate>5.27</northBoundingCoordinate>
                                <southBoundingCoordinate>-33.75</southBoundingCoordinate>
                            </boundingCoordinates>
                    </geographicCoverage>
                        <taxonomicCoverage>
                                <taxonomicClassification>
                                        <taxonRankName>Kingdom</taxonRankName>
                                    <taxonRankValue>Plantae</taxonRankValue>
                                </taxonomicClassification>
                        </taxonomicCoverage>
            </coverage>
            <maintenance>
                <description>
                    <para></para>
                </description>
                <maintenanceUpdateFrequency>monthly</maintenanceUpdateFrequency>
            </maintenance>
            <contact>
            <individualName>
<givenName>Viviane</givenName>                    <surName>Renata Scalon</surName>
            </individualName>
<organizationName>Universidade Federal de Ouro Preto (UFOP)</organizationName><positionName>Curador</positionName>            <address>
<deliveryPoint>UFOP/ ICEB, Campus Morro do Cruzeiro s/n, Bairro Bauxita</deliveryPoint><city>Ouro Preto</city><administrativeArea>Minas Gerais</administrativeArea><country>BRAZIL</country>            </address>
<phone>+55 31 3559-1706</phone><electronicMailAddress>herbario@ufop.br</electronicMailAddress>            </contact>
            <methods>
                    <methodStep>
                        <description>
                            <para></para>
                        </description>
                    </methodStep>
            </methods>

            <project >
                <title>INCT - Herbário Virtual da Flora e dos Fungos</title>
                    <personnel>
            <individualName>
<givenName>Leonor</givenName>                    <surName>Costa Maia</surName>
            </individualName>
            <role>DISTRIBUTOR</role>
                    </personnel>
                <abstract>
                    <para>O Instituto Nacional de Ciência e Tecnologia, INCT - Herbário Virtual da Flora e dos Fungos, financiado pelo Conselho Nacional de Desenvolvimento Científico e Tecnológico, CNPq, visa prover à sociedade, ao poder público e à comunidade científica infraestrutura de dados de acesso público e aberto integrando informações de acervos dos herbários do país e repatriando dados sobre coletas realizadas em solo brasileiro depositadas no exterior</para>
                </abstract>
                <funding>
                    <para>Conselho Nacional de Desenvolvimento Científico e Tecnológico, CNPq</para>
                </funding>
                    <studyAreaDescription>
                        <descriptor name="generic" citableClassificationSystem="false">
                            <descriptorValue>Ocorrência de espécies de plantas e fungos no Brasil</descriptorValue>
                        </descriptor>
                    </studyAreaDescription>
            </project>
    </dataset>

    <additionalMetadata>
        <metadata>
            <gbif>
                <dateStamp>2023-07-03T21:02:15Z</dateStamp>
                <citation identifier="  http://splink.cria.org.br/manager/detail?resource=OUPR">Renata Scalon V (2023). OUPR - Herbário &quot;Professor José Badini&quot;. Version 1.99. Universidade Federal de Ouro Preto. Occurrence dataset https://doi.org/10.15468/gg0o1b accessed via GBIF.org on 2023-07-03.</citation>
                    <resourceLogoUrl>http://ipt1.cria.org.br/ipt/logo.do?r=oupr</resourceLogoUrl>
            </gbif>
        </metadata>
    </additionalMetadata>

</eml:eml>
