<?xml version="1.0" encoding="utf-8"?>
<eml:eml xmlns:eml="eml://ecoinformatics.org/eml-2.1.1" xmlns:xsi="http://www.w3.org/2001/XMLSchema-instance"
         xsi:schemaLocation="eml://ecoinformatics.org/eml-2.1.1 http://rs.gbif.org/schema/eml-gbif-profile/1.2/eml.xsd"
packageId="3cb7fc60-aa95-4556-b987-b7f6f593b9a1"  system="http://gbif.org" scope="system"
xml:lang="en">

    <dataset>
            <alternateIdentifier>10.15468/9dbxh8</alternateIdentifier>
                <alternateIdentifier>https://ipt.jbrj.gov.br/reflora/resource?r=us_reflora</alternateIdentifier>
                <alternateIdentifier>3cb7fc60-aa95-4556-b987-b7f6f593b9a1</alternateIdentifier>
                <alternateIdentifier>http://ipt.jbrj.gov.br/reflora/resource?r=us_reflora</alternateIdentifier>
        <title>US herbarium - Smithsonian Institute - Amostras Brasileiras Repatriadas - Herbário Virtual REFLORA</title>
            <creator>
            <individualName>
<givenName>Sue</givenName>                    <surName>Lutz</surName>
            </individualName>
<organizationName>Smithsonian Institution</organizationName><positionName>Curator</positionName>            <address>
<city>Washington</city><administrativeArea>DC</administrativeArea><country>UNITED_STATES</country>            </address>
<electronicMailAddress>lutzs@si.edu</electronicMailAddress><onlineUrl>https://www.si.edu</onlineUrl>            </creator>
            <metadataProvider>
            <individualName>
<givenName>Brazilian Flora Group</givenName>                    <surName>Reflora</surName>
            </individualName>
<organizationName>Instituto de Pesquisas Jardim Botânico do Rio de Janeiro</organizationName><positionName>Reflora coordinator</positionName>            <address>
<deliveryPoint>Rua Pacheco Leão 915</deliveryPoint><city>Rio de Janeiro</city><administrativeArea>RJ</administrativeArea><postalCode>22460-030</postalCode><country>BRAZIL</country>            </address>
<phone>+552132042082</phone><electronicMailAddress>reflora@jbrj.gov.br</electronicMailAddress>            </metadataProvider>
            <pubDate>
                2023-06-24
            </pubDate>
        <language>PORTUGUESE</language>
            <abstract>
                    <para>US herbarium - Smithsonian Institute - Amostras Brasileiras Repatriadas - Herbário Virtual REFLORA</para>
            </abstract>
                <keywordSet>
                        <keyword>Occurrence</keyword>
                        <keywordThesaurus>GBIF Dataset Type Vocabulary: http://rs.gbif.org/vocabulary/gbif/dataset_type.xml</keywordThesaurus>
                </keywordSet>
                <keywordSet>
                        <keyword>Specimen</keyword>
                        <keywordThesaurus>GBIF Dataset Subtype Vocabulary: http://rs.gbif.org/vocabulary/gbif/dataset_subtype.xml</keywordThesaurus>
                </keywordSet>
                <keywordSet>
                        <keyword>Occurrence</keyword>
                        <keywordThesaurus>GBIF Dataset Type Vocabulary: http://rs.gbif.org/vocabulary/gbif/dataset_type_2015-07-10.xml</keywordThesaurus>
                </keywordSet>
            <intellectualRights>
                    <para>This work is licensed under a <ulink url="http://creativecommons.org/licenses/by/4.0/legalcode"><citetitle>Creative Commons Attribution (CC-BY) 4.0 License</citetitle></ulink>.</para>
            </intellectualRights>
            <maintenance>
                <description>
                    <para></para>
                </description>
                <maintenanceUpdateFrequency>monthly</maintenanceUpdateFrequency>
            </maintenance>
            <contact>
            <individualName>
<givenName>Sue</givenName>                    <surName>Lutz</surName>
            </individualName>
<organizationName>Smithsonian Institution</organizationName><positionName>Curator</positionName>            <address>
<city>Washington</city><administrativeArea>DC</administrativeArea><country>UNITED_STATES</country>            </address>
<electronicMailAddress>lutzs@si.edu</electronicMailAddress><onlineUrl>https://www.si.edu</onlineUrl>            </contact>

    </dataset>

    <additionalMetadata>
        <metadata>
            <gbif>
                <dateStamp>2023-07-03T21:02:21Z</dateStamp>
                <citation>Lutz S, Reflora B F G (2023). US herbarium - Smithsonian Institute - Amostras Brasileiras Repatriadas - Herbário Virtual REFLORA. Version 1.215. Instituto de Pesquisas Jardim Botanico do Rio de Janeiro. Occurrence dataset https://doi.org/10.15468/9dbxh8 accessed via GBIF.org on 2023-07-03.</citation>
                    <resourceLogoUrl>http://ipt.jbrj.gov.br/reflora/logo.do?r=us_reflora</resourceLogoUrl>
            </gbif>
        </metadata>
    </additionalMetadata>

</eml:eml>
