<?xml version="1.0" encoding="utf-8"?>
<eml:eml xmlns:eml="eml://ecoinformatics.org/eml-2.1.1" xmlns:xsi="http://www.w3.org/2001/XMLSchema-instance"
         xsi:schemaLocation="eml://ecoinformatics.org/eml-2.1.1 http://rs.gbif.org/schema/eml-gbif-profile/1.2/eml.xsd"
packageId="4005c523-b315-46cc-bf57-f54dd3a28b93"  system="http://gbif.org" scope="system"
xml:lang="en">

    <dataset>
            <alternateIdentifier>10.15468/g9sbtb</alternateIdentifier>
                <alternateIdentifier>https://science-net.kahaku.go.jp/ipt2/resource?r=snet-1002-102</alternateIdentifier>
                <alternateIdentifier>http://science-net.kahaku.go.jp/ipt2/resource?r=snet-1002-102</alternateIdentifier>
                <alternateIdentifier>4005c523-b315-46cc-bf57-f54dd3a28b93</alternateIdentifier>
                <alternateIdentifier>http://gbif.science-net.kahaku.go.jp:8081/ipt2/resource?r=snet-1002-102</alternateIdentifier>
        <title>Plant specimens of Otaru Museum</title>
            <creator>
            <individualName>
<givenName>Aki</givenName>                    <surName>Yamamoto</surName>
            </individualName>
<organizationName>Otaru Museum</organizationName><positionName>Curator</positionName>            <address>
<country>JAPAN</country>            </address>
<electronicMailAddress>yamamoto.otaru.museum@gmail.com</electronicMailAddress>            </creator>
            <metadataProvider>
            <individualName>
<givenName>Aki</givenName>                    <surName>Yamamoto</surName>
            </individualName>
<organizationName>Otaru Museum</organizationName><positionName>Curator</positionName>            <address>
<country>JAPAN</country>            </address>
<electronicMailAddress>yamamoto.otaru.museum@gmail.com</electronicMailAddress>            </metadataProvider>
            <pubDate>
                2023-03-27
            </pubDate>
        <language>ENGLISH</language>
            <abstract>
                    <para>Plant specimens deposited in Otaru Museum</para>
            </abstract>
                <keywordSet>
                        <keyword>Occurrence</keyword>
                        <keywordThesaurus>GBIF Dataset Type Vocabulary: http://rs.gbif.org/vocabulary/gbif/dataset_type_2015-07-10.xml</keywordThesaurus>
                </keywordSet>
            <intellectualRights>
                    <para>This work is licensed under a <ulink url="http://creativecommons.org/licenses/by/4.0/legalcode"><citetitle>Creative Commons Attribution (CC-BY) 4.0 License</citetitle></ulink>.</para>
            </intellectualRights>
            <maintenance>
                <description>
                    <para></para>
                </description>
                <maintenanceUpdateFrequency>unkown</maintenanceUpdateFrequency>
            </maintenance>
            <contact>
            <individualName>
<givenName>Aki</givenName>                    <surName>Yamamoto</surName>
            </individualName>
<organizationName>Otaru Museum</organizationName><positionName>Curator</positionName>            <address>
<country>JAPAN</country>            </address>
<electronicMailAddress>yamamoto.otaru.museum@gmail.com</electronicMailAddress>            </contact>

    </dataset>

    <additionalMetadata>
        <metadata>
            <gbif>
                <dateStamp>2023-07-03T21:02:22Z</dateStamp>
                <citation>Yamamoto A (2023). Plant specimens of Otaru Museum. Version 1.8. National Museum of Nature and Science, Japan. Occurrence dataset https://doi.org/10.15468/g9sbtb accessed via GBIF.org on 2023-07-03.</citation>
            </gbif>
        </metadata>
    </additionalMetadata>

</eml:eml>
