<?xml version="1.0" encoding="utf-8"?>
<eml:eml xmlns:eml="eml://ecoinformatics.org/eml-2.1.1" xmlns:xsi="http://www.w3.org/2001/XMLSchema-instance"
         xsi:schemaLocation="eml://ecoinformatics.org/eml-2.1.1 http://rs.gbif.org/schema/eml-gbif-profile/1.2/eml.xsd"
packageId="46239994-a621-4d41-9556-e53e0e9bed63"  system="http://gbif.org" scope="system"
xml:lang="en">

    <dataset>
            <alternateIdentifier>10.15468/hfs8d4</alternateIdentifier>
                <alternateIdentifier>10.15156/bio/587443</alternateIdentifier>
                <alternateIdentifier>46239994-a621-4d41-9556-e53e0e9bed63</alternateIdentifier>
                <alternateIdentifier>https://plutof.ut.ee/ipt/resource?r=tall_collections</alternateIdentifier>
        <title>Tallinn Botanic Garden</title>
            <creator>
            <individualName>
<givenName>Merlyn</givenName>                    <surName>Pajur</surName>
            </individualName>
<positionName>Curator</positionName><electronicMailAddress>merlyn.pajur@botaanikaaed.ee</electronicMailAddress>            </creator>
            <metadataProvider>
            <individualName>
<givenName>Merlyn</givenName>                    <surName>Pajur</surName>
            </individualName>
<positionName>Curator</positionName><electronicMailAddress>merlyn.pajur@botaanikaaed.ee</electronicMailAddress>            </metadataProvider>
        <language>ENGLISH</language>
            <abstract>
                    <para>Tallinn Botanic Garden stores more than 95 000 herbarium specimens - plants, bryophytes, fungi and lichens, but also fruits, cones and wood.</para>
            </abstract>
            <intellectualRights>
                    <para>This work is licensed under a <ulink url="http://creativecommons.org/licenses/by-nc/4.0/legalcode"><citetitle>Creative Commons Attribution Non Commercial (CC-BY-NC) 4.0 License</citetitle></ulink>.</para>
            </intellectualRights>
            <distribution scope="document">
                <online>
                    <url function="information">https://botaanikaaed.ee/</url>
                </online>
            </distribution>
            <contact>
            <individualName>
<givenName>Merlyn</givenName>                    <surName>Pajur</surName>
            </individualName>
<positionName>Curator</positionName><electronicMailAddress>merlyn.pajur@botaanikaaed.ee</electronicMailAddress>            </contact>

            <project >
                <title></title>
                <abstract>
                    <para></para>
                </abstract>
                <funding>
                    <para></para>
                </funding>
            </project>
    </dataset>

    <additionalMetadata>
        <metadata>
            <gbif>
                <dateStamp>2023-07-03T21:02:25Z</dateStamp>
                <citation>Pajur M. Tallinn Botanic Garden. Tallinn Botanic Garden. Occurrence dataset https://doi.org/10.15468/hfs8d4 accessed via GBIF.org on 2023-07-03.</citation>
                    <resourceLogoUrl>https://files.plutof.ut.ee/public/orig/82/8E/828EDC907BDCCCE8D461893835233B26E900FBDBBFB5258C414A50980F048AE4.png</resourceLogoUrl>
            </gbif>
        </metadata>
    </additionalMetadata>

</eml:eml>
