<?xml version="1.0" encoding="utf-8"?>
<eml:eml xmlns:eml="eml://ecoinformatics.org/eml-2.1.1" xmlns:xsi="http://www.w3.org/2001/XMLSchema-instance"
         xsi:schemaLocation="eml://ecoinformatics.org/eml-2.1.1 http://rs.gbif.org/schema/eml-gbif-profile/1.2/eml.xsd"
packageId="4a7b7778-0509-465f-a256-8b7213486b64"  system="http://gbif.org" scope="system"
xml:lang="es">

    <dataset>
            <alternateIdentifier>10.15472/ncbzr6</alternateIdentifier>
                <alternateIdentifier>https://ipt.biodiversidad.co/sib/resource?r=citricos_caribe_umagdalena</alternateIdentifier>
        <title>Malezas de cítricos del Caribe colombiano</title>
            <creator>
            <individualName>
<givenName>Irma</givenName>                    <surName>Quintero-Pertuz</surName>
            </individualName>
<organizationName>Universidad del Magdalena</organizationName><positionName>Docente</positionName>            <address>
<deliveryPoint>Carrera 32 #22-08</deliveryPoint><city>Santa Marta</city><administrativeArea>Magdalena</administrativeArea><postalCode>470004</postalCode><country>COLOMBIA</country>            </address>
<phone>3008927429</phone><electronicMailAddress>iquintero@unimagdalena.edu.co</electronicMailAddress>            <userId directory="http://orcid.org/">0000-0001-9194-5066</userId>
            </creator>
            <creator>
            <individualName>
<givenName>Eduino</givenName>                    <surName>Carbonó-Delahoz</surName>
            </individualName>
<organizationName>Universidad del Magdalena</organizationName><positionName>Docente</positionName>            <address>
<deliveryPoint>Carrera 32 #22-08</deliveryPoint><city>Santa Marta</city><administrativeArea>Magdalena</administrativeArea><postalCode>470004</postalCode><country>COLOMBIA</country>            </address>
<phone>3008927429</phone><electronicMailAddress>ecarbono@unimagdalena.edu.co</electronicMailAddress>            <userId directory="http://orcid.org/">0000-0001-5380-8669</userId>
            </creator>
            <creator>
            <individualName>
<givenName>Kevin</givenName>                    <surName>Miranda</surName>
            </individualName>
<organizationName>Universidad del Magdalena</organizationName><positionName>Contratista</positionName>            <address>
<deliveryPoint>Carrera 32 #22-08</deliveryPoint><city>Santa Marta</city><administrativeArea>Magdalena</administrativeArea><postalCode>470004</postalCode><country>COLOMBIA</country>            </address>
<phone>3116117906</phone><electronicMailAddress>kevinmirandafd@unimagdalena.edu.co</electronicMailAddress>            </creator>
            <creator>
            <individualName>
<givenName>Lumey</givenName>                    <surName>Pérez Artiles</surName>
            </individualName>
<organizationName>Agrosavia</organizationName><positionName>Investigadora</positionName><electronicMailAddress>lpereza@agrosavia.co</electronicMailAddress>            </creator>
            <creator>
            <individualName>
<givenName>Carlos</givenName>                    <surName>Brochero</surName>
            </individualName>
<organizationName>Agrosavia</organizationName><positionName>Investigador</positionName><electronicMailAddress>cbrochero@agrosavia.co</electronicMailAddress>            </creator>
            <metadataProvider>
            <individualName>
<givenName>Irma</givenName>                    <surName>Quintero-Pertuz</surName>
            </individualName>
<organizationName>Universidad del Magdalena</organizationName><positionName>Docente</positionName>            <address>
<deliveryPoint>Carrera 32 #22-08</deliveryPoint><city>Santa Marta</city><administrativeArea>Magdalena</administrativeArea><postalCode>470004</postalCode><country>COLOMBIA</country>            </address>
<phone>3008927429</phone><electronicMailAddress>iquintero@unimagdalena.edu.co</electronicMailAddress>            <userId directory="http://orcid.org/">0000-0001-9194-5066</userId>
            </metadataProvider>
            <metadataProvider>
            <individualName>
<givenName>Eduino</givenName>                    <surName>Carbonó-Delahoz</surName>
            </individualName>
<organizationName>Universidad del Magdalena</organizationName><positionName>Docente</positionName>            <address>
<deliveryPoint>Carrera 32 #22-08</deliveryPoint><city>Santa Marta</city><administrativeArea>Magdalena</administrativeArea><postalCode>470004</postalCode><country>COLOMBIA</country>            </address>
<phone>3008927429</phone><electronicMailAddress>ecarbono@unimagdalena.edu.co</electronicMailAddress>            <userId directory="http://orcid.org/">0000-0001-5380-8669</userId>
            </metadataProvider>
            <metadataProvider>
            <individualName>
<givenName>Lumey</givenName>                    <surName>Pérez Artiles</surName>
            </individualName>
<organizationName>Agrosavia</organizationName><positionName>Investigadora</positionName><electronicMailAddress>lpereza@agrosavia.co</electronicMailAddress>            </metadataProvider>
            <associatedParty>
<organizationName>AGROSAVIA</organizationName>            <address>
<deliveryPoint>Kilómetro 6 vía Sevilla-Guacamayal</deliveryPoint><city>Zona Banaera</city><administrativeArea>Magdalena</administrativeArea><country>COLOMBIA</country>            </address>
            <role>AUTHOR</role>
            </associatedParty>
            <pubDate>
                2022-01-27
            </pubDate>
        <language>SPANISH</language>
            <abstract>
                    <para>El objetivo de este trabajo fue determinar la composición florística asociada a cultivos de cítricos de la región Caribe colombiana. Se entrega el inventario de las malezas asociadas al cultivo, lo cual, aporta información actualizada y verificable y permite contemplar posibles variaciones de la flora asociada a cinco sistemas citrícolas en cuatro departamentos de la región Caribe. Este recurso cuenta con 236 registros tomados en los años 2020 y 2021.</para>
            </abstract>
                <keywordSet>
                        <keyword>Malezas</keyword>
                        <keyword>Cítricos</keyword>
                        <keyword>Manejo integrado</keyword>
                        <keywordThesaurus>n/a</keywordThesaurus>
                </keywordSet>
                <keywordSet>
                        <keyword>Occurrence</keyword>
                        <keywordThesaurus>GBIF Dataset Type Vocabulary: http://rs.gbif.org/vocabulary/gbif/dataset_type_2015-07-10.xml</keywordThesaurus>
                </keywordSet>
                <keywordSet>
                        <keyword>PERMISO_COLECTA</keyword>
                        <keywordThesaurus>SiB Colombia</keywordThesaurus>
                </keywordSet>
                <keywordSet>
                        <keyword>Observation</keyword>
                        <keywordThesaurus>GBIF Dataset Subtype Vocabulary: http://rs.gbif.org/vocabulary/gbif/dataset_subtype.xml</keywordThesaurus>
                </keywordSet>
            <intellectualRights>
                    <para>This work is licensed under a <ulink url="http://creativecommons.org/licenses/by-nc/4.0/legalcode"><citetitle>Creative Commons Attribution Non Commercial (CC-BY-NC) 4.0 License</citetitle></ulink>.</para>
            </intellectualRights>
            <coverage>
                    <geographicCoverage>
                            <geographicDescription>Los registros se tomaron en cuatro departamentos (Atlántico, Bolívar, La Guajira y Magdalena) del Caribe colombiano.</geographicDescription>
                            <boundingCoordinates>
                                <westBoundingCoordinate>-75.597</westBoundingCoordinate>
                                <eastBoundingCoordinate>-71.191</eastBoundingCoordinate>
                                <northBoundingCoordinate>12.426</northBoundingCoordinate>
                                <southBoundingCoordinate>9.265</southBoundingCoordinate>
                            </boundingCoordinates>
                    </geographicCoverage>
                    <temporalCoverage>
                            <rangeOfDates>
                                <beginDate>
                                    <calendarDate>                2020-10-15
</calendarDate>
                                </beginDate>
                                <endDate>
                                    <calendarDate>                2021-07-16
</calendarDate>
                                </endDate>
                            </rangeOfDates>
                    </temporalCoverage>
                        <taxonomicCoverage>
                                <generalTaxonomicCoverage>Los 236 registros corresponden a plantas asociadas los cultivos de citricos. Se encontró un total de 37 familias siendo las más representativas: Fabaceae (34 registros), Asteraceae, Poaceae (23 registros), Malvaceae (21 registros) y Euphorbiaceae (19 registros). En cuanto a especies se determinaron 118 siendo las más representativas: Melochia parvifolia (8 registros), Ludwigia erecta (7 registros) y Alternanthera albotomentosa, Commelina erecta, Cyanthillium cinereum, Euphorbia hypericifolia, Tridax procumbens (6 registros).</generalTaxonomicCoverage>
                                <taxonomicClassification>
                                        <taxonRankName>Family</taxonRankName>
                                    <taxonRankValue>Fabaceae</taxonRankValue>
                                </taxonomicClassification>
                                <taxonomicClassification>
                                        <taxonRankName>Family</taxonRankName>
                                    <taxonRankValue>Asteraceae</taxonRankValue>
                                </taxonomicClassification>
                                <taxonomicClassification>
                                        <taxonRankName>Family</taxonRankName>
                                    <taxonRankValue>Poaceae</taxonRankValue>
                                </taxonomicClassification>
                                <taxonomicClassification>
                                        <taxonRankName>Family</taxonRankName>
                                    <taxonRankValue>Malvaceae</taxonRankValue>
                                </taxonomicClassification>
                                <taxonomicClassification>
                                        <taxonRankName>Family</taxonRankName>
                                    <taxonRankValue>Euphorbiaceae</taxonRankValue>
                                </taxonomicClassification>
                                <taxonomicClassification>
                                        <taxonRankName>Family</taxonRankName>
                                    <taxonRankValue>Amaranthaceae</taxonRankValue>
                                </taxonomicClassification>
                                <taxonomicClassification>
                                        <taxonRankName>Family</taxonRankName>
                                    <taxonRankValue>Onagraceae</taxonRankValue>
                                </taxonomicClassification>
                                <taxonomicClassification>
                                        <taxonRankName>Family</taxonRankName>
                                    <taxonRankValue>Commelinaceae</taxonRankValue>
                                </taxonomicClassification>
                                <taxonomicClassification>
                                        <taxonRankName>Family</taxonRankName>
                                    <taxonRankValue>Cyperaceae</taxonRankValue>
                                </taxonomicClassification>
                                <taxonomicClassification>
                                        <taxonRankName>Family</taxonRankName>
                                    <taxonRankValue>Verbenaceae</taxonRankValue>
                                </taxonomicClassification>
                                <taxonomicClassification>
                                        <taxonRankName>Family</taxonRankName>
                                    <taxonRankValue>Cucurbitaceae</taxonRankValue>
                                </taxonomicClassification>
                                <taxonomicClassification>
                                        <taxonRankName>Family</taxonRankName>
                                    <taxonRankValue>Heliotropiaceae</taxonRankValue>
                                </taxonomicClassification>
                                <taxonomicClassification>
                                        <taxonRankName>Family</taxonRankName>
                                    <taxonRankValue>Nyctaginaceae</taxonRankValue>
                                </taxonomicClassification>
                                <taxonomicClassification>
                                        <taxonRankName>Family</taxonRankName>
                                    <taxonRankValue>Solanaceae</taxonRankValue>
                                </taxonomicClassification>
                                <taxonomicClassification>
                                        <taxonRankName>Family</taxonRankName>
                                    <taxonRankValue>Acanthaceae</taxonRankValue>
                                </taxonomicClassification>
                                <taxonomicClassification>
                                        <taxonRankName>Family</taxonRankName>
                                    <taxonRankValue>Cordiaceae</taxonRankValue>
                                </taxonomicClassification>
                                <taxonomicClassification>
                                        <taxonRankName>Family</taxonRankName>
                                    <taxonRankValue>Rubiaceae</taxonRankValue>
                                </taxonomicClassification>
                                <taxonomicClassification>
                                        <taxonRankName>Family</taxonRankName>
                                    <taxonRankValue>Convolvulaceae</taxonRankValue>
                                </taxonomicClassification>
                                <taxonomicClassification>
                                        <taxonRankName>Family</taxonRankName>
                                    <taxonRankValue>Passifloraceae</taxonRankValue>
                                </taxonomicClassification>
                                <taxonomicClassification>
                                        <taxonRankName>Family</taxonRankName>
                                    <taxonRankValue>Phytolaccaceae</taxonRankValue>
                                </taxonomicClassification>
                                <taxonomicClassification>
                                        <taxonRankName>Family</taxonRankName>
                                    <taxonRankValue>Piperaceae</taxonRankValue>
                                </taxonomicClassification>
                                <taxonomicClassification>
                                        <taxonRankName>Family</taxonRankName>
                                    <taxonRankValue>Plantaginaceae</taxonRankValue>
                                </taxonomicClassification>
                                <taxonomicClassification>
                                        <taxonRankName>Family</taxonRankName>
                                    <taxonRankValue>Portulacaceae</taxonRankValue>
                                </taxonomicClassification>
                                <taxonomicClassification>
                                        <taxonRankName>Family</taxonRankName>
                                    <taxonRankValue>Apocynaceae</taxonRankValue>
                                </taxonomicClassification>
                                <taxonomicClassification>
                                        <taxonRankName>Family</taxonRankName>
                                    <taxonRankValue>Loasaceae</taxonRankValue>
                                </taxonomicClassification>
                                <taxonomicClassification>
                                        <taxonRankName>Family</taxonRankName>
                                    <taxonRankValue>Loranthaceae</taxonRankValue>
                                </taxonomicClassification>
                                <taxonomicClassification>
                                        <taxonRankName>Family</taxonRankName>
                                    <taxonRankValue>Malpighiaceae</taxonRankValue>
                                </taxonomicClassification>
                                <taxonomicClassification>
                                        <taxonRankName>Family</taxonRankName>
                                    <taxonRankValue>Microteaceae</taxonRankValue>
                                </taxonomicClassification>
                                <taxonomicClassification>
                                        <taxonRankName>Family</taxonRankName>
                                    <taxonRankValue>Molluginaceae</taxonRankValue>
                                </taxonomicClassification>
                                <taxonomicClassification>
                                        <taxonRankName>Family</taxonRankName>
                                    <taxonRankValue>Oxalidaceae</taxonRankValue>
                                </taxonomicClassification>
                                <taxonomicClassification>
                                        <taxonRankName>Family</taxonRankName>
                                    <taxonRankValue>Phyllanthaceae</taxonRankValue>
                                </taxonomicClassification>
                                <taxonomicClassification>
                                        <taxonRankName>Family</taxonRankName>
                                    <taxonRankValue>Sapindaceae</taxonRankValue>
                                </taxonomicClassification>
                                <taxonomicClassification>
                                        <taxonRankName>Family</taxonRankName>
                                    <taxonRankValue>Scrophulariaceae</taxonRankValue>
                                </taxonomicClassification>
                                <taxonomicClassification>
                                        <taxonRankName>Family</taxonRankName>
                                    <taxonRankValue>Talinaceae</taxonRankValue>
                                </taxonomicClassification>
                                <taxonomicClassification>
                                        <taxonRankName>Family</taxonRankName>
                                    <taxonRankValue>Violaceae</taxonRankValue>
                                </taxonomicClassification>
                                <taxonomicClassification>
                                        <taxonRankName>Family</taxonRankName>
                                    <taxonRankValue>Vitaceae</taxonRankValue>
                                </taxonomicClassification>
                                <taxonomicClassification>
                                        <taxonRankName>Family</taxonRankName>
                                    <taxonRankValue>Zygophyllaceae</taxonRankValue>
                                </taxonomicClassification>
                        </taxonomicCoverage>
            </coverage>
            <maintenance>
                <description>
                    <para></para>
                </description>
                <maintenanceUpdateFrequency>asNeeded</maintenanceUpdateFrequency>
            </maintenance>
            <contact>
            <individualName>
<givenName>Irma</givenName>                    <surName>Quintero-Pertuz</surName>
            </individualName>
<organizationName>Universidad del Magdalena</organizationName><positionName>Docente</positionName>            <address>
<deliveryPoint>Carrera 32 #22-08</deliveryPoint><city>Santa Marta</city><administrativeArea>Magdalena</administrativeArea><postalCode>470004</postalCode><country>COLOMBIA</country>            </address>
<phone>3008927429</phone><electronicMailAddress>iquintero@unimagdalena.edu.co</electronicMailAddress>            <userId directory="http://orcid.org/">0000-0001-9194-5066</userId>
            </contact>
            <contact>
            <individualName>
<givenName>Eduino</givenName>                    <surName>Carbonó-Delahoz</surName>
            </individualName>
<organizationName>Universidad del Magdalena</organizationName><positionName>Docente</positionName>            <address>
<deliveryPoint>Carrera 32 #22-08</deliveryPoint><city>Santa Marta</city><administrativeArea>Magdalena</administrativeArea><postalCode>470004</postalCode><country>COLOMBIA</country>            </address>
<phone>3176804515</phone><electronicMailAddress>ecarbono@unimagdalena.edu.co</electronicMailAddress>            <userId directory="http://orcid.org/">0000-0001-5380-8669</userId>
            </contact>
            <methods>
                    <methodStep>
                        <description>
                            <para>En cada una de las fincas seleccionadas se realizó un muestreo siguiendo un recorrido en X en lotes, procurando la mejor distribución espacial.</para>
                        </description>
                    </methodStep>
                    <methodStep>
                        <description>
                            <para>Se realizó georeferenciación de las fincas seleccionadas con GPS y  la información obtenida se procesó con el software ArcGis versión 10.1.</para>
                        </description>
                    </methodStep>
                    <methodStep>
                        <description>
                            <para>Se colectaron muestras en cada muestreo para su identificación. Estas se procesaron y están en proceso de ingreso al herbario UTMC de la Universidad del Magdalena.</para>
                        </description>
                    </methodStep>
                    <methodStep>
                        <description>
                            <para>La determinación taxonómica se realizó por comparación con la colección del Herbario, revisión de bibliografía especializada, manejo de claves taxonómicas y consulta de tipos nomenclaturales a través de plataformas virtuales del Herbario Nacional Colombiano – COL (http://www.biovirtual.unal.edu.co).</para>
                        </description>
                    </methodStep>
                    <methodStep>
                        <description>
                            <para>La información taxonómica se actualizó de acuerdo con el sistema de clasificación Angiosperm Phylogeny Group - APG IV (Stevens 2001) y para la nomenclatura se consultó la base de datos Tropicos.org (http://www.tropicos.org/).</para>
                        </description>
                    </methodStep>
                    <sampling>
                        <studyExtent>
                            <description>
                                <para>Se realizaron inventarios florísticos durante 2020 y 2021 en seis fincas de cultivos de cítricos localizadas en los departamentos Atlántico (Finca El Triunfo, Finca La Quinta), Bolívar (Finca Marcos), La Guajira (Finca Playa Rica) y Magdalena (Finca El Tamacal, Finca La Granja).</para>
                            </description>
                        </studyExtent>
                        <samplingDescription>
                            <para>Se realizó muestreo siguiendo un recorrido en X en lotes de cada finca procurando la mejor distribución espacial. Se recolectaron muestras de plantas completas para la identificación y deposito en el herbario UTMC de la Universidad del Magdalena.</para>
                        </samplingDescription>
                    </sampling>
                    <qualityControl>
                        <description>
                            <para>Las muestras se procesaron según los estándares establecidos para muestras de herbario.</para>
                        </description>
                    </qualityControl>
            </methods>

            <project >
                <title>Flora asociada a cultivos de cítricos en el Caribe colombiano</title>
                    <personnel>
            <individualName>
<givenName>Irma</givenName>                    <surName>Quintero-Pertuz</surName>
            </individualName>
            <userId directory="http://orcid.org/">0000-0001-9194-5066</userId>
            <role>PRINCIPAL_INVESTIGATOR</role>
                    </personnel>
                    <personnel>
            <individualName>
<givenName>Eduino</givenName>                    <surName>Carbonó-Delahoz</surName>
            </individualName>
            <role>AUTHOR</role>
                    </personnel>
                    <personnel>
            <individualName>
<givenName>Kevin</givenName>                    <surName>Miranda</surName>
            </individualName>
            <role>CURATOR</role>
                    </personnel>
                    <personnel>
            <individualName>
<givenName>Lumey</givenName>                    <surName>Pérez Artiles</surName>
            </individualName>
            <role>AUTHOR</role>
                    </personnel>
                    <personnel>
            <individualName>
<givenName>Carlos</givenName>                    <surName>Brochero</surName>
            </individualName>
            <role>PROCESSOR</role>
                    </personnel>
                <abstract>
                    <para>El objetivo de este trabajo fue determinar la composición florística asociada a cultivos de cítricos de la región Caribe colombiana. Se entrega el inventario de las malezas asociadas al cultivo, lo cual, aporta información actualizada y verificable y permite contemplar posibles variaciones de la flora asociada a cinco sistemas citrícolas en cuatro departamentos de la región Caribe.</para>
                </abstract>
                <funding>
                    <para>Fondo FONCIENCIAS de la Universidad del Magdalena</para>
                </funding>
            </project>
    </dataset>

    <additionalMetadata>
        <metadata>
            <gbif>
                <dateStamp>2023-07-03T21:02:27Z</dateStamp>
                <citation identifier="https://doi.org/10.15472/ncbzr6">Quintero-Pertuz I, Carbonó-Delahoz E, Miranda K, Pérez Artiles L, Brochero C (2022). Malezas de cítricos del Caribe colombiano. Universidad del Magdalena. Occurrence dataset https://doi.org/10.15472/ncbzr6 accessed via GBIF.org on 2023-07-03.</citation>
                    <bibliography>
                <citation>Stevens, P. F. (2001 onwards). Angiosperm Phylogeny Website. Version 14, July 2017</citation>
                <citation>Tropicos.org. Missouri Botanical Garden. [Revisada en: 2 oct 2020]. http://www.tropicos.org</citation>
                    </bibliography>
                    <physical>
                        <objectName>1293_umagcitricos_20220127</objectName>
                        <characterEncoding>UTF-8</characterEncoding>
                        <dataFormat>
                            <externallyDefinedFormat>
                                <formatName>DWC-A</formatName>
                                    <formatVersion>1</formatVersion>
                            </externallyDefinedFormat>
                        </dataFormat>
                        <distribution>
                            <online>
                                <url function="download">https://ipt.biodiversidad.co/cr-sib/resource.do?r=1293_umagcitricos_20220127</url>
                            </online>
                        </distribution>
                    </physical>
                    <resourceLogoUrl>https://statics.sibcolombia.net/sib-resources/images/logos-socios/500px/unimagdalena.jpg</resourceLogoUrl>
                        <collection>
                            <parentCollectionIdentifier>UTMC</parentCollectionIdentifier>
                            <collectionIdentifier>Registro Nacional de Colecciones Biológicas: 032</collectionIdentifier>
                            <collectionName>Herbario Universidad del Magdalena</collectionName>
                        </collection>
                        <specimenPreservationMethod>DRIED_AND_PRESSED</specimenPreservationMethod>
            </gbif>
        </metadata>
    </additionalMetadata>

</eml:eml>
