<?xml version="1.0" encoding="utf-8"?>
<eml:eml xmlns:eml="eml://ecoinformatics.org/eml-2.1.1" xmlns:xsi="http://www.w3.org/2001/XMLSchema-instance"
         xsi:schemaLocation="eml://ecoinformatics.org/eml-2.1.1 http://rs.gbif.org/schema/eml-gbif-profile/1.2/eml.xsd"
packageId="500e7c7f-bacd-48c9-ace0-6ce9cb749ac7"  system="http://gbif.org" scope="system"
xml:lang="es">

    <dataset>
            <alternateIdentifier>10.15468/w0c85h</alternateIdentifier>
                <alternateIdentifier>http://gbif-chile.mma.gob.cl/ipt/resource?r=eif</alternateIdentifier>
                <alternateIdentifier>500e7c7f-bacd-48c9-ace0-6ce9cb749ac7</alternateIdentifier>
        <title>Plantas Vasculares del Herbario EIF</title>
            <creator>
            <individualName>
<givenName>Victoria</givenName>                    <surName>Arévalo Rocha</surName>
            </individualName>
<organizationName>Universidad de Chile</organizationName><positionName>Asistente Herbario EIF</positionName>            <address>
<deliveryPoint>Av. Santa Rosa 11315, La Pintana</deliveryPoint><city>Santiago</city><administrativeArea>Región Metropolitana de Santiago</administrativeArea><postalCode>8820808</postalCode><country>CHILE</country>            </address>
<phone>(56-9) 9 9133 4857</phone><electronicMailAddress>victoria.arevalo.r@ug.uchile.cl</electronicMailAddress>            </creator>
            <metadataProvider>
            <individualName>
<givenName>Paulette</givenName>                    <surName>Naulin Gysling</surName>
            </individualName>
<organizationName>Universidad de Chile</organizationName><positionName>Académica</positionName>            <address>
<deliveryPoint>Av. Santa Rosa 11315, La Pintana</deliveryPoint><city>Santiago</city><administrativeArea>Región Metropolitana de Santiago</administrativeArea><postalCode>8820808</postalCode><country>CHILE</country>            </address>
<phone>(56 2) 2 2978 5825</phone><electronicMailAddress>pnaulin@uchile.cl</electronicMailAddress>            </metadataProvider>
            <metadataProvider>
            <individualName>
<givenName>Nicolás</givenName>                    <surName>García Berguecio</surName>
            </individualName>
<organizationName>Universidad de Chile</organizationName><positionName>Curador Herbario EIF</positionName>            <address>
<deliveryPoint>Av. Santa Rosa 11315, La Pintana</deliveryPoint><city>Santiago</city><administrativeArea>Región Metropolitana de Santiago</administrativeArea><postalCode>8820808</postalCode><country>CHILE</country>            </address>
<phone>(56-2) 2 2978 5937</phone><electronicMailAddress>ngarcia@uchile.cl</electronicMailAddress>            </metadataProvider>
            <metadataProvider>
            <individualName>
<givenName>Victoria</givenName>                    <surName>Arévalo Rocha</surName>
            </individualName>
<organizationName>Universidad de Chile</organizationName><positionName>Asistente Herbario EIF</positionName>            <address>
<deliveryPoint>Av. Santa Rosa 11315, La Pintana</deliveryPoint><city>Santiago</city><administrativeArea>Región Metropolitana de Santiago</administrativeArea><postalCode>8820808</postalCode>            </address>
<phone>(56-9) 9 9133 4857</phone><electronicMailAddress>victoria.arevalo.r@ug.uchile.cl</electronicMailAddress>            </metadataProvider>
            <pubDate>
                2020-08-18
            </pubDate>
        <language>SPANISH</language>
            <abstract>
                    <para>La base de datos de Plantas Vasculares del Herbario EIF procede de diferentes localidades del territorio de Chile, desde la Región de Arica y Parinacota hasta la Región de Magallanes y la Antártica Chilena. Además, algunos de los especímenes que se encuentran almacenados en la colección provienen de Nueva Zelanda y Brasil.

Gran parte de los ejemplares que se encuentran depositados en EIF corresponden a especies leñosas nativas amenazadas y de interés forestal, que proporcionan información y conocimiento a diversas instituciones del país de forma libre y accesible. La mayor parte de los registros son de la clase Magnoliopsida (5.311 registros), Liliopsida (1.006 registros), Polypodiopsida (412 registros) y Pinopsida (245 registros), encontrandose en menor cantidad Lycopodiopsida (40 registros), Gnetopsida
(34 registros) y Ginkgoopsida (3 registros).

Las muestras han sido recolectadas por botánicos, investigadores, docentes y estudiantes, entre otros, que han recorrido el territorio chileno, siendo depositadas en el herbario. Por otra parte, las muestras provenientes de otros países han sido depositadas en este herbario, dando a conocer su diversidad vegetal.

Los principales investigadores que han contribuido con ejemplares ingresados en EIF corresponden a: Rodolfo Gajardo, Claudio Donoso, María Teresa Serra, Federico Johow, André Cosigny, Leslie Landrum, Federico Schlegel, Oleg Zalensky, Manuel Mahú, Leonardo Araya, Ximena Aravena, Patricio Medina, Federico Luebert y Nicolás García.</para>
            </abstract>
                <keywordSet>
                        <keyword>Plantas vasculares</keyword>
                        <keyword>Sudamérica</keyword>
                        <keyword>EIF</keyword>
                        <keyword>flora</keyword>
                        <keyword>Chile</keyword>
                        <keyword>herbario</keyword>
                        <keywordThesaurus>GBIF Dataset Type Vocabulary: http://rs.gbif.org/vocabulary/gbif/dataset_type.xml</keywordThesaurus>
                </keywordSet>
                <keywordSet>
                        <keyword>Espécimen</keyword>
                        <keywordThesaurus>GBIF Dataset Subtype Vocabulary: http://rs.gbif.org/vocabulary/gbif/dataset_subtype.xml</keywordThesaurus>
                </keywordSet>
            <intellectualRights>
                    <para>This work is licensed under a <ulink url="http://creativecommons.org/licenses/by-nc/4.0/legalcode"><citetitle>Creative Commons Attribution Non Commercial (CC-BY-NC) 4.0 License</citetitle></ulink>.</para>
            </intellectualRights>
            <distribution scope="document">
                <online>
                    <url function="information">http://www.forestal.uchile.cl/noticias/131230/herbario-de-la-facultad-un-tesoro-vegetal-para-conocer-nuestra-flora</url>
                </online>
            </distribution>
            <coverage>
                    <geographicCoverage>
                            <geographicDescription>La base de datos Plantas Vasculares del Herbario EIF proceden de diferentes localidades del territorio de Chile, desde la región de Arica y Parinacota hasta la región de Magallanes y la Antártica Chilena. Además algunos de los especímenes que se encuentran almacenados en la colección provienen de Nueva Zelanda y Brasil.</geographicDescription>
                            <boundingCoordinates>
                                <westBoundingCoordinate>-75.5</westBoundingCoordinate>
                                <eastBoundingCoordinate>-66.9</eastBoundingCoordinate>
                                <northBoundingCoordinate>-17.5</northBoundingCoordinate>
                                <southBoundingCoordinate>-56</southBoundingCoordinate>
                            </boundingCoordinates>
                    </geographicCoverage>
                    <temporalCoverage>
                            <rangeOfDates>
                                <beginDate>
                                    <calendarDate>                1872
</calendarDate>
                                </beginDate>
                                <endDate>
                                    <calendarDate>                2019
</calendarDate>
                                </endDate>
                            </rangeOfDates>
                    </temporalCoverage>
                        <taxonomicCoverage>
                                <generalTaxonomicCoverage>El conjunto de datos contiene las ocurrencias de plantas vasculares (Tracheophyta) de los siguientes grupos taxonómicos: Lycophyta, Monilophyta, Pinophyta y Magnoliophyta.</generalTaxonomicCoverage>
                                <taxonomicClassification>
                                        <taxonRankName>Kingdom</taxonRankName>
                                    <taxonRankValue>Plantae</taxonRankValue>
                                </taxonomicClassification>
                        </taxonomicCoverage>
            </coverage>
            <purpose>
                <para>El Herbario EIF ha aportado a la difusión del conocimiento botánico a nivel nacional e internacional, por ejemplo, a través de citas y contenidos en libros sobre la flora arbórea de Chile. También ha contribuido como base para el estudio encargado por la Corporación Nacional Forestal (CONAF), con el objetivo de tener un sistema de clasificación de la vegetación que fuera representativo para el Sistema Nacional de Áreas Silvestres Protegidas del Estado (SNASPE), entre otros.

El objetivo de este recurso es publicar la mayor cantidad de datos de ejemplares de plantas vasculares contenidos en el Herbario EIF, para el dominio público, con el fin de contribuir al conocimiento de la biodiversidad de Chile.</para>
            </purpose>
            <maintenance>
                <description>
                    <para></para>
                </description>
                <maintenanceUpdateFrequency>unkown</maintenanceUpdateFrequency>
            </maintenance>
            <contact>
            <individualName>
<givenName>Nicolás</givenName>                    <surName>García Berguecio</surName>
            </individualName>
<organizationName>Universidad de Chile</organizationName><positionName>Curador</positionName>            <address>
<deliveryPoint>Av. Santa Rosa 11315, La Pintana</deliveryPoint><city>Santiago</city><administrativeArea>Metropolitana</administrativeArea><postalCode>8820808</postalCode><country>CHILE</country>            </address>
<phone>(56-2) 2 2978 5937</phone><electronicMailAddress>ngarcia@uchile.cl</electronicMailAddress>            </contact>
            <methods>
                    <methodStep>
                        <description>
                            <para></para>
                        </description>
                    </methodStep>
            </methods>

    </dataset>

    <additionalMetadata>
        <metadata>
            <gbif>
                <dateStamp>2023-07-03T21:02:36Z</dateStamp>
                <citation>Arévalo Rocha V, Naulin Gysling P, García Berguecio N (2020). Plantas Vasculares del Herbario EIF. Version 1.9. Herbario EIF - Universidad de Chile. Occurrence dataset https://doi.org/10.15468/w0c85h accessed via GBIF.org on 2023-07-03.</citation>
                        <collection>
                            <parentCollectionIdentifier>Herbario EIF (EIF)</parentCollectionIdentifier>
                            <collectionIdentifier>Herbario EIF, Plantas Vasculares (EIF-V)</collectionIdentifier>
                            <collectionName>Patrimonio Botánico de la Universidad de Chile del Herbario EIF, Plantas Vasculares (PBUCH-EIF-V)</collectionName>
                        </collection>
                        <specimenPreservationMethod>MOUNTED</specimenPreservationMethod>
            </gbif>
        </metadata>
    </additionalMetadata>

</eml:eml>
