<?xml version="1.0" encoding="utf-8"?>
<eml:eml xmlns:eml="eml://ecoinformatics.org/eml-2.1.1" xmlns:xsi="http://www.w3.org/2001/XMLSchema-instance"
         xsi:schemaLocation="eml://ecoinformatics.org/eml-2.1.1 http://rs.gbif.org/schema/eml-gbif-profile/1.2/eml.xsd"
packageId="50cd0754-79a7-4ab6-9fd0-38181851bc64"  system="http://gbif.org" scope="system"
xml:lang="en">

    <dataset>
            <alternateIdentifier>10.15468/ausqtm</alternateIdentifier>
                <alternateIdentifier>https://sernecportal.org/portal/collections/misc/collprofiles.php?collid=222</alternateIdentifier>
        <title>Mississippi Museum of Natural Science Herbarium</title>
            <creator>
<organizationName>SERNEC</organizationName><electronicMailAddress>hbrown@mailbox.sc.edu</electronicMailAddress><onlineUrl>https://sernecportal.org/portal/index.php</onlineUrl>            </creator>
            <metadataProvider>
<organizationName>SERNEC</organizationName><electronicMailAddress>hbrown@mailbox.sc.edu</electronicMailAddress><onlineUrl>https://sernecportal.org/portal/index.php</onlineUrl>            </metadataProvider>
            <associatedParty>
            <individualName>
                    <surName>Heather Sullivan</surName>
            </individualName>
<electronicMailAddress>heather.sullivan@mmns.state.ms.us</electronicMailAddress>            <role>CONTENT_PROVIDER</role>
            </associatedParty>
            <pubDate>
                2023-06-19
            </pubDate>
        <language>ENGLISH</language>
            <abstract>
                    <para>The Mississippi Museum of Natural Science Herbarium currently consists of over ~70,000 mounted plant specimens, with approximately 2,000 unmounted specimens in various stages of preparation. Collections from ~29 states are found in the herbarium; however, the majority of the collection (93%) is composed of specimens from Mississippi.</para>
            </abstract>
            <intellectualRights>
                    <para>This work is licensed under a <ulink url="http://creativecommons.org/licenses/by/4.0/legalcode"><citetitle>Creative Commons Attribution (CC-BY) 4.0 License</citetitle></ulink>.</para>
            </intellectualRights>
            <contact>
<organizationName>Mississippi Museum of Natural Science Herbarium</organizationName><phone>601/ 576 6000</phone><electronicMailAddress>heather.sullivan@mmns.state.ms.us</electronicMailAddress><onlineUrl>http://www.mdwfp.com/seek-study/bio-collections/plants.aspx</onlineUrl>            </contact>

    </dataset>

    <additionalMetadata>
        <metadata>
            <gbif>
                <dateStamp>2023-07-03T21:02:37Z</dateStamp>
                <citation>Mississippi Museum of Natural Science (2023). Mississippi Museum of Natural Science Herbarium. Occurrence dataset https://doi.org/10.15468/ausqtm accessed via GBIF.org on 2023-07-03.</citation>
            </gbif>
        </metadata>
    </additionalMetadata>

</eml:eml>
