<?xml version="1.0" encoding="utf-8"?>
<eml:eml xmlns:eml="eml://ecoinformatics.org/eml-2.1.1" xmlns:xsi="http://www.w3.org/2001/XMLSchema-instance"
         xsi:schemaLocation="eml://ecoinformatics.org/eml-2.1.1 http://rs.gbif.org/schema/eml-gbif-profile/1.2/eml.xsd"
packageId="58360347-6ffe-4ab0-a716-b0b53d772a02"  system="http://gbif.org" scope="system"
xml:lang="en">

    <dataset>
            <alternateIdentifier>10.15468/7gktfs</alternateIdentifier>
                <alternateIdentifier>58360347-6ffe-4ab0-a716-b0b53d772a02</alternateIdentifier>
                <alternateIdentifier>https://kbif.naris.go.kr/ipt/resource?r=2020_biodiversity_information_specimen</alternateIdentifier>
        <title>2020_biodiversity_information_specimen</title>
            <creator>
<organizationName>National Science Museum of Korea</organizationName>            <address>
<country>KOREA_SOUTH</country>            </address>
            </creator>
            <metadataProvider>
            <individualName>
                    <surName>info</surName>
            </individualName>
<organizationName>National Science Museum of Korea</organizationName>            <address>
<deliveryPoint>481 Daedeokdaero, Yuseon-gu</deliveryPoint><city>Daejeon</city><postalCode>34143</postalCode><country>KOREA_SOUTH</country>            </address>
<electronicMailAddress>info@nsmk.kr</electronicMailAddress><onlineUrl>http://www.naris.go.kr</onlineUrl>            </metadataProvider>
            <associatedParty>
            <individualName>
<givenName>kbif</givenName>                    <surName>kbif</surName>
            </individualName>
<electronicMailAddress>kbiforg@nsmk.kr</electronicMailAddress>            <role>USER</role>
            </associatedParty>
            <pubDate>
                2022-11-01
            </pubDate>
        <language>ENGLISH</language>
            <abstract>
                    <para>This is biodiversity sample data collected by the National Science Museum of Korea in 2020.
Plants.</para>
            </abstract>
                <keywordSet>
                        <keyword>Occurrence</keyword>
                        <keywordThesaurus>GBIF Dataset Type Vocabulary: http://rs.gbif.org/vocabulary/gbif/dataset_type.xml</keywordThesaurus>
                </keywordSet>
                <keywordSet>
                        <keyword>Specimen</keyword>
                        <keywordThesaurus>GBIF Dataset Subtype Vocabulary: http://rs.gbif.org/vocabulary/gbif/dataset_subtype.xml</keywordThesaurus>
                </keywordSet>
            <intellectualRights>
                    <para>This work is licensed under a <ulink url="http://creativecommons.org/licenses/by-nc/4.0/legalcode"><citetitle>Creative Commons Attribution Non Commercial (CC-BY-NC) 4.0 License</citetitle></ulink>.</para>
            </intellectualRights>
            <maintenance>
                <description>
                    <para></para>
                </description>
                <maintenanceUpdateFrequency>unkown</maintenanceUpdateFrequency>
            </maintenance>
            <contact>
            <individualName>
                    <surName>info</surName>
            </individualName>
<organizationName>National Science Museum of Korea</organizationName>            <address>
<deliveryPoint>481 Daedeokdaero, Yuseon-gu</deliveryPoint><city>Daejeon</city><postalCode>34143</postalCode><country>KOREA_SOUTH</country>            </address>
<electronicMailAddress>info@nsmk.kr</electronicMailAddress><onlineUrl>http://www.naris.go.kr</onlineUrl>            </contact>

    </dataset>

    <additionalMetadata>
        <metadata>
            <gbif>
                <dateStamp>2023-07-03T21:02:40Z</dateStamp>
                <citation>National Science Museum of Korea (2022). 2020_biodiversity_information_specimen. Version 1.5. Occurrence dataset https://doi.org/10.15468/7gktfs accessed via GBIF.org on 2023-07-03.</citation>
            </gbif>
        </metadata>
    </additionalMetadata>

</eml:eml>
