<?xml version="1.0" encoding="utf-8"?>
<eml:eml xmlns:eml="eml://ecoinformatics.org/eml-2.1.1" xmlns:xsi="http://www.w3.org/2001/XMLSchema-instance"
         xsi:schemaLocation="eml://ecoinformatics.org/eml-2.1.1 http://rs.gbif.org/schema/eml-gbif-profile/1.2/eml.xsd"
packageId="5a3b50fa-c882-4129-9405-38e54c0a73f3"  system="http://gbif.org" scope="system"
xml:lang="en">

    <dataset>
            <alternateIdentifier>10.15468/9rkjjq</alternateIdentifier>
                <alternateIdentifier>https://collections.ala.org.au/public/show/dr15863</alternateIdentifier>
                <alternateIdentifier>5a3b50fa-c882-4129-9405-38e54c0a73f3</alternateIdentifier>
                <alternateIdentifier>58553d00-7bd6-3102-ba1a-e86936b98ca5</alternateIdentifier>
        <title>Western Australian Herbarium (PERTH) AVH data</title>
            <creator>
<organizationName>Australia&apos;s Virtual Herbarium</organizationName>            </creator>
            <creator>
<organizationName>Western Australian Herbarium</organizationName>            </creator>
            <creator>
<organizationName>Western Australia, Department of Biodiversity, Conservation and Attractions</organizationName>            </creator>
            <metadataProvider>
<organizationName>Australia&apos;s Virtual Herbarium</organizationName>            </metadataProvider>
            <associatedParty>
<organizationName>Atlas of Living Australia</organizationName>            <address>
<deliveryPoint>CSIRO Ecosystems Services</deliveryPoint><city>Canberra</city><administrativeArea>ACT</administrativeArea><postalCode>2601</postalCode><country>AUSTRALIA</country>            </address>
<electronicMailAddress>info@ala.org.au</electronicMailAddress>            <role>DISTRIBUTOR</role>
            </associatedParty>
            <pubDate>
                2023-05-08
            </pubDate>
        <language>ENGLISH</language>
            <abstract>
                    <para>Australasian Virtual Herbarium (AVH) data from the Western Australian Herbarium (PERTH)</para>
            </abstract>
            <intellectualRights>
                    <para>This work is licensed under a <ulink url="http://creativecommons.org/licenses/by/4.0/legalcode"><citetitle>Creative Commons Attribution (CC-BY) 4.0 License</citetitle></ulink>.</para>
            </intellectualRights>
            <distribution scope="document">
                <online>
                    <url function="information">https://ipt.rbg.vic.gov.au/ipt/resource?r=perth_avh</url>
                </online>
            </distribution>
            <contact>
<organizationName>Atlas of Living Australia</organizationName>            <address>
<deliveryPoint>CSIRO Ecosystems Services</deliveryPoint><city>Canberra</city><administrativeArea>ACT</administrativeArea><postalCode>2601</postalCode><country>AUSTRALIA</country>            </address>
<electronicMailAddress>info@ala.org.au</electronicMailAddress>            </contact>
            <methods>
            </methods>

    </dataset>

    <additionalMetadata>
        <metadata>
            <gbif>
                <dateStamp>2023-07-03T21:02:41Z</dateStamp>
                <citation>Western Australia, Department of Biodiversity, Conservation and Attractions (2023). Western Australian Herbarium (PERTH) AVH data. Occurrence dataset https://doi.org/10.15468/9rkjjq accessed via GBIF.org on 2023-07-03.</citation>
                    <resourceLogoUrl>https://collections.ala.org.au/data/dataProvider/avh_logo_green_transparent.png</resourceLogoUrl>
            </gbif>
        </metadata>
    </additionalMetadata>

</eml:eml>
