<?xml version="1.0" encoding="utf-8"?>
<eml:eml xmlns:eml="eml://ecoinformatics.org/eml-2.1.1" xmlns:xsi="http://www.w3.org/2001/XMLSchema-instance"
         xsi:schemaLocation="eml://ecoinformatics.org/eml-2.1.1 http://rs.gbif.org/schema/eml-gbif-profile/1.2/eml.xsd"
packageId="5d7f5915-0561-4107-aa20-20a4267c203f"  system="http://gbif.org" scope="system"
xml:lang="en">

    <dataset>
            <alternateIdentifier>10.15468/jsffsa</alternateIdentifier>
                <alternateIdentifier>https://collections.ala.org.au/public/show/dr2287</alternateIdentifier>
                <alternateIdentifier>93ac3123-7b75-392e-90dd-ed555f9371be</alternateIdentifier>
                <alternateIdentifier>http://collections.ala.org.au/public/show/dr2287</alternateIdentifier>
                <alternateIdentifier>5d7f5915-0561-4107-aa20-20a4267c203f</alternateIdentifier>
                <alternateIdentifier>37b37adf-c2ed-3745-a1a2-d724c76afac4</alternateIdentifier>
                <alternateIdentifier>e393c3c7-4539-31e8-afe2-713b30306fa9</alternateIdentifier>
        <title>BRI AVH data</title>
            <creator>
<organizationName>Australia&apos;s Virtual Herbarium</organizationName>            </creator>
            <creator>
<organizationName>Queensland Herbarium</organizationName>            </creator>
            <creator>
<organizationName>Queensland Department of Environment and Science</organizationName>            </creator>
            <metadataProvider>
<organizationName>Australia&apos;s Virtual Herbarium</organizationName>            </metadataProvider>
            <associatedParty>
<organizationName>Atlas of Living Australia</organizationName>            <address>
<deliveryPoint>CSIRO Ecosystems Services</deliveryPoint><city>Canberra</city><administrativeArea>ACT</administrativeArea><postalCode>2601</postalCode><country>AUSTRALIA</country>            </address>
<electronicMailAddress>info@ala.org.au</electronicMailAddress>            <role>DISTRIBUTOR</role>
            </associatedParty>
            <pubDate>
                2023-01-12
            </pubDate>
        <language>ENGLISH</language>
            <abstract>
                    <para>Records from HERBRECS, the collections database of the Queensland Herbarium (BRI).</para>
            </abstract>
            <intellectualRights>
                    <para>This work is licensed under a <ulink url="http://creativecommons.org/licenses/by/4.0/legalcode"><citetitle>Creative Commons Attribution (CC-BY) 4.0 License</citetitle></ulink>.</para>
            </intellectualRights>
            <distribution scope="document">
                <online>
                    <url function="information">http://www.qld.gov.au/environment/plants-animals/plants/herbarium/</url>
                </online>
            </distribution>
            <contact>
<electronicMailAddress>Queensland.Herbarium@qld.gov.au</electronicMailAddress>            </contact>
            <methods>
            </methods>

    </dataset>

    <additionalMetadata>
        <metadata>
            <gbif>
                <dateStamp>2023-07-03T21:02:46Z</dateStamp>
                <citation>Queensland Department of Environment and Science (2023). BRI AVH data. Occurrence dataset https://doi.org/10.15468/jsffsa accessed via GBIF.org on 2023-07-03.</citation>
                    <resourceLogoUrl>https://collections.ala.org.au/data/dataProvider/avh_logo_green_transparent.png</resourceLogoUrl>
            </gbif>
        </metadata>
    </additionalMetadata>

</eml:eml>
