<?xml version="1.0" encoding="utf-8"?>
<eml:eml xmlns:eml="eml://ecoinformatics.org/eml-2.1.1" xmlns:xsi="http://www.w3.org/2001/XMLSchema-instance"
         xsi:schemaLocation="eml://ecoinformatics.org/eml-2.1.1 http://rs.gbif.org/schema/eml-gbif-profile/1.2/eml.xsd"
packageId="7788331b-b627-4533-9679-8ac92e6966e3"  system="http://gbif.org" scope="system"
xml:lang="en">

    <dataset>
            <alternateIdentifier>10.15468/47a6rt</alternateIdentifier>
                <alternateIdentifier>https://sernecportal.org/portal/collections/misc/collprofiles.php?collid=300</alternateIdentifier>
        <title>Hendrix College Herbarium - Vascular Plants</title>
            <creator>
<organizationName>SERNEC</organizationName><electronicMailAddress>hbrown@mailbox.sc.edu</electronicMailAddress><onlineUrl>https://sernecportal.org/portal/index.php</onlineUrl>            </creator>
            <metadataProvider>
<organizationName>SERNEC</organizationName><electronicMailAddress>hbrown@mailbox.sc.edu</electronicMailAddress><onlineUrl>https://sernecportal.org/portal/index.php</onlineUrl>            </metadataProvider>
            <associatedParty>
            <individualName>
                    <surName>Adam Schneider</surName>
            </individualName>
<electronicMailAddress>schneider@hendrix.edu</electronicMailAddress>            <role>CONTENT_PROVIDER</role>
            </associatedParty>
            <associatedParty>
            <individualName>
<givenName>Diana</givenName>                    <surName>Soteropoulos</surName>
            </individualName>
<positionName>Arkansas Herbarium Digitization Coordinator</positionName><electronicMailAddress>Diana.Soteropoulos@arkansas.gov</electronicMailAddress>            <userId directory="https://orcid.org/">0000-0002-4247-1375</userId>
            <role>CONTENT_PROVIDER</role>
            </associatedParty>
            <associatedParty>
            <individualName>
<givenName>Maureen</givenName>                    <surName>McClung</surName>
            </individualName>
<electronicMailAddress>Mcclung@hendrix.edu</electronicMailAddress>            <role>CONTENT_PROVIDER</role>
            </associatedParty>
            <pubDate>
                2023-06-19
            </pubDate>
        <language>ENGLISH</language>
            <abstract>
                    <para>We currently house nearly 7000 specimens, mostly representing Central Arkansas. Major collectors include the late Hendrix biology faculty member G. Thomas Clark, David M. Johnson who collected here in the 1970s, and a nice set of most of the fern species of central Arkansas collected by Don Crank in 2010. The herbaria also contains small curated collections of bryophytes, lichen, and macroalgae, databased and searchable through bryophyteportal.org, lichenportal.org, and macroalgae.org.</para>
            </abstract>
            <intellectualRights>
                    <para>To the extent possible under law, the publisher has waived all rights to these data and has dedicated them to the <ulink url="http://creativecommons.org/publicdomain/zero/1.0/legalcode"><citetitle>Public Domain (CC0 1.0)</citetitle></ulink>. Users may copy, modify, distribute and use the work, including for commercial purposes, without restriction.</para>
            </intellectualRights>
            <contact>
<organizationName>Hendrix College Herbarium - Vascular Plants</organizationName><electronicMailAddress>schneider@hendrix.edu</electronicMailAddress>            </contact>

    </dataset>

    <additionalMetadata>
        <metadata>
            <gbif>
                <dateStamp>2023-07-03T21:03:08Z</dateStamp>
                <citation>Hendrix College Herbarium (2023). Hendrix College Herbarium - Vascular Plants. Occurrence dataset https://doi.org/10.15468/47a6rt accessed via GBIF.org on 2023-07-03.</citation>
            </gbif>
        </metadata>
    </additionalMetadata>

</eml:eml>
