<?xml version="1.0" encoding="utf-8"?>
<eml:eml xmlns:eml="eml://ecoinformatics.org/eml-2.1.1" xmlns:xsi="http://www.w3.org/2001/XMLSchema-instance"
         xsi:schemaLocation="eml://ecoinformatics.org/eml-2.1.1 http://rs.gbif.org/schema/eml-gbif-profile/1.2/eml.xsd"
packageId="7adffacc-f762-11e1-a439-00145eb45e9a"  system="http://gbif.org" scope="system"
xml:lang="en">

    <dataset>
            <alternateIdentifier>10.15468/riazxg</alternateIdentifier>
                <alternateIdentifier>https://science-net.kahaku.go.jp/ipt2/resource?r=snet-1041-105</alternateIdentifier>
                <alternateIdentifier>http://science-net.kahaku.go.jp/ipt2/resource?r=snet-1041-105</alternateIdentifier>
                <alternateIdentifier>http://gbif.science-net.kahaku.go.jp:8081/ipt2/resource?r=snet-1041-105</alternateIdentifier>
                <alternateIdentifier>7adffacc-f762-11e1-a439-00145eb45e9a</alternateIdentifier>
                <alternateIdentifier>11423</alternateIdentifier>
        <title>Angiospermatatophytina Collection of Saitama Museum of Natural History</title>
            <creator>
            <individualName>
<givenName>Daiki</givenName>                    <surName>Suda</surName>
            </individualName>
<organizationName>Saitama Museum of Natural History</organizationName><positionName>Curator</positionName>            <address>
<country>JAPAN</country>            </address>
<electronicMailAddress>t6604044@pref.saitama.lg.jp</electronicMailAddress>            </creator>
            <metadataProvider>
            <individualName>
<givenName>Daiki</givenName>                    <surName>Suda</surName>
            </individualName>
<organizationName>Saitama Museum of Natural History</organizationName><positionName>Curator</positionName>            <address>
<country>JAPAN</country>            </address>
<electronicMailAddress>t6604044@pref.saitama.lg.jp</electronicMailAddress>            </metadataProvider>
            <pubDate>
                2023-03-23
            </pubDate>
        <language>ENGLISH</language>
            <abstract>
                    <para>Herbarium specimens of Angiospermatatophytina deposited in the Saitama Museum of Natural History (SMNH)</para>
            </abstract>
                <keywordSet>
                        <keyword>Occurrence</keyword>
                        <keywordThesaurus>GBIF Dataset Type Vocabulary: http://rs.gbif.org/vocabulary/gbif/dataset_type_2015-07-10.xml</keywordThesaurus>
                </keywordSet>
            <intellectualRights>
                    <para>This work is licensed under a <ulink url="http://creativecommons.org/licenses/by/4.0/legalcode"><citetitle>Creative Commons Attribution (CC-BY) 4.0 License</citetitle></ulink>.</para>
            </intellectualRights>
            <distribution scope="document">
                <online>
                    <url function="information">http://www.shizen.spec.ed.jp/?page_id=164</url>
                </online>
            </distribution>
            <maintenance>
                <description>
                    <para></para>
                </description>
                <maintenanceUpdateFrequency>unkown</maintenanceUpdateFrequency>
            </maintenance>
            <contact>
            <individualName>
<givenName>Daiki</givenName>                    <surName>Suda</surName>
            </individualName>
<organizationName>Saitama Museum of Natural History</organizationName><positionName>Curator</positionName>            <address>
<country>JAPAN</country>            </address>
<electronicMailAddress>t6604044@pref.saitama.lg.jp</electronicMailAddress>            </contact>

    </dataset>

    <additionalMetadata>
        <metadata>
            <gbif>
                <dateStamp>2023-07-03T21:03:11Z</dateStamp>
                <citation>Suda D (2023). Angiospermatatophytina Collection of Saitama Museum of Natural History. National Museum of Nature and Science, Japan. Occurrence dataset https://doi.org/10.15468/riazxg accessed via GBIF.org on 2023-07-03.</citation>
            </gbif>
        </metadata>
    </additionalMetadata>

</eml:eml>
