<?xml version="1.0" encoding="utf-8"?>
<eml:eml xmlns:eml="eml://ecoinformatics.org/eml-2.1.1" xmlns:xsi="http://www.w3.org/2001/XMLSchema-instance"
         xsi:schemaLocation="eml://ecoinformatics.org/eml-2.1.1 http://rs.gbif.org/schema/eml-gbif-profile/1.2/eml.xsd"
packageId="82a9db1a-f762-11e1-a439-00145eb45e9a"  system="http://gbif.org" scope="system"
xml:lang="en">

    <dataset>
            <alternateIdentifier>10.15468/zd44yg</alternateIdentifier>
                <alternateIdentifier>14164</alternateIdentifier>
        <title>Mountain Invasion Research Network (MIREN) survey</title>
            <associatedParty>
            <individualName>
                    <surName>Dr. Jake Alexander</surName>
            </individualName>
<electronicMailAddress>jake.alexander@env.ethz.ch</electronicMailAddress>            <role>TECHNICAL_POINT_OF_CONTACT</role>
            </associatedParty>
        <language>en</language>
            <abstract>
                    <para>Roadside observations of non-native plant species along elevational gradients made by the Mountain Invasion Research Network (MIREN). See Alexander, J. M., C. Kueffer, C. C. Daehler, P. J. Edwards, A. Pauchard, T. Seipel, and MIREN Consortium. 2011. Assembly of nonnative floras along elevational gradients explained by directional ecological filtering. Proceedings of the National Academy of Sciences 108:656-661.</para>
            </abstract>
            <intellectualRights>
                    <para>This work is licensed under a <ulink url="http://creativecommons.org/licenses/by-nc/4.0/legalcode"><citetitle>Creative Commons Attribution Non Commercial (CC-BY-NC) 4.0 License</citetitle></ulink>.</para>
            </intellectualRights>
            <distribution scope="document">
                <online>
                    <url function="information">http://www.pnas.org/cgi/doi/10.1073/pnas.1013136108</url>
                </online>
            </distribution>
            <contact>
            <individualName>
                    <surName>Dr. Christoph Küffer</surName>
            </individualName>
<electronicMailAddress>kueffer@env.ethz.ch</electronicMailAddress>            </contact>

    </dataset>

    <additionalMetadata>
        <metadata>
            <gbif>
                <dateStamp>2023-07-03T21:03:53Z</dateStamp>
                <citation>Mountain Invasion Research Network - MIREN_ETH. Mountain Invasion Research Network (MIREN) survey. Occurrence dataset https://doi.org/10.15468/zd44yg accessed via GBIF.org on 2023-07-03.</citation>
                    <resourceLogoUrl>http://data.gbif.ch/gbif-portal/institutions/22/logo</resourceLogoUrl>
            </gbif>
        </metadata>
    </additionalMetadata>

</eml:eml>
