<?xml version="1.0" encoding="utf-8"?>
<eml:eml xmlns:eml="eml://ecoinformatics.org/eml-2.1.1" xmlns:xsi="http://www.w3.org/2001/XMLSchema-instance"
         xsi:schemaLocation="eml://ecoinformatics.org/eml-2.1.1 http://rs.gbif.org/schema/eml-gbif-profile/1.2/eml.xsd"
packageId="834dcb62-f762-11e1-a439-00145eb45e9a"  system="http://gbif.org" scope="system"
xml:lang="en">

    <dataset>
            <alternateIdentifier>10.15468/xtjld4</alternateIdentifier>
                <alternateIdentifier>https://ipt.gbif.es/resource?r=bio</alternateIdentifier>
                <alternateIdentifier>http://ipt.gbif.es/resource?r=bio</alternateIdentifier>
                <alternateIdentifier>834dcb62-f762-11e1-a439-00145eb45e9a</alternateIdentifier>
                <alternateIdentifier>242</alternateIdentifier>
        <title>Herbario BIO de Plantas Vasculares (BIO), Universidad del Pais Vasco (UPV/EHU)</title>
            <creator>
            <individualName>
<givenName>Itziar</givenName>                    <surName>García-Mijangos</surName>
            </individualName>
<organizationName>UPV/EHU (GBIF)</organizationName><positionName>Curator</positionName>            <address>
<deliveryPoint>University of the Basque Country. Faculty of Science and Technology. Sarriena s/n Campus of Leioa</deliveryPoint><city>Leioa</city><administrativeArea>Bizkaia</administrativeArea><postalCode>48940</postalCode><country>SPAIN</country>            </address>
<phone>34-946015979</phone><electronicMailAddress>itziar.garcia@ehu.eus</electronicMailAddress><onlineUrl>https://sites.google.com/site/grupoflorayvegetacion/</onlineUrl>            <userId directory="https://orcid.org/">0000-0002-6642-7782</userId>
            </creator>
            <metadataProvider>
            <individualName>
<givenName>Itziar</givenName>                    <surName>García-Mijangos</surName>
            </individualName>
<organizationName>UPV/EHU (GBIF)</organizationName><positionName>Curator</positionName>            <address>
<deliveryPoint>University of the Basque Country. Faculty of Science and Technology. Sarriena s/n Campus of Leioa</deliveryPoint><city>Leioa</city><administrativeArea>Bizkaia</administrativeArea><postalCode>48940</postalCode><country>SPAIN</country>            </address>
<phone>34-946015979</phone><electronicMailAddress>itziar.garcia@ehu.eus</electronicMailAddress><onlineUrl>https://sites.google.com/site/grupoflorayvegetacion/</onlineUrl>            <userId directory="https://orcid.org/">0000-0002-6642-7782</userId>
            </metadataProvider>
            <associatedParty>
            <individualName>
<givenName>Itziar</givenName>                    <surName>García-Mijangos</surName>
            </individualName>
<organizationName>UPV/EHU (GBIF)</organizationName><positionName>Curator</positionName>            <address>
<deliveryPoint>University of the Basque Country. Faculty of Science and Technology. Sarriena s/n Campus of Leioa</deliveryPoint><city>Leioa</city><administrativeArea>Bizkaia</administrativeArea><postalCode>48940</postalCode><country>SPAIN</country>            </address>
<phone>34-946015979</phone><electronicMailAddress>itziar.garcia@ehu.eus</electronicMailAddress><onlineUrl>https://sites.google.com/site/grupoflorayvegetacion/</onlineUrl>            <role>CURATOR</role>
            </associatedParty>
            <associatedParty>
            <individualName>
<givenName>Javier</givenName>                    <surName>Loidi</surName>
            </individualName>
<organizationName>UPV/EHU</organizationName><positionName>Researcher</positionName><electronicMailAddress>javier.loidi@ehu.es</electronicMailAddress>            <role>CONTENT_PROVIDER</role>
            </associatedParty>
            <associatedParty>
            <individualName>
<givenName>Idoia</givenName>                    <surName>Biurrun</surName>
            </individualName>
<organizationName>UPV/EHU</organizationName><positionName>Researcher</positionName><electronicMailAddress>idoia.biurrun@ehu.eus</electronicMailAddress>            <role>CONTENT_PROVIDER</role>
            </associatedParty>
            <associatedParty>
            <individualName>
<givenName>Juan Antonio</givenName>                    <surName>Campos</surName>
            </individualName>
<organizationName>UPV/EHU</organizationName><positionName>Researcher</positionName><electronicMailAddress>juanan.campos@ehu.eus</electronicMailAddress>            <role>CONTENT_PROVIDER</role>
            </associatedParty>
            <pubDate>
                2023-06-15
            </pubDate>
        <language>SPANISH</language>
            <abstract>
                    <para>The University of the Basque Country. Bilbao. Herbarium BIO. This collection holds dried vascular plants in particular from the north of the Iberian Peninsula.</para>
            </abstract>
                <keywordSet>
                        <keyword>Iberian Peninsula</keyword>
                        <keyword>vascular plants</keyword>
                        <keyword>Dried plants</keyword>
                        <keywordThesaurus>n/a</keywordThesaurus>
                </keywordSet>
                <keywordSet>
                        <keyword>Occurrence</keyword>
                        <keywordThesaurus>GBIF Dataset Type Vocabulary: http://rs.gbif.org/vocabulary/gbif/dataset_type_2015-07-10.xml</keywordThesaurus>
                </keywordSet>
                <keywordSet>
                        <keyword>Specimen</keyword>
                        <keywordThesaurus>GBIF Dataset Subtype Vocabulary: http://rs.gbif.org/vocabulary/gbif/dataset_subtype.xml</keywordThesaurus>
                </keywordSet>
            <intellectualRights>
                    <para>This work is licensed under a <ulink url="http://creativecommons.org/licenses/by-nc/4.0/legalcode"><citetitle>Creative Commons Attribution Non Commercial (CC-BY-NC) 4.0 License</citetitle></ulink>.</para>
            </intellectualRights>
            <distribution scope="document">
                <online>
                    <url function="information">https://sites.google.com/site/grupoflorayvegetacion/</url>
                </online>
            </distribution>
            <coverage>
                    <geographicCoverage>
                            <geographicDescription>Mainly Iberian Peninsula</geographicDescription>
                            <boundingCoordinates>
                                <westBoundingCoordinate>-106.46</westBoundingCoordinate>
                                <eastBoundingCoordinate>78.41</eastBoundingCoordinate>
                                <northBoundingCoordinate>80.84</northBoundingCoordinate>
                                <southBoundingCoordinate>27.65</southBoundingCoordinate>
                            </boundingCoordinates>
                    </geographicCoverage>
                    <temporalCoverage>
                            <rangeOfDates>
                                <beginDate>
                                    <calendarDate>                1981
</calendarDate>
                                </beginDate>
                                <endDate>
                                    <calendarDate>                2019
</calendarDate>
                                </endDate>
                            </rangeOfDates>
                    </temporalCoverage>
                        <taxonomicCoverage>
                                <generalTaxonomicCoverage>Pteridophyta, Gimnosperms, Angiosperms</generalTaxonomicCoverage>
                                <taxonomicClassification>
                                        <taxonRankName>Kingdom</taxonRankName>
                                    <taxonRankValue>Plantae</taxonRankValue>
                                </taxonomicClassification>
                        </taxonomicCoverage>
            </coverage>
            <purpose>
                <para>Share the data in GBIF</para>
            </purpose>
            <maintenance>
                <description>
                    <para></para>
                </description>
                <maintenanceUpdateFrequency>notPlanned</maintenanceUpdateFrequency>
            </maintenance>
            <contact>
            <individualName>
<givenName>Itziar</givenName>                    <surName>García-Mijangos</surName>
            </individualName>
<organizationName>UPV/EHU (GBIF)</organizationName><positionName>Curator</positionName>            <address>
<deliveryPoint>University of the Basque Country. Faculty of Science and Technology. Sarriena s/n Campus of Leioa</deliveryPoint><city>Leioa</city><administrativeArea>Bizkaia</administrativeArea><postalCode>48940</postalCode><country>SPAIN</country>            </address>
<phone>34-946015979</phone><electronicMailAddress>itziar.garcia@ehu.eus</electronicMailAddress><onlineUrl>https://sites.google.com/site/grupoflorayvegetacion/</onlineUrl>            <userId directory="https://orcid.org/">0000-0002-6642-7782</userId>
            </contact>
            <contact>
            <individualName>
<givenName>Juan Antonio</givenName>                    <surName>Campos Prieto</surName>
            </individualName>
<organizationName>UPV/EHU</organizationName><positionName>Agregado</positionName>            <address>
<deliveryPoint>University of the Basque Country. Faculty of Science and Technology. Sarriena s/n Campus of Leioa</deliveryPoint><city>Leioa</city><administrativeArea>Bizkaia</administrativeArea><postalCode>48940</postalCode><country>SPAIN</country>            </address>
<phone>34-946012570</phone><electronicMailAddress>juanan.campos@ehu.eus</electronicMailAddress><onlineUrl>https://sites.google.com/site/grupoflorayvegetacion/</onlineUrl>            </contact>

    </dataset>

    <additionalMetadata>
        <metadata>
            <gbif>
                <dateStamp>2023-07-03T21:03:56Z</dateStamp>
                <citation>García-Mijangos I (2023). Herbario BIO de Plantas Vasculares (BIO), Universidad del Pais Vasco (UPV/EHU). Botany laboratory. Plant Biology and Ecology Department. University of the Basque Country. Occurrence dataset https://doi.org/10.15468/xtjld4 accessed via GBIF.org on 2023-07-03.</citation>
                    <resourceLogoUrl>http://www.gbif.es/ipt/logo.do?r=bio</resourceLogoUrl>
                        <collection>
                            <parentCollectionIdentifier>Not applicable</parentCollectionIdentifier>
                            <collectionIdentifier>http://www.gbif.org/dataset/834dcb62-f762-11e1-a439-00145eb45e9a</collectionIdentifier>
                            <collectionName>Herbario BIO de plantas vasculares</collectionName>
                        </collection>
                        <specimenPreservationMethod>DRIED_AND_PRESSED</specimenPreservationMethod>
                            <jgtiCuratorialUnit>
                                <jgtiUnitType>Sheet</jgtiUnitType>
                                <jgtiUnitRange>
                                    <beginRange>4,500</beginRange>
                                    <endRange>5,000</endRange>
                                </jgtiUnitRange>
                            </jgtiCuratorialUnit>
            </gbif>
        </metadata>
    </additionalMetadata>

</eml:eml>
