<?xml version="1.0" encoding="utf-8"?>
<eml:eml xmlns:eml="eml://ecoinformatics.org/eml-2.1.1" xmlns:xsi="http://www.w3.org/2001/XMLSchema-instance"
         xsi:schemaLocation="eml://ecoinformatics.org/eml-2.1.1 http://rs.gbif.org/schema/eml-gbif-profile/1.2/eml.xsd"
packageId="840db01a-f557-4c70-9f26-ac272faeeda2"  system="http://gbif.org" scope="system"
xml:lang="es">

    <dataset>
            <alternateIdentifier>10.15468/n9jh4h</alternateIdentifier>
                <alternateIdentifier>http://ipt.mincyt.gob.ar/resource?r=geraniales-lamiales</alternateIdentifier>
                <alternateIdentifier>840db01a-f557-4c70-9f26-ac272faeeda2</alternateIdentifier>
                <alternateIdentifier>https://ipt.mincyt.gob.ar/resource?r=geraniales-lamiales</alternateIdentifier>
        <title>Colección de Geraniales hasta Lamiales del Museo Botánico CORD - IMBIV</title>
            <creator>
            <individualName>
<givenName>Marcelo</givenName>                    <surName>Gritti</surName>
            </individualName>
<organizationName>Museo CORD, IMBIV, UNC, CONICET, FCEFyN</organizationName><positionName>Técnico Principal</positionName>            <address>
<deliveryPoint>Velez Sarsfield 299</deliveryPoint><city>Córdoba</city><administrativeArea>Córdoba</administrativeArea><postalCode>5000</postalCode><country>ARGENTINA</country>            </address>
<phone>03514331056</phone><electronicMailAddress>mgritti@imbiv.unc.edu.ar</electronicMailAddress><onlineUrl>http://imbiv.conicet.unc.edu.ar/integrantes/g/gritti-marcelo/</onlineUrl>            </creator>
            <creator>
            <individualName>
<givenName>Jimena</givenName>                    <surName>Ponce</surName>
            </individualName>
<organizationName>Museo CORD, IMBIV, UNC, CONICET, FCEFyN</organizationName><positionName>Técnico Profesional Principal</positionName>            <address>
<deliveryPoint>Velez Sarsfield 299</deliveryPoint><city>Córdoba</city><administrativeArea>Córdoba</administrativeArea><postalCode>5000</postalCode><country>ARGENTINA</country>            </address>
<phone>03514331056</phone><electronicMailAddress>museo@imbiv.unc.edu.ar</electronicMailAddress><onlineUrl>http://imbiv.conicet.unc.edu.ar/integrantes/p/ponce-maria-jimena/</onlineUrl>            </creator>
            <creator>
            <individualName>
<givenName>Ana Pía</givenName>                    <surName>Wiemer</surName>
            </individualName>
<organizationName>Museo CORD, IMBIV, UNC, CONICET, FCEFyN</organizationName><positionName>Técnico Profesional</positionName>            <address>
<deliveryPoint>Velez Sarsfield 299</deliveryPoint><city>Córdoba</city><administrativeArea>Córdoba</administrativeArea><postalCode>5000</postalCode><country>ARGENTINA</country>            </address>
<phone>03514331056</phone><electronicMailAddress>apwiemer@imbiv.unc.edu.ar</electronicMailAddress><onlineUrl>http://imbiv.conicet.unc.edu.ar/integrantes/w/wemer-pia/</onlineUrl>            </creator>
            <creator>
            <individualName>
<givenName>Pascale</givenName>                    <surName>Hick</surName>
            </individualName>
<organizationName>Museo CORD,UNC, FCEFyN</organizationName><positionName>Técnico</positionName>            <address>
<deliveryPoint>Velez Sarsfield 299</deliveryPoint><city>Córdoba</city><administrativeArea>Córdoba</administrativeArea><postalCode>5000</postalCode><country>ARGENTINA</country>            </address>
<phone>03514331056</phone><electronicMailAddress>pascale@imbiv.unc.edu.ar</electronicMailAddress><onlineUrl>https://museobotanico.unc.edu.ar/personal</onlineUrl>            </creator>
            <metadataProvider>
            <individualName>
<givenName>Marcelo</givenName>                    <surName>Gritti</surName>
            </individualName>
<organizationName>IMBIV-CONICET</organizationName><positionName>Técnico Principal</positionName>            <address>
<deliveryPoint>Velez Sarsfield 299</deliveryPoint><city>Córdoba</city><administrativeArea>Córdoba</administrativeArea><postalCode>5000</postalCode><country>ARGENTINA</country>            </address>
<phone>03514331056</phone><electronicMailAddress>mgritti@imbiv.unc.edu.ar</electronicMailAddress><onlineUrl>http://imbiv.conicet.unc.edu.ar/integrantes/g/gritti-marcelo/</onlineUrl>            </metadataProvider>
            <metadataProvider>
            <individualName>
<givenName>Jimena</givenName>                    <surName>Ponce</surName>
            </individualName>
<organizationName>Museo CORD, IMBIV, UNC, CONICET, FCEFyN</organizationName><positionName>Técnico Profesional Principal</positionName>            <address>
<deliveryPoint>Velez Sarsfield 299</deliveryPoint><city>Córdoba</city><administrativeArea>Córdoba</administrativeArea><postalCode>5000</postalCode><country>ARGENTINA</country>            </address>
<phone>03514331056</phone><electronicMailAddress>museo@imbiv.unc.edu.ar</electronicMailAddress><onlineUrl>http://imbiv.conicet.unc.edu.ar/integrantes/p/ponce-maria-jimena/</onlineUrl>            </metadataProvider>
            <pubDate>
                2023-06-11
            </pubDate>
        <language>SPANISH</language>
            <abstract>
                    <para>La colección de Geraniales, Gleicheniales, Gunnerales, Hymenophyllales, Icacinales, Isoetales, Lamiales está compuesta por un total de 7783 ejemplares de herbario, que se distribuyen del siguiente modo:

Ejemplares por familia para Geraniales: Francoaceae 1, Geraniaceae 559, Ledocarpaceae 31, Vivianiaceae 8. Georreferenciados: 535 ejemplares. Rango Temporal 1871/2018.

Ejemplares por familia para Gunnerales, Hymenophyllales, Icacinales e Isoetales: Gleicheniaceae 1, Gunneraceae 2, Hymenophyllaceae 12, Icacinaceae 2, Isoetaceae 2. Georreferenciados: 14 ejemplares. Rango Temporal 1873/2017
Ejemplares por familia para Lamiales: Acanthaceae 1168, Antirrhinaceae 1, Bignoniaceae 505, Bignoniaceae  1, Buddlejaceae 1, Calceolariaceae 697, Calceolariaceae 3, Callitrichaceae 51 Gesneriaceae 65, Lamiaceae 1498, Lamiaceae 2, Lentibulariaceae 8, Linderniaceae 2, Martyniaceae 80, Myoporaceae 5, Oleaceae 146, Oleaceae 1, Orobanchaceae 167, Orobanchaceae 1, Paulownniaceae 1,  Phrymaceae 96, Phrymaceae 1, Plantaginaceae 1103, Plantaginaceae 1, Scrophulariaceae 425, Scrophulariaceae 7, Verbenaceae 1219. Georreferenciados: 6212 ejemplares. Rango Temporal 1837/2019</para>
            </abstract>
                <keywordSet>
                        <keyword>Occurrence</keyword>
                        <keywordThesaurus>GBIF Dataset Type Vocabulary: http://rs.gbif.org/vocabulary/gbif/dataset_type.xml</keywordThesaurus>
                </keywordSet>
                <keywordSet>
                        <keyword>Specimen</keyword>
                        <keywordThesaurus>GBIF Dataset Subtype Vocabulary: http://rs.gbif.org/vocabulary/gbif/dataset_subtype.xml</keywordThesaurus>
                </keywordSet>
                <keywordSet>
                        <keyword>Occurrence</keyword>
                        <keywordThesaurus>GBIF Dataset Type Vocabulary: http://rs.gbif.org/vocabulary/gbif/dataset_type_2015-07-10.xml</keywordThesaurus>
                </keywordSet>
            <intellectualRights>
                    <para>This work is licensed under a <ulink url="http://creativecommons.org/licenses/by/4.0/legalcode"><citetitle>Creative Commons Attribution (CC-BY) 4.0 License</citetitle></ulink>.</para>
            </intellectualRights>
            <coverage>
                    <geographicCoverage>
                            <geographicDescription>Los especímenes colectados provienen de los siguientes países: Alemania, Angola, Argentina, Austria, Bolivia, Brasil, Chile, Colombia, España, Estados Unidos de América, Gabón, Gran Bretaña, Guatemala, Irán, Madagascar, México, Paraguay, Perú, República Checa, Somalía, Tailandia, Tanzania, Uganda, Uruguay,  Venezuela.</geographicDescription>
                            <boundingCoordinates>
                                <westBoundingCoordinate>-143.438</westBoundingCoordinate>
                                <eastBoundingCoordinate>175.781</eastBoundingCoordinate>
                                <northBoundingCoordinate>72.396</northBoundingCoordinate>
                                <southBoundingCoordinate>-77.157</southBoundingCoordinate>
                            </boundingCoordinates>
                    </geographicCoverage>
                    <temporalCoverage>
                            <rangeOfDates>
                                <beginDate>
                                    <calendarDate>                1842-03-03
</calendarDate>
                                </beginDate>
                                <endDate>
                                    <calendarDate>                2019-02-25
</calendarDate>
                                </endDate>
                            </rangeOfDates>
                    </temporalCoverage>
            </coverage>
            <maintenance>
                <description>
                    <para></para>
                </description>
                <maintenanceUpdateFrequency>annually</maintenanceUpdateFrequency>
            </maintenance>
            <contact>
            <individualName>
<givenName>Jimena</givenName>                    <surName>Ponce</surName>
            </individualName>
<organizationName>Museo CORD, IMBIV, UNC, CONICET, FCEFyN</organizationName><positionName>Técnico Profesional Principal</positionName>            <address>
<deliveryPoint>Velez Sarsfield 299</deliveryPoint><city>Córdoba</city><administrativeArea>Córdoba</administrativeArea><postalCode>5000</postalCode><country>ARGENTINA</country>            </address>
<phone>03514331056</phone><electronicMailAddress>museo@imbiv.unc.edu.ar</electronicMailAddress><onlineUrl>http://imbiv.conicet.unc.edu.ar/integrantes/p/ponce-maria-jimena/</onlineUrl>            </contact>
            <contact>
            <individualName>
<givenName>Gloria E.</givenName>                    <surName>Barboza</surName>
            </individualName>
<organizationName>Museo CORD, IMBIV, UNC, CONICET, FCQ</organizationName><positionName>Curadora</positionName>            <address>
<deliveryPoint>Velez Sarsfield 299</deliveryPoint><city>Córdoba</city><administrativeArea>Córdoba</administrativeArea><postalCode>5000</postalCode><country>ARGENTINA</country>            </address>
<phone>03514331056</phone><electronicMailAddress>gbarboza@imbiv.unc.edu.ar</electronicMailAddress><onlineUrl>http://imbiv.conicet.unc.edu.ar/integrantes/investigadores-2/b/barboza-gloria-estela/</onlineUrl>            </contact>
            <contact>
            <individualName>
<givenName>Gabriel</givenName>                    <surName>Bernardello</surName>
            </individualName>
<organizationName>Museo CORD, IMBIV, UNC, CONICET, FCEFyN</organizationName><positionName>Director</positionName>            <address>
<deliveryPoint>Velez Sarsfield 299</deliveryPoint><city>Córdoba</city><administrativeArea>Córdoba</administrativeArea><postalCode>5000</postalCode><country>ARGENTINA</country>            </address>
<phone>03514331056</phone><electronicMailAddress>bernarde@imbiv.unc.edu.ar</electronicMailAddress><onlineUrl>http://imbiv.conicet.unc.edu.ar/integrantes/investigadores-2/b/bernardello-gabriel/</onlineUrl>            </contact>
            <contact>
            <individualName>
<givenName>Franco</givenName>                    <surName>Chiarini</surName>
            </individualName>
<organizationName>Museo CORD, IMBIV, UNC, CONICET, FCEFyN</organizationName><positionName>Curador Asociado de Plantas Vasculares</positionName>            <address>
<deliveryPoint>Velez Sarsfield 299</deliveryPoint><city>Córdoba</city><administrativeArea>Córdoba</administrativeArea><postalCode>5000</postalCode><country>ARGENTINA</country>            </address>
<phone>03514331056</phone><electronicMailAddress>franco.e.chiarini@gmail.com</electronicMailAddress><onlineUrl>http://imbiv.conicet.unc.edu.ar/integrantes/investigadores-2/c/chiarini-franco/</onlineUrl>            </contact>
            <methods>
                    <methodStep>
                        <description>
                            <para></para>
                        </description>
                    </methodStep>
            </methods>

    </dataset>

    <additionalMetadata>
        <metadata>
            <gbif>
                <dateStamp>2023-07-03T21:03:59Z</dateStamp>
                <citation>Gritti M, Ponce J, Wiemer A P, Hick P (2023). Colección de Geraniales hasta Lamiales del Museo Botánico CORD - IMBIV. Version 1.7. Instituto Multidisciplinario de Biología Vegetal - IMBIV. Occurrence dataset https://doi.org/10.15468/n9jh4h accessed via GBIF.org on 2023-07-03.</citation>
                    <resourceLogoUrl>https://ipt.mincyt.gob.ar/logo.do?r=geraniales-lamiales</resourceLogoUrl>
            </gbif>
        </metadata>
    </additionalMetadata>

</eml:eml>
