<?xml version="1.0" encoding="utf-8"?>
<eml:eml xmlns:eml="eml://ecoinformatics.org/eml-2.1.1" xmlns:xsi="http://www.w3.org/2001/XMLSchema-instance"
         xsi:schemaLocation="eml://ecoinformatics.org/eml-2.1.1 http://rs.gbif.org/schema/eml-gbif-profile/1.2/eml.xsd"
packageId="85727f1e-f762-11e1-a439-00145eb45e9a"  system="http://gbif.org" scope="system"
xml:lang="en">

    <dataset>
            <alternateIdentifier>10.15468/abcz8i</alternateIdentifier>
                <alternateIdentifier>1096</alternateIdentifier>
        <title>Herbarium Willing at Herbarium Berolinense, Berlin (B)</title>
            <associatedParty>
            <individualName>
                    <surName>Botanic Garden and Botanical Museum Berlin</surName>
            </individualName>
            <address>
<deliveryPoint>Königin-Luise-Str. 6-8, 14195 Berlin, Germany</deliveryPoint>            </address>
<electronicMailAddress>biodiversitydata@bgbm.org</electronicMailAddress>            <role>TECHNICAL_POINT_OF_CONTACT</role>
            </associatedParty>
        <language>en</language>
            <abstract>
                    <para>The “Herbarium Willing” is a private Phanerogam collection of Eckhard Willing. The collection is focussed on Greece and central Europe and consists of more then 150.000 specimens which are successively inserted and barcoded at the BGBM (Herbarium B).</para>
            </abstract>
            <intellectualRights>
                    <para>To the extent possible under law, the publisher has waived all rights to these data and has dedicated them to the <ulink url="http://creativecommons.org/publicdomain/zero/1.0/legalcode"><citetitle>Public Domain (CC0 1.0)</citetitle></ulink>. Users may copy, modify, distribute and use the work, including for commercial purposes, without restriction.</para>
            </intellectualRights>
            <contact>
            <individualName>
                    <surName>Botanic Garden and Botanical Museum Berlin</surName>
            </individualName>
            <address>
<deliveryPoint>Königin-Luise-Str. 6-8  D-14191 Berlin</deliveryPoint>            </address>
            </contact>

    </dataset>

    <additionalMetadata>
        <metadata>
            <gbif>
                <dateStamp>2023-07-03T21:04:01Z</dateStamp>
                <citation>Botanic Garden and Botanical Museum Berlin. Herbarium Willing at Herbarium Berolinense, Berlin (B). Occurrence dataset https://doi.org/10.15468/abcz8i accessed via GBIF.org on 2023-07-03.</citation>
            </gbif>
        </metadata>
    </additionalMetadata>

</eml:eml>
