<?xml version="1.0" encoding="utf-8"?>
<eml:eml xmlns:eml="eml://ecoinformatics.org/eml-2.1.1" xmlns:xsi="http://www.w3.org/2001/XMLSchema-instance"
         xsi:schemaLocation="eml://ecoinformatics.org/eml-2.1.1 http://rs.gbif.org/schema/eml-gbif-profile/1.2/eml.xsd"
packageId="869b5244-f762-11e1-a439-00145eb45e9a"  system="http://gbif.org" scope="system"
xml:lang="en">

    <dataset>
            <alternateIdentifier>10.15468/myfnxe</alternateIdentifier>
                <alternateIdentifier>https://science-net.kahaku.go.jp/ipt2/resource?r=snet-1124-101</alternateIdentifier>
                <alternateIdentifier>http://science-net.kahaku.go.jp/ipt2/resource?r=snet-1124-101</alternateIdentifier>
                <alternateIdentifier>http://gbif.science-net.kahaku.go.jp:8081/ipt2/resource?r=snet-1124-101</alternateIdentifier>
                <alternateIdentifier>869b5244-f762-11e1-a439-00145eb45e9a</alternateIdentifier>
                <alternateIdentifier>1975</alternateIdentifier>
        <title>Vascular Plant Specimens of Kochi Prefectural Makino Botanical Garden</title>
            <creator>
            <individualName>
<givenName>Sae</givenName>                    <surName>Komatsu</surName>
            </individualName>
<organizationName>Kochi Prefectural Makino Botanical Garden</organizationName><positionName>Chief</positionName>            <address>
<country>JAPAN</country>            </address>
<electronicMailAddress>s_komatsu@makino.or.jp</electronicMailAddress>            </creator>
            <metadataProvider>
            <individualName>
<givenName>Nobuo</givenName>                    <surName>Kawahara</surName>
            </individualName>
<organizationName>Kochi Prefectural Makino Botanical Garden</organizationName><positionName>Director</positionName>            <address>
<country>JAPAN</country>            </address>
<electronicMailAddress>maki-bw@i-kochi.or.jp</electronicMailAddress>            </metadataProvider>
            <pubDate>
                2023-03-23
            </pubDate>
        <language>ENGLISH</language>
            <abstract>
                    <para>Vascular plant specimens collected from Japan</para>
            </abstract>
                <keywordSet>
                        <keyword>Occurrence</keyword>
                        <keywordThesaurus>GBIF Dataset Type Vocabulary: http://rs.gbif.org/vocabulary/gbif/dataset_type_2015-07-10.xml</keywordThesaurus>
                </keywordSet>
            <intellectualRights>
                    <para>This work is licensed under a <ulink url="http://creativecommons.org/licenses/by/4.0/legalcode"><citetitle>Creative Commons Attribution (CC-BY) 4.0 License</citetitle></ulink>.</para>
            </intellectualRights>
            <distribution scope="document">
                <online>
                    <url function="information">http://www.makino.or.jp/index_e.html</url>
                </online>
            </distribution>
            <maintenance>
                <description>
                    <para></para>
                </description>
                <maintenanceUpdateFrequency>unkown</maintenanceUpdateFrequency>
            </maintenance>
            <contact>
            <individualName>
<givenName>Nobuo</givenName>                    <surName>Kawahara</surName>
            </individualName>
<organizationName>Kochi Prefectural Makino Botanical Garden</organizationName><positionName>Director</positionName>            <address>
<country>JAPAN</country>            </address>
<electronicMailAddress>maki-bw@i-kochi.or.jp</electronicMailAddress>            </contact>

    </dataset>

    <additionalMetadata>
        <metadata>
            <gbif>
                <dateStamp>2023-07-03T21:04:04Z</dateStamp>
                <citation>Komatsu S, Kawahara N (2023). Vascular Plant Specimens of Kochi Prefectural Makino Botanical Garden. National Museum of Nature and Science, Japan. Occurrence dataset https://doi.org/10.15468/myfnxe accessed via GBIF.org on 2023-07-03.</citation>
            </gbif>
        </metadata>
    </additionalMetadata>

</eml:eml>
