<?xml version="1.0" encoding="utf-8"?>
<eml:eml xmlns:eml="eml://ecoinformatics.org/eml-2.1.1" xmlns:xsi="http://www.w3.org/2001/XMLSchema-instance"
         xsi:schemaLocation="eml://ecoinformatics.org/eml-2.1.1 http://rs.gbif.org/schema/eml-gbif-profile/1.2/eml.xsd"
packageId="86aea6d0-e340-4745-a596-3fc20f90a021"  system="http://gbif.org" scope="system"
xml:lang="pt">

    <dataset>
            <alternateIdentifier>10.15468/9ql44s</alternateIdentifier>
                <alternateIdentifier>86aea6d0-e340-4745-a596-3fc20f90a021</alternateIdentifier>
                <alternateIdentifier>http://ipt1.cria.org.br/ipt/resource?r=mar</alternateIdentifier>
        <title>MAR - Herbário do Maranhão</title>
            <creator>
            <individualName>
<givenName>Eduardo</givenName>                    <surName>B. de Almeida Júnior</surName>
            </individualName>
<organizationName>Universidade Federal do Maranhão (UFMA)</organizationName><positionName>Curador</positionName>            <address>
<deliveryPoint>Av. dos Portugueses s/n, Bairro Bacanga</deliveryPoint><city>São Luis</city><administrativeArea>Maranhão</administrativeArea><postalCode>65085-580</postalCode><country>BRAZIL</country>            </address>
<phone>+55 98 3272-8593</phone><electronicMailAddress>ebaj25@yahoo.com.br</electronicMailAddress><onlineUrl>http://splink.cria.org.br/manager/detail?resource=MAR</onlineUrl>            </creator>
            <metadataProvider>
            <individualName>
<givenName>Eduardo</givenName>                    <surName>B. de Almeida Júnior</surName>
            </individualName>
<organizationName>Universidade Federal do Maranhão (UFMA)</organizationName><positionName>Curador</positionName>            <address>
<deliveryPoint>Av. dos Portugueses s/n, Bairro Bacanga</deliveryPoint><city>São Luis</city><administrativeArea>Maranhão</administrativeArea><postalCode>65085-580</postalCode><country>BRAZIL</country>            </address>
<phone>+55 98 3272-8593</phone><electronicMailAddress>ebaj25@yahoo.com.br</electronicMailAddress><onlineUrl>http://splink.cria.org.br/manager/detail?resource=MAR</onlineUrl>            </metadataProvider>
            <associatedParty>
            <individualName>
                    <surName>speciesLink Network</surName>
            </individualName>
<organizationName>Centro de Referência em Informação Ambiental, CRIA</organizationName><positionName>Network</positionName>            <address>
<deliveryPoint>Av. Dr. Romeu Tórtima, 388</deliveryPoint><city>Campinas</city><administrativeArea>São Paulo</administrativeArea><postalCode>13084-791</postalCode><country>BRAZIL</country>            </address>
<phone>+55 19 3288-0466</phone><electronicMailAddress>splink@cria.org.br</electronicMailAddress><onlineUrl>http://splink.cria.org.br</onlineUrl>            <role>CUSTODIAN_STEWARD</role>
            </associatedParty>
            <pubDate>
                2023-06-27
            </pubDate>
        <language>PORTUGUESE</language>
            <abstract>
                    <para>O &amp;#34;Herbário&amp;#34; do Departamento de Biologia, sendo assim denominado por manter um acervo botânico de estudos desenvolvidos pelos professores do Departamento de Biologia, caracterizou-se como coleção biológica a partir da fusão do Herbário Ficológico do Laboratório de Hidrobiologia da Universidade Federal do Maranhão (UFMA) e da coleção organizada pelos botânicos Ilse Gottsberg e Gerhard Gottsberg, do Departamento de Psicologia e Biologia da UFMA. A partir de 1981, Warwick Estevam Kerr veio para o Dep. de Psicologia e Biologia da UFMA, para então organizar o Dep. de Biologia. Convidados por ele vieram os botânicos Ilse Gottsberg e Gerhard Gottsberg, que iniciaram coletas no Estado e organizaram uma coleção de plantas. Esta coleção começou no dia 07 de agosto de 1981, com a exsicata do arbusto Gustavia augusta L. (Lecythidaceae), coletada em Vila de Santa Rita, ao longo da BR-135. A partir de então, Ilse e Gerhard iniciaram um programa de coletas no Estado, principalmente nos cerrados incluindo: a Ilha do Maranhão, Codó, Barreirinhas, Alcântara, Nina Rodrigues e Santa Rita. O Herbário do Departamento de Biologia da UFMA é uma coleção científica que tem entre seus objetivos ser um herbário especializado na Flora do Estado do Maranhão, mas que também abriga espécimes da flora de Estados circunvizinhos. O Herbário conta com aproximadamente 8.500 espécimes vegetais proveniente de coletas de professores e alunos de graduação e de pós-graduação. Recentemente, com o intuito de consolidar o acervo, que cresce a cada dia, a coleção biológica recebeu o nome de Herbário do Maranhão, sigla MAR, cujas coletas concentram-se nas áreas de restinga e cerrado do Estado. Além disso, estão sendo organizadas as coleções especiais: Convolvulaceae: Flora da Ilha de São Luís; Solanaceae: Flora do Estado; e Sapotaceae: Flora do Estado (projeto em desenvolvimento). É importante destacar o apoio recebido do Governo do Estado do Maranhão, através do edital CBIOMA/FAPEMA, para a implantação do Herbário MAR, contribuindo para ampliação e divulgação dos registros da flora maranhense.</para>
            </abstract>
                <keywordSet>
                        <keyword>Occurrence</keyword>
                        <keywordThesaurus>GBIF Dataset Type Vocabulary: http://rs.gbif.org/vocabulary/gbif/dataset_type.xml</keywordThesaurus>
                </keywordSet>
                <keywordSet>
                        <keyword>Specimen</keyword>
                        <keywordThesaurus>GBIF Dataset Subtype Vocabulary: http://rs.gbif.org/vocabulary/gbif/dataset_subtype.xml</keywordThesaurus>
                </keywordSet>
                <keywordSet>
                        <keyword>Occurrence</keyword>
                        <keywordThesaurus>GBIF Dataset Type Vocabulary: http://rs.gbif.org/vocabulary/gbif/dataset_type_2015-07-10.xml</keywordThesaurus>
                </keywordSet>
            <intellectualRights>
                    <para>This work is licensed under a <ulink url="http://creativecommons.org/licenses/by-nc/4.0/legalcode"><citetitle>Creative Commons Attribution Non Commercial (CC-BY-NC) 4.0 License</citetitle></ulink>.</para>
            </intellectualRights>
            <distribution scope="document">
                <online>
                    <url function="information">http://splink.cria.org.br/manager/detail?resource=MAR</url>
                </online>
            </distribution>
            <coverage>
                    <geographicCoverage>
                            <geographicDescription>Predominantemente Brasil</geographicDescription>
                            <boundingCoordinates>
                                <westBoundingCoordinate>-74</westBoundingCoordinate>
                                <eastBoundingCoordinate>-30</eastBoundingCoordinate>
                                <northBoundingCoordinate>5.27</northBoundingCoordinate>
                                <southBoundingCoordinate>-33.75</southBoundingCoordinate>
                            </boundingCoordinates>
                    </geographicCoverage>
                        <taxonomicCoverage>
                                <taxonomicClassification>
                                        <taxonRankName>Kingdom</taxonRankName>
                                    <taxonRankValue>Plantae</taxonRankValue>
                                </taxonomicClassification>
                        </taxonomicCoverage>
            </coverage>
            <maintenance>
                <description>
                    <para></para>
                </description>
                <maintenanceUpdateFrequency>monthly</maintenanceUpdateFrequency>
            </maintenance>
            <contact>
            <individualName>
<givenName>Eduardo</givenName>                    <surName>B. de Almeida Júnior</surName>
            </individualName>
<organizationName>Universidade Federal do Maranhão (UFMA)</organizationName><positionName>Curador</positionName>            <address>
<deliveryPoint>Av. dos Portugueses s/n, Bairro Bacanga</deliveryPoint><city>São Luis</city><administrativeArea>Maranhão</administrativeArea><postalCode>65085-580</postalCode><country>BRAZIL</country>            </address>
<phone>+55 98 3272-8593</phone><electronicMailAddress>ebaj25@yahoo.com.br</electronicMailAddress><onlineUrl>http://splink.cria.org.br/manager/detail?resource=MAR</onlineUrl>            </contact>
            <methods>
                    <methodStep>
                        <description>
                            <para></para>
                        </description>
                    </methodStep>
            </methods>

            <project >
                <title>INCT - Herbário Virtual da Flora e dos Fungos</title>
                    <personnel>
            <individualName>
<givenName>Leonor</givenName>                    <surName>Costa Maia</surName>
            </individualName>
            <role>DISTRIBUTOR</role>
                    </personnel>
                <abstract>
                    <para>O Instituto Nacional de Ciência e Tecnologia, INCT - Herbário Virtual da Flora e dos Fungos, financiado pelo Conselho Nacional de Desenvolvimento Científico e Tecnológico, CNPq, visa prover à sociedade, ao poder público e à comunidade científica infraestrutura de dados de acesso público e aberto integrando informações de acervos dos herbários do país e repatriando dados sobre coletas realizadas em solo brasileiro depositadas no exterior</para>
                </abstract>
                <funding>
                    <para>Conselho Nacional de Desenvolvimento Científico e Tecnológico, CNPq</para>
                </funding>
                    <studyAreaDescription>
                        <descriptor name="generic" citableClassificationSystem="false">
                            <descriptorValue>Ocorrência de espécies de plantas e fungos no Brasil</descriptorValue>
                        </descriptor>
                    </studyAreaDescription>
            </project>
    </dataset>

    <additionalMetadata>
        <metadata>
            <gbif>
                <dateStamp>2023-07-03T21:04:04Z</dateStamp>
                <citation identifier="  http://splink.cria.org.br/manager/detail?resource=MAR">B. de Almeida Júnior E (2023). MAR - Herbário do Maranhão. Version 1.99. Universidade Federal do Maranhão. Occurrence dataset https://doi.org/10.15468/9ql44s accessed via GBIF.org on 2023-07-03.</citation>
                    <resourceLogoUrl>http://ipt1.cria.org.br/ipt/logo.do?r=mar</resourceLogoUrl>
            </gbif>
        </metadata>
    </additionalMetadata>

</eml:eml>
