<?xml version="1.0" encoding="utf-8"?>
<eml:eml xmlns:eml="eml://ecoinformatics.org/eml-2.1.1" xmlns:xsi="http://www.w3.org/2001/XMLSchema-instance"
         xsi:schemaLocation="eml://ecoinformatics.org/eml-2.1.1 http://rs.gbif.org/schema/eml-gbif-profile/1.2/eml.xsd"
packageId="8810854f-f81c-498c-b840-dbf376499612"  system="http://gbif.org" scope="system"
xml:lang="en">

    <dataset>
            <alternateIdentifier>10.15468/4qv2jk</alternateIdentifier>
                <alternateIdentifier>https://intermountainbiota.org/portal/collections/misc/collprofiles.php?collid=510</alternateIdentifier>
        <title>Utah Tech University Herbarium</title>
            <creator>
<organizationName>Consortium of Intermountain Herbaria</organizationName><electronicMailAddress>seinetAdmin@asu.edu</electronicMailAddress><onlineUrl>https://intermountainbiota.org/portal/index.php</onlineUrl>            </creator>
            <metadataProvider>
<organizationName>Consortium of Intermountain Herbaria</organizationName><electronicMailAddress>seinetAdmin@asu.edu</electronicMailAddress><onlineUrl>https://intermountainbiota.org/portal/index.php</onlineUrl>            </metadataProvider>
            <associatedParty>
            <individualName>
<givenName>Bryan</givenName>                    <surName>Stevens</surName>
            </individualName>
<positionName>Curator</positionName><electronicMailAddress>bstevens@dixie.edu</electronicMailAddress>            <role>CONTENT_PROVIDER</role>
            </associatedParty>
            <pubDate>
                2023-06-01
            </pubDate>
        <language>ENGLISH</language>
            <abstract>
                    <para>The collections of Utah Technical University’s Museum/herbarium were originally made solely to help students become familiar with the area’s plants and animals. With the institution’s change from a two-year college in 2013, its commitment to technology education, and the growing importance of biodiversity informatics led to the decision to start digitizing the existing collection and using it to help ensure students become familiar with the new tools being developed for recording, sharing, and using specimen-based biodiversity information.</para>
            </abstract>
            <intellectualRights>
                    <para>To the extent possible under law, the publisher has waived all rights to these data and has dedicated them to the <ulink url="http://creativecommons.org/publicdomain/zero/1.0/legalcode"><citetitle>Public Domain (CC0 1.0)</citetitle></ulink>. Users may copy, modify, distribute and use the work, including for commercial purposes, without restriction.</para>
            </intellectualRights>
            <contact>
<organizationName>Utah Tech University Herbarium</organizationName><electronicMailAddress>bstevens@dixie.edu</electronicMailAddress>            </contact>

    </dataset>

    <additionalMetadata>
        <metadata>
            <gbif>
                <dateStamp>2023-07-03T21:04:04Z</dateStamp>
                <citation>Utah Tech University (2023). Utah Tech University Herbarium. Occurrence dataset https://doi.org/10.15468/4qv2jk accessed via GBIF.org on 2023-07-03.</citation>
            </gbif>
        </metadata>
    </additionalMetadata>

</eml:eml>
