<?xml version="1.0" encoding="utf-8"?>
<eml:eml xmlns:eml="eml://ecoinformatics.org/eml-2.1.1" xmlns:xsi="http://www.w3.org/2001/XMLSchema-instance"
         xsi:schemaLocation="eml://ecoinformatics.org/eml-2.1.1 http://rs.gbif.org/schema/eml-gbif-profile/1.2/eml.xsd"
packageId="06e4e4f2-88cd-471d-bc22-31f7662dc115"  system="http://gbif.org" scope="system"
xml:lang="en">

    <dataset>
            <alternateIdentifier>10.15468/jdr27b</alternateIdentifier>
                <alternateIdentifier>https://midwestherbaria.org/portal/collections/misc/collprofiles.php?collid=535</alternateIdentifier>
        <title>University of Wisconsin - Whitewater Herbarium</title>
            <creator>
<organizationName>Consortium of Midwest Herbaria</organizationName><electronicMailAddress>seinetAdmin@asu.edu</electronicMailAddress><onlineUrl>https://midwestherbaria.org/portal/index.php</onlineUrl>            </creator>
            <metadataProvider>
<organizationName>Consortium of Midwest Herbaria</organizationName><electronicMailAddress>seinetAdmin@asu.edu</electronicMailAddress><onlineUrl>https://midwestherbaria.org/portal/index.php</onlineUrl>            </metadataProvider>
            <associatedParty>
            <individualName>
<givenName>Nicholas</givenName>                    <surName>Tippery</surName>
            </individualName>
<positionName>Professor and Herbarium Curator</positionName><electronicMailAddress>tipperyn@uww.edu</electronicMailAddress>            <userId directory="https://orcid.org/">0000-0002-9559-2795</userId>
            <role>CONTENT_PROVIDER</role>
            </associatedParty>
            <pubDate>
                2023-06-04
            </pubDate>
        <language>ENGLISH</language>
            <abstract>
                    <para>Dried herbarium specimens of plants (mostly angiosperms). Focus on Wisconsin and Northeastern USA.</para>
            </abstract>
            <intellectualRights>
                    <para>This work is licensed under a <ulink url="http://creativecommons.org/licenses/by-nc/4.0/legalcode"><citetitle>Creative Commons Attribution Non Commercial (CC-BY-NC) 4.0 License</citetitle></ulink>.</para>
            </intellectualRights>
            <contact>
<organizationName>University of Wisconsin - Whitewater Herbarium</organizationName><electronicMailAddress>tipperyn@uww.edu</electronicMailAddress>            <userId directory="https://orcid.org/">0000-0002-9559-2795</userId>
            </contact>

    </dataset>

    <additionalMetadata>
        <metadata>
            <gbif>
                <dateStamp>2023-07-06T00:43:59Z</dateStamp>
                <citation>University of Wisconsin - Whitewater Herbarium (2023). University of Wisconsin - Whitewater Herbarium. Occurrence dataset https://doi.org/10.15468/jdr27b accessed via GBIF.org on 2023-07-06.</citation>
            </gbif>
        </metadata>
    </additionalMetadata>

</eml:eml>
