<?xml version="1.0" encoding="utf-8"?>
<eml:eml xmlns:eml="eml://ecoinformatics.org/eml-2.1.1" xmlns:xsi="http://www.w3.org/2001/XMLSchema-instance"
         xsi:schemaLocation="eml://ecoinformatics.org/eml-2.1.1 http://rs.gbif.org/schema/eml-gbif-profile/1.2/eml.xsd"
packageId="073e7dab-1c66-4e6c-a75e-dfeee6851290"  system="http://gbif.org" scope="system"
xml:lang="en">

    <dataset>
            <alternateIdentifier>10.15468/dl6w7l</alternateIdentifier>
                <alternateIdentifier>https://science-net.kahaku.go.jp/ipt2/resource?r=snet-1077-101</alternateIdentifier>
                <alternateIdentifier>http://science-net.kahaku.go.jp/ipt2/resource?r=snet-1077-101</alternateIdentifier>
                <alternateIdentifier>073e7dab-1c66-4e6c-a75e-dfeee6851290</alternateIdentifier>
                <alternateIdentifier>http://gbif.science-net.kahaku.go.jp:8081/ipt2/resource?r=snet-1077-101</alternateIdentifier>
        <title>Plant specimens of Ishikawa Museum of Natural History</title>
            <creator>
            <individualName>
<givenName>Mariko</givenName>                    <surName>Nakano</surName>
            </individualName>
<organizationName>Ishikawa Museum of Natural History</organizationName><positionName>Curator</positionName>            <address>
<country>JAPAN</country>            </address>
<electronicMailAddress>nakano@n-muse-ishikawa.or.jp</electronicMailAddress>            </creator>
            <metadataProvider>
            <individualName>
<givenName>Mariko</givenName>                    <surName>Nakano</surName>
            </individualName>
<organizationName>Ishikawa Museum of Natural History</organizationName><positionName>Curator</positionName>            <address>
<country>JAPAN</country>            </address>
<electronicMailAddress>nakano@n-muse-ishikawa.or.jp</electronicMailAddress>            </metadataProvider>
            <pubDate>
                2023-03-22
            </pubDate>
        <language>ENGLISH</language>
            <abstract>
                    <para>Plant specimens deposited in Ishikawa Museum of Natural History</para>
            </abstract>
                <keywordSet>
                        <keyword>Occurrence</keyword>
                        <keywordThesaurus>GBIF Dataset Type Vocabulary: http://rs.gbif.org/vocabulary/gbif/dataset_type_2015-07-10.xml</keywordThesaurus>
                </keywordSet>
            <intellectualRights>
                    <para>This work is licensed under a <ulink url="http://creativecommons.org/licenses/by/4.0/legalcode"><citetitle>Creative Commons Attribution (CC-BY) 4.0 License</citetitle></ulink>.</para>
            </intellectualRights>
            <maintenance>
                <description>
                    <para></para>
                </description>
                <maintenanceUpdateFrequency>unkown</maintenanceUpdateFrequency>
            </maintenance>
            <contact>
            <individualName>
<givenName>Mariko</givenName>                    <surName>Nakano</surName>
            </individualName>
<organizationName>Ishikawa Museum of Natural History</organizationName><positionName>Curator</positionName>            <address>
<country>JAPAN</country>            </address>
<electronicMailAddress>nakano@n-muse-ishikawa.or.jp</electronicMailAddress>            </contact>

    </dataset>

    <additionalMetadata>
        <metadata>
            <gbif>
                <dateStamp>2023-07-06T00:43:59Z</dateStamp>
                <citation>Nakano M (2023). Plant specimens of Ishikawa Museum of Natural History. Version 1.7. National Museum of Nature and Science, Japan. Occurrence dataset https://doi.org/10.15468/dl6w7l accessed via GBIF.org on 2023-07-06.</citation>
            </gbif>
        </metadata>
    </additionalMetadata>

</eml:eml>
