<?xml version="1.0" encoding="utf-8"?>
<eml:eml xmlns:eml="eml://ecoinformatics.org/eml-2.1.1" xmlns:xsi="http://www.w3.org/2001/XMLSchema-instance"
         xsi:schemaLocation="eml://ecoinformatics.org/eml-2.1.1 http://rs.gbif.org/schema/eml-gbif-profile/1.2/eml.xsd"
packageId="0a013f89-5381-4578-9d82-5f28fd5f1ef6"  system="http://gbif.org" scope="system"
xml:lang="en">

    <dataset>
            <alternateIdentifier>10.15468/s4bje6</alternateIdentifier>
                <alternateIdentifier>0a013f89-5381-4578-9d82-5f28fd5f1ef6</alternateIdentifier>
                <alternateIdentifier>https://registry.nbnatlas.org/public/show/dr2177</alternateIdentifier>
                <alternateIdentifier>ccfccdd6-32d3-3650-9f98-f2131d6d3483</alternateIdentifier>
        <title>Vascular plant records verified via iRecord</title>
            <creator>
<organizationName>Botanical Society of Britain &amp; Ireland</organizationName>            <address>
<deliveryPoint>57 Walton Road,</deliveryPoint><city>Shirehampton</city><administrativeArea>Bristol,</administrativeArea><postalCode>BS11 9TA.</postalCode>            </address>
<electronicMailAddress>enquiries@bsbi.org</electronicMailAddress><onlineUrl>http://bsbi.org/</onlineUrl>            </creator>
            <metadataProvider>
<organizationName>Botanical Society of Britain &amp; Ireland</organizationName>            <address>
<deliveryPoint>57 Walton Road,</deliveryPoint><city>Shirehampton</city><administrativeArea>Bristol,</administrativeArea><postalCode>BS11 9TA.</postalCode>            </address>
<electronicMailAddress>enquiries@bsbi.org</electronicMailAddress><onlineUrl>http://bsbi.org/</onlineUrl>            </metadataProvider>
            <associatedParty>
<organizationName>NBN Atlas</organizationName>            <address>
<deliveryPoint>Unit F, 14 - 18 St Mary&apos;s Gate, Lace Market</deliveryPoint><city>Nottingham</city><administrativeArea>Nottinghamshire</administrativeArea><postalCode>NG1 1PF</postalCode><country>UNITED_KINGDOM</country>            </address>
<electronicMailAddress>admin@nbnatlas.org</electronicMailAddress>            <role>DISTRIBUTOR</role>
            </associatedParty>
            <pubDate>
                2023-04-13
            </pubDate>
        <language>ENGLISH</language>
            <abstract>
                    <para>This dataset contains species records of vascular plants submitted by the general public via iRecord, and that have been verified by BSBI vice-county recorders or recorders approved by BSBI vice-county recorders. Records originate from individuals using iRecord or related apps. It includes records of both native and non-native species.</para>
            </abstract>
            <intellectualRights>
                    <para>This work is licensed under a <ulink url="http://creativecommons.org/licenses/by/4.0/legalcode"><citetitle>Creative Commons Attribution (CC-BY) 4.0 License</citetitle></ulink>.</para>
            </intellectualRights>
            <distribution scope="document">
                <online>
                    <url function="information">https://registry.nbnatlas.org/public/show/dr2177</url>
                </online>
            </distribution>
            <purpose>
                <para>The records contained in this dataset were generated for a wide range of purposes, mainly personal biological recording, but also for mapping the occurrence of species for BSBI distribution atlases (both local and national) and reporting the occurrence of invasive non-native species</para>
            </purpose>
            <contact>
            <individualName>
<givenName>Kevin</givenName>                    <surName>Walker</surName>
            </individualName>
<electronicMailAddress>kevin.walker@bsbi.org</electronicMailAddress>            </contact>
            <methods>
                    <methodStep>
                        <description>
                            <para>This dataset includes direct observations of vascular plant species in wild locations by recorders and submitted via iRecord or related apps. Most of these observations are ad hoc records made by a wide range of organisations and individuals with a range of botanical expertise. All records are subjected to the same level of verification by regional plant experts, who check any unusual records (location, time of year, identity). Such records are only &apos;accepted&apos; if backed by supporting evidence (i.e. photo, specimen, confirmation from additional recorders).</para>
                        </description>
                    </methodStep>
                    <qualityControl>
                        <description>
                            <para>The iRecord system has NBN record cleaner rules incorporated within it based on BSBI distribution data. This allows records to be filtered based on whether they &apos;fit&apos; known ranges. The route by which data arrives for verification in iRecord can vary, and comes from recorders with a wide range of ability, but the same verification process is applied to all data and the scheme believes that the dataset provided to NBN is of high quality.</para>
                        </description>
                    </qualityControl>
            </methods>

    </dataset>

    <additionalMetadata>
        <metadata>
            <gbif>
                <dateStamp>2023-07-06T00:44:01Z</dateStamp>
                <citation>Botanical Society of Britain &amp; Ireland (2023). Vascular plant records verified via iRecord. Occurrence dataset https://doi.org/10.15468/s4bje6 accessed via GBIF.org on 2023-07-06.</citation>
                    <resourceLogoUrl>https://registry.nbnatlas.org/data/dataProvider/BSBIstackedcolour.png</resourceLogoUrl>
            </gbif>
        </metadata>
    </additionalMetadata>

</eml:eml>
