<?xml version="1.0" encoding="utf-8"?>
<eml:eml xmlns:eml="eml://ecoinformatics.org/eml-2.1.1" xmlns:xsi="http://www.w3.org/2001/XMLSchema-instance"
         xsi:schemaLocation="eml://ecoinformatics.org/eml-2.1.1 http://rs.gbif.org/schema/eml-gbif-profile/1.2/eml.xsd"
packageId="0afcffc5-fb7a-44d3-9354-6cc3c6039436"  system="http://gbif.org" scope="system"
xml:lang="en">

    <dataset>
            <alternateIdentifier>10.15468/tgfb8g</alternateIdentifier>
                <alternateIdentifier>https://kbif.naris.go.kr/ipt/resource?r=2019_nsmk_pl_20200324</alternateIdentifier>
                <alternateIdentifier>0afcffc5-fb7a-44d3-9354-6cc3c6039436</alternateIdentifier>
                <alternateIdentifier>https://www.kbif.go.kr/ipt/resource?r=2019_nsmk_pl_20200324</alternateIdentifier>
        <title>2019_nsmk_pl_20200324</title>
            <creator>
<organizationName>National Science Museum of Korea</organizationName>            <address>
<country>KOREA_SOUTH</country>            </address>
            </creator>
            <metadataProvider>
            <individualName>
                    <surName>info</surName>
            </individualName>
<organizationName>National Science Museum of Korea</organizationName>            <address>
<deliveryPoint>481 Daedeokdaero, Yuseon-gu</deliveryPoint><city>Daejeon</city><postalCode>34143</postalCode><country>KOREA_SOUTH</country>            </address>
<electronicMailAddress>info@nsmk.kr</electronicMailAddress><onlineUrl>http://www.naris.go.kr</onlineUrl>            </metadataProvider>
            <associatedParty>
            <individualName>
<givenName>JunHee</givenName>                    <surName>Kim</surName>
            </individualName>
<electronicMailAddress>kjh891209@gmail.com</electronicMailAddress>            <role>USER</role>
            </associatedParty>
            <pubDate>
                2022-11-01
            </pubDate>
        <language>ENGLISH</language>
            <abstract>
                    <para>2019 nsmk plants occurrence data</para>
            </abstract>
                <keywordSet>
                        <keyword>Occurrence</keyword>
                        <keywordThesaurus>GBIF Dataset Type Vocabulary: http://rs.gbif.org/vocabulary/gbif/dataset_type.xml</keywordThesaurus>
                </keywordSet>
            <intellectualRights>
                    <para>This work is licensed under a <ulink url="http://creativecommons.org/licenses/by-nc/4.0/legalcode"><citetitle>Creative Commons Attribution Non Commercial (CC-BY-NC) 4.0 License</citetitle></ulink>.</para>
            </intellectualRights>
            <maintenance>
                <description>
                    <para></para>
                </description>
                <maintenanceUpdateFrequency>unkown</maintenanceUpdateFrequency>
            </maintenance>
            <contact>
            <individualName>
                    <surName>info</surName>
            </individualName>
<organizationName>National Science Museum of Korea</organizationName>            <address>
<deliveryPoint>481 Daedeokdaero, Yuseon-gu</deliveryPoint><city>Daejeon</city><postalCode>34143</postalCode><country>KOREA_SOUTH</country>            </address>
<electronicMailAddress>info@nsmk.kr</electronicMailAddress><onlineUrl>http://www.naris.go.kr</onlineUrl>            </contact>

    </dataset>

    <additionalMetadata>
        <metadata>
            <gbif>
                <dateStamp>2023-07-06T00:44:07Z</dateStamp>
                <citation>National Science Museum of Korea (2022). 2019_nsmk_pl_20200324. Version 1.4. Occurrence dataset https://doi.org/10.15468/tgfb8g accessed via GBIF.org on 2023-07-06.</citation>
            </gbif>
        </metadata>
    </additionalMetadata>

</eml:eml>
