<?xml version="1.0" encoding="utf-8"?>
<eml:eml xmlns:eml="eml://ecoinformatics.org/eml-2.1.1" xmlns:xsi="http://www.w3.org/2001/XMLSchema-instance"
         xsi:schemaLocation="eml://ecoinformatics.org/eml-2.1.1 http://rs.gbif.org/schema/eml-gbif-profile/1.2/eml.xsd"
packageId="12b7c8fc-f696-4a10-86b1-5a97ffce428b"  system="http://gbif.org" scope="system"
xml:lang="en">

    <dataset>
            <alternateIdentifier>10.15468/owentj</alternateIdentifier>
                <alternateIdentifier>https://science-net.kahaku.go.jp/ipt2/resource?r=snet-1106-102</alternateIdentifier>
                <alternateIdentifier>http://science-net.kahaku.go.jp/ipt2/resource?r=snet-1106-102</alternateIdentifier>
                <alternateIdentifier>12b7c8fc-f696-4a10-86b1-5a97ffce428b</alternateIdentifier>
                <alternateIdentifier>http://gbif.science-net.kahaku.go.jp:8081/ipt2/resource?r=snet-1106-102</alternateIdentifier>
        <title>Spermatophyte collection of Himeji City Science Museum</title>
            <creator>
            <individualName>
<givenName>Tetsuya</givenName>                    <surName>Tokushige</surName>
            </individualName>
<organizationName>Himeji City Science Museum</organizationName><positionName>Curator of Division of Natural History</positionName>            <address>
<country>JAPAN</country>            </address>
<electronicMailAddress>tetsuya_tokushige@city.himeji.lg.jp</electronicMailAddress>            </creator>
            <metadataProvider>
            <individualName>
<givenName>Tetsuya</givenName>                    <surName>Tokushige</surName>
            </individualName>
<organizationName>Himeji City Science Museum</organizationName><positionName>Curator of Division of Natural History</positionName>            <address>
<country>JAPAN</country>            </address>
<electronicMailAddress>tetsuya_tokushige@city.himeji.lg.jp</electronicMailAddress>            </metadataProvider>
            <pubDate>
                2023-03-23
            </pubDate>
        <language>ENGLISH</language>
            <abstract>
                    <para>Spermatophyte collection deposited in Himeji City Science Museum</para>
            </abstract>
                <keywordSet>
                        <keyword>Occurrence</keyword>
                        <keywordThesaurus>GBIF Dataset Type Vocabulary: http://rs.gbif.org/vocabulary/gbif/dataset_type_2015-07-10.xml</keywordThesaurus>
                </keywordSet>
            <intellectualRights>
                    <para>This work is licensed under a <ulink url="http://creativecommons.org/licenses/by/4.0/legalcode"><citetitle>Creative Commons Attribution (CC-BY) 4.0 License</citetitle></ulink>.</para>
            </intellectualRights>
            <maintenance>
                <description>
                    <para></para>
                </description>
                <maintenanceUpdateFrequency>unkown</maintenanceUpdateFrequency>
            </maintenance>
            <contact>
            <individualName>
<givenName>Tetsuya</givenName>                    <surName>Tokushige</surName>
            </individualName>
<organizationName>Himeji City Science Museum</organizationName><positionName>Curator of Division of Natural History</positionName>            <address>
<country>JAPAN</country>            </address>
<electronicMailAddress>tetsuya_tokushige@city.himeji.lg.jp</electronicMailAddress>            </contact>

    </dataset>

    <additionalMetadata>
        <metadata>
            <gbif>
                <dateStamp>2023-07-06T00:44:11Z</dateStamp>
                <citation>Tokushige T (2023). Spermatophyte collection of Himeji City Science Museum. Version 1.6. National Museum of Nature and Science, Japan. Occurrence dataset https://doi.org/10.15468/owentj accessed via GBIF.org on 2023-07-06.</citation>
            </gbif>
        </metadata>
    </additionalMetadata>

</eml:eml>
