<?xml version="1.0" encoding="utf-8"?>
<eml:eml xmlns:eml="eml://ecoinformatics.org/eml-2.1.1" xmlns:xsi="http://www.w3.org/2001/XMLSchema-instance"
         xsi:schemaLocation="eml://ecoinformatics.org/eml-2.1.1 http://rs.gbif.org/schema/eml-gbif-profile/1.2/eml.xsd"
packageId="1b9eaa10-8441-481c-b50a-391ba168a86f"  system="http://gbif.org" scope="system"
xml:lang="en">

    <dataset>
            <alternateIdentifier>10.15468/ji4vbl</alternateIdentifier>
                <alternateIdentifier>1b9eaa10-8441-481c-b50a-391ba168a86f</alternateIdentifier>
                <alternateIdentifier>http://ipt.vertnet.org:8080/ipt/resource?r=chas_herb</alternateIdentifier>
        <title>CHAS Botany Collection (Arctos)</title>
            <creator>
            <individualName>
<givenName>Dawn</givenName>                    <surName>Roberts</surName>
            </individualName>
<organizationName>The Chicago Academy of Sciences</organizationName><positionName>Director of Collections</positionName>            <address>
<deliveryPoint>2430 North Cannon Drive</deliveryPoint><city>Chicago</city><administrativeArea>IL</administrativeArea><postalCode>60614</postalCode><country>UNITED_STATES</country>            </address>
<phone>+01 773-755-5125</phone><electronicMailAddress>droberts@naturemuseum.org</electronicMailAddress><onlineUrl>http://www.naturemuseum.org</onlineUrl>            </creator>
            <metadataProvider>
            <individualName>
<givenName>Dawn</givenName>                    <surName>Roberts</surName>
            </individualName>
<organizationName>The Chicago Academy of Sciences</organizationName><positionName>Director of Collections</positionName>            <address>
<deliveryPoint>2430 North Cannon Drive</deliveryPoint><city>Chicago</city><administrativeArea>IL</administrativeArea><postalCode>60614</postalCode><country>UNITED_STATES</country>            </address>
<phone>+01 773-755-5125</phone><electronicMailAddress>droberts@naturemuseum.org</electronicMailAddress><onlineUrl>http://www.naturemuseum.org</onlineUrl>            </metadataProvider>
            <associatedParty>
            <individualName>
<givenName>Erica</givenName>                    <surName>Krimmel</surName>
            </individualName>
<organizationName>The Chicago Academy of Sciences</organizationName><positionName>Assistant Collections Manager</positionName>            <address>
<deliveryPoint>2430 North Cannon Drive</deliveryPoint><city>Chicago</city><administrativeArea>IL</administrativeArea><postalCode>60614</postalCode><country>UNITED_STATES</country>            </address>
<phone>+01 773-755-5118</phone><electronicMailAddress>ekrimmel@naturemuseum.org</electronicMailAddress><onlineUrl>http://www.naturemuseum.org</onlineUrl>            <role>POINT_OF_CONTACT</role>
            </associatedParty>
            <associatedParty>
            <individualName>
<givenName>David</givenName>                    <surName>Bloom</surName>
            </individualName>
<organizationName>VertNet</organizationName><positionName>Coordinator</positionName><electronicMailAddress>dbloom@vertnet.org</electronicMailAddress><onlineUrl>http://www.vertnet.org</onlineUrl>            <role>PROGRAMMER</role>
            </associatedParty>
            <associatedParty>
            <individualName>
<givenName>John</givenName>                    <surName>Wieczorek</surName>
            </individualName>
<organizationName>Museum of Vertebrate Zoology at UC Berkeley</organizationName><positionName>Information Architect</positionName><electronicMailAddress>tuco@berkeley.edu</electronicMailAddress>            <role>PROGRAMMER</role>
            </associatedParty>
            <pubDate>
                2023-06-25
            </pubDate>
        <language>ENGLISH</language>
            <abstract>
                    <para>The CHAS Botany Collection focuses on vascular species of North America, particularly the Midwest/Great Lakes region, from 1834 to the present. There are also a small number of lichen and bryophyte specimens, as well as vascular species from South America and Europe. Over 15,000 specimens have been digitally inventoried and 2,000 have been imaged. The un-digitized backlog is estimated to be approximately 5,000 sheets. Notable collectors include: Henry H. Babcock, H. R. Bennett, A. Chase, W. P. Conant, George B. Grant, F. H. Hosford, H. F. Jaeger, Anna Pederson Kummer, C. G. Lloyd, W. S. Moffatt, E. L. Moseley, Walter L. Necker, E. Palmer, R. S. Schmidt, E. Stimpson, F. A. Swink, L. M. Umbach, H. Van Heurck, Dora Wilken, J. Wolfe, Elizabeth Emerson Atwater, W. W. Calkins, and Herman Silas Pepoon.</para>
            </abstract>
                <keywordSet>
                        <keyword>Occurrence</keyword>
                        <keywordThesaurus>GBIF Dataset Type Vocabulary: http://rs.gbif.org/vocabulary/gbif/dataset_type.xml</keywordThesaurus>
                </keywordSet>
                <keywordSet>
                        <keyword>Specimen</keyword>
                        <keywordThesaurus>GBIF Dataset Subtype Vocabulary: http://rs.gbif.org/vocabulary/gbif/dataset_subtype.xml</keywordThesaurus>
                </keywordSet>
                <keywordSet>
                        <keyword>Occurrence</keyword>
                        <keywordThesaurus>GBIF Dataset Type Vocabulary: http://rs.gbif.org/vocabulary/gbif/dataset_type_2015-07-10.xml</keywordThesaurus>
                </keywordSet>
            <additionalInfo>
                <para>http://vertnet.org/resources/norms.html

Rooted in Chicago, Illinois, the Chicago Academy of Sciences was founded in 1857 and was the first science museum in Chicago. Through its Peggy Notebaert Nature Museum, the Academy connects its community to local environments and inspires life-long relationships with urban nature. The museum collections and archives contain natural history collections in the disciplines of botany, entomology, geology, herpetology, ichthyology, malacology, mammalogy, oology, ornithology, and paleontology, as well as cultural collections, audio visual collections, and archives.  These materials range from the 1830s to the present and are predominantly from North America with a focus in the Midwest/Western Great Lakes region.</para>
            </additionalInfo>
            <intellectualRights>
                    <para>To the extent possible under law, the publisher has waived all rights to these data and has dedicated them to the <ulink url="http://creativecommons.org/publicdomain/zero/1.0/legalcode"><citetitle>Public Domain (CC0 1.0)</citetitle></ulink>. Users may copy, modify, distribute and use the work, including for commercial purposes, without restriction.</para>
            </intellectualRights>
            <distribution scope="document">
                <online>
                    <url function="information">http://www.naturemuseum.org/the-museum/collections/plants</url>
                </online>
            </distribution>
            <coverage>
                    <geographicCoverage>
                            <geographicDescription>Primarily United States, especially the Midwest and Southeast.</geographicDescription>
                            <boundingCoordinates>
                                <westBoundingCoordinate>-180</westBoundingCoordinate>
                                <eastBoundingCoordinate>180</eastBoundingCoordinate>
                                <northBoundingCoordinate>90</northBoundingCoordinate>
                                <southBoundingCoordinate>-90</southBoundingCoordinate>
                            </boundingCoordinates>
                    </geographicCoverage>
                        <taxonomicCoverage>
                                <taxonomicClassification>
                                        <taxonRankName>Kingdom</taxonRankName>
                                    <taxonRankValue>Plantae</taxonRankValue>
                                </taxonomicClassification>
                        </taxonomicCoverage>
            </coverage>
            <maintenance>
                <description>
                    <para></para>
                </description>
                <maintenanceUpdateFrequency>monthly</maintenanceUpdateFrequency>
            </maintenance>
            <contact>
            <individualName>
<givenName>Dawn</givenName>                    <surName>Roberts</surName>
            </individualName>
<organizationName>The Chicago Academy of Sciences</organizationName><positionName>Director of Collections</positionName>            <address>
<deliveryPoint>2430 North Cannon Drive</deliveryPoint><city>Chicago</city><administrativeArea>IL</administrativeArea><postalCode>60614</postalCode><country>UNITED_STATES</country>            </address>
<phone>+01 773-755-5125</phone><electronicMailAddress>droberts@naturemuseum.org</electronicMailAddress><onlineUrl>http://www.naturemuseum.org</onlineUrl>            </contact>

    </dataset>

    <additionalMetadata>
        <metadata>
            <gbif>
                <dateStamp>2023-07-06T00:44:14Z</dateStamp>
                <citation>Roberts D (2023). CHAS Botany Collection (Arctos). Version 13.76. Chicago Academy of Sciences. Metadata dataset https://doi.org/10.15468/ji4vbl accessed via GBIF.org on 2023-07-06.</citation>
                    <resourceLogoUrl>http://ipt.vertnet.org:8080/ipt/logo.do?r=chas_verts</resourceLogoUrl>
                    <livingTimePeriod>1800-Present</livingTimePeriod>
            </gbif>
        </metadata>
    </additionalMetadata>

</eml:eml>
