<?xml version="1.0" encoding="utf-8"?>
<eml:eml xmlns:eml="eml://ecoinformatics.org/eml-2.1.1" xmlns:xsi="http://www.w3.org/2001/XMLSchema-instance"
         xsi:schemaLocation="eml://ecoinformatics.org/eml-2.1.1 http://rs.gbif.org/schema/eml-gbif-profile/1.2/eml.xsd"
packageId="1cbed1d0-f9ac-4b9e-bf3f-a26272bca39e"  system="http://gbif.org" scope="system"
xml:lang="en">

    <dataset>
            <alternateIdentifier>10.15468/e9dw9v</alternateIdentifier>
                <alternateIdentifier>https://science-net.kahaku.go.jp/ipt2/resource?r=snet-1207-101</alternateIdentifier>
                <alternateIdentifier>1cbed1d0-f9ac-4b9e-bf3f-a26272bca39e</alternateIdentifier>
                <alternateIdentifier>http://science-net.kahaku.go.jp/ipt2/resource?r=snet-1207-101</alternateIdentifier>
        <title>Herbarium Specimens of The Kagoshima University Museum (KAG)</title>
            <creator>
            <individualName>
<givenName>Shuichiro</givenName>                    <surName>Tagane</surName>
            </individualName>
<organizationName>The Kagoshima University Museum</organizationName><positionName>Research assistant professor</positionName>            <address>
<country>JAPAN</country>            </address>
<electronicMailAddress>stagane29@gmail.com</electronicMailAddress>            </creator>
            <metadataProvider>
            <individualName>
<givenName>Shuichiro</givenName>                    <surName>Tagane</surName>
            </individualName>
<organizationName>The Kagoshima University Museum</organizationName><positionName>Research assistant professor</positionName>            <address>
<country>JAPAN</country>            </address>
<electronicMailAddress>stagane29@gmail.com</electronicMailAddress>            </metadataProvider>
            <pubDate>
                2023-03-27
            </pubDate>
        <language>ENGLISH</language>
            <abstract>
                    <para>Herbarium specimens deposited at the Kagoshima University Museum</para>
            </abstract>
                <keywordSet>
                        <keyword>Occurrence</keyword>
                        <keywordThesaurus>GBIF Dataset Type Vocabulary: http://rs.gbif.org/vocabulary/gbif/dataset_type_2015-07-10.xml</keywordThesaurus>
                </keywordSet>
            <intellectualRights>
                    <para>This work is licensed under a <ulink url="http://creativecommons.org/licenses/by/4.0/legalcode"><citetitle>Creative Commons Attribution (CC-BY) 4.0 License</citetitle></ulink>.</para>
            </intellectualRights>
            <distribution scope="document">
                <online>
                    <url function="information">https://www.museum.kagoshima-u.ac.jp/hyouhonsitu.html</url>
                </online>
            </distribution>
            <maintenance>
                <description>
                    <para></para>
                </description>
                <maintenanceUpdateFrequency>unkown</maintenanceUpdateFrequency>
            </maintenance>
            <contact>
            <individualName>
<givenName>Shuichiro</givenName>                    <surName>Tagane</surName>
            </individualName>
<organizationName>The Kagoshima University Museum</organizationName><positionName>Research assistant professor</positionName>            <address>
<country>JAPAN</country>            </address>
<electronicMailAddress>stagane29@gmail.com</electronicMailAddress>            </contact>

    </dataset>

    <additionalMetadata>
        <metadata>
            <gbif>
                <dateStamp>2023-07-06T00:44:14Z</dateStamp>
                <citation>Tagane S (2023). Herbarium Specimens of The Kagoshima University Museum (KAG). Version 1.2. National Museum of Nature and Science, Japan. Occurrence dataset https://doi.org/10.15468/e9dw9v accessed via GBIF.org on 2023-07-06.</citation>
            </gbif>
        </metadata>
    </additionalMetadata>

</eml:eml>
