<?xml version="1.0" encoding="utf-8"?>
<eml:eml xmlns:eml="eml://ecoinformatics.org/eml-2.1.1" xmlns:xsi="http://www.w3.org/2001/XMLSchema-instance"
         xsi:schemaLocation="eml://ecoinformatics.org/eml-2.1.1 http://rs.gbif.org/schema/eml-gbif-profile/1.2/eml.xsd"
packageId="23243164-c132-444d-a3a4-34662abb8305"  system="http://gbif.org" scope="system"
xml:lang="es">

    <dataset>
            <alternateIdentifier>10.15472/esjdio</alternateIdentifier>
                <alternateIdentifier>https://ipt.biodiversidad.co/sib/resource?r=udea-004</alternateIdentifier>
                <alternateIdentifier>10.15468/ndwmnk</alternateIdentifier>
                <alternateIdentifier>http://data.biodiversidad.co/sib/resource?r=udea-004</alternateIdentifier>
                <alternateIdentifier>http://data.biodiversidad.co/sib/resource.do?r=udea-004</alternateIdentifier>
                <alternateIdentifier>http://ipt.sibcolombia.net/sib/resource.do?r=udea-004</alternateIdentifier>
                <alternateIdentifier>23243164-c132-444d-a3a4-34662abb8305</alternateIdentifier>
        <title>Herbario Universidad de Antioquia (HUA)</title>
            <creator>
            <individualName>
<givenName>Yeny María</givenName>                    <surName>Martínez Figueroa</surName>
            </individualName>
<organizationName>Herbario Universidad de Antioquia</organizationName><positionName>Administrador</positionName>            <address>
<deliveryPoint>Calle 67 Nº 53-108 Bloque 2-411. Herbario</deliveryPoint><city>Medellin</city><administrativeArea>Antioquia</administrativeArea><postalCode>0501000</postalCode><country>COLOMBIA</country>            </address>
<phone>2195614</phone><electronicMailAddress>yemamafi@gmail.com</electronicMailAddress><onlineUrl>http://www.herbariohua.com</onlineUrl>            </creator>
            <creator>
            <individualName>
<givenName>Daihana</givenName>                    <surName>Arango Vásquez</surName>
            </individualName>
<organizationName>Fundación Jardín Botánico &quot;Joaquín Antonio Uribe&quot; de Medellín</organizationName><positionName>Investigadora</positionName>            <address>
<city>Medellín</city><administrativeArea>Antioquia</administrativeArea><country>COLOMBIA</country>            </address>
<electronicMailAddress>daihana.arango@jbotanico.org</electronicMailAddress>            </creator>
            <creator>
            <individualName>
<givenName>Felipe Alfonso</givenName>                    <surName>Cardona Naranjo</surName>
            </individualName>
<organizationName>Herbario Universidad de Antioquia</organizationName><positionName>Jefe sección Herbario</positionName>            <address>
<deliveryPoint>Calle 67 Nº 53-108 Bloque 2-411. Herbario</deliveryPoint><city>Medellin</city><administrativeArea>Antioquia</administrativeArea><postalCode>0501000</postalCode><country>COLOMBIA</country>            </address>
<phone>2195614</phone><electronicMailAddress>cardonaf@gmail.com</electronicMailAddress><onlineUrl>http://www.herbariohua.com</onlineUrl>            </creator>
            <creator>
            <individualName>
<givenName>Ana Marcela</givenName>                    <surName>Calderón Arias</surName>
            </individualName>
<organizationName>Herbario Universidad de Antioquia</organizationName><positionName>Administrador</positionName>            <address>
<deliveryPoint>Calle 67 Nº 53-108 Bloque 2-411. Herbario</deliveryPoint><city>Medellin</city><administrativeArea>Antioquia</administrativeArea><postalCode>0501000</postalCode><country>COLOMBIA</country>            </address>
<phone>2195614</phone><onlineUrl>http://www.herbariohua.com</onlineUrl>            </creator>
            <metadataProvider>
            <individualName>
<givenName>Yeny María</givenName>                    <surName>Martínez Figueroa</surName>
            </individualName>
<organizationName>Herbario Universidad de Antioquia</organizationName><positionName>Administrador</positionName>            <address>
<deliveryPoint>Calle 67 Nº 53-108 Bloque 2-411. Herbario</deliveryPoint><city>Medellin</city><administrativeArea>Antioquia</administrativeArea><postalCode>0501000</postalCode><country>COLOMBIA</country>            </address>
<phone>2195614</phone><electronicMailAddress>yemamafi@gmail.com</electronicMailAddress><onlineUrl>http://www.herbariohua.com</onlineUrl>            </metadataProvider>
            <metadataProvider>
            <individualName>
<givenName>Daihana</givenName>                    <surName>Arango Vásquez</surName>
            </individualName>
<organizationName>Fundación Jardín Botánico &quot;Joaquín Antonio Uribe&quot; de Medellín</organizationName><positionName>Investigadora</positionName>            <address>
<city>Medellín</city><administrativeArea>Antioquia</administrativeArea><country>COLOMBIA</country>            </address>
<electronicMailAddress>daihana.arango@jbotanico.org</electronicMailAddress>            </metadataProvider>
            <metadataProvider>
            <individualName>
<givenName>Ana Maria</givenName>                    <surName>Benavides</surName>
            </individualName>
<organizationName>Fundación Jardín Botánico &quot;Joaquín Antonio Uribe&quot; de Medellín</organizationName><positionName>Lider de conservación</positionName>            <address>
<city>Medellín</city><administrativeArea>Antioquia</administrativeArea><country>COLOMBIA</country>            </address>
<electronicMailAddress>anamaria.benavides@jbotanico.org</electronicMailAddress>            </metadataProvider>
            <associatedParty>
            <individualName>
<givenName>Yeny María</givenName>                    <surName>Martínez Figueroa</surName>
            </individualName>
<organizationName>Herbario Universidad de Antioquia</organizationName><positionName>Administrador</positionName>            <address>
<deliveryPoint>Calle 67 Nº 53-108 Bloque 2-411. Herbario</deliveryPoint><city>Medellin</city><administrativeArea>Antioquia</administrativeArea><postalCode>0501000</postalCode><country>COLOMBIA</country>            </address>
<phone>2195614</phone><electronicMailAddress>yemamafi@gmail.com</electronicMailAddress><onlineUrl>http://www.herbariohua.com</onlineUrl>            <role>CUSTODIAN_STEWARD</role>
            </associatedParty>
            <associatedParty>
            <individualName>
<givenName>Ana Marcela</givenName>                    <surName>Calderón Arias</surName>
            </individualName>
<organizationName>Herbario Universidad de Antioquia</organizationName><positionName>Administrador</positionName>            <address>
<deliveryPoint>Calle 67 Nº 53-108 Bloque 2-411. Herbario</deliveryPoint><city>Medellin</city><administrativeArea>Antioquia</administrativeArea><postalCode>0501000</postalCode><country>COLOMBIA</country>            </address>
<phone>2195614</phone><electronicMailAddress>amacar5@gmail.com</electronicMailAddress><onlineUrl>http://www.herbariohua.com</onlineUrl>            <role>CUSTODIAN_STEWARD</role>
            </associatedParty>
            <associatedParty>
            <individualName>
<givenName>Daihana</givenName>                    <surName>Arango Vásquez</surName>
            </individualName>
<organizationName>Fundación Jardín Botánico &quot;Joaquín Antonio Uribe&quot; de Medellín</organizationName><positionName>Investigadora</positionName>            <address>
<city>Medellín</city><administrativeArea>Antioquia</administrativeArea><country>COLOMBIA</country>            </address>
<electronicMailAddress>daihana.arango@jbotanico.org</electronicMailAddress>            <role>EDITOR</role>
            </associatedParty>
            <pubDate>
                2023-01-20
            </pubDate>
        <language>SPANISH</language>
            <abstract>
                    <para>El conjunto de datos cuenta con 90.894, 80.000 registros tomados de información procedente de colecciones botánicas depositadas en el herbario de la Universidad de Antioquia (HUA), la información contiene el nombre científico de la especie, nombre común cuando se conoce, datos relacionados con la localidad, coordenadas geográficas cuando se cuenta con la información, altura, colector, número de colección y fecha de colección.</para>
                    <para>Este conjunto comprende 211 familias, 2.088 géneros y 9.197 especies diferentes. Con una distribución geográfica que comprende los 32 departamentos del territorio colombiano. Cuenta con registros tomados desde 1898 hasta el 2021.</para>
            </abstract>
                <keywordSet>
                        <keyword>sistematización</keyword>
                        <keyword>ejemplares</keyword>
                        <keyword>plantas vasculares</keyword>
                        <keyword>Espécimen</keyword>
                        <keywordThesaurus>n/a</keywordThesaurus>
                </keywordSet>
                <keywordSet>
                        <keyword>Specimen</keyword>
                        <keywordThesaurus>GBIF Dataset Subtype Vocabulary: http://rs.gbif.org/vocabulary/gbif/dataset_subtype.xml</keywordThesaurus>
                </keywordSet>
                <keywordSet>
                        <keyword>COLECCIONES</keyword>
                        <keywordThesaurus>SiB Colombia</keywordThesaurus>
                </keywordSet>
                <keywordSet>
                        <keyword>Occurrence</keyword>
                        <keywordThesaurus>GBIF Dataset Type Vocabulary: http://rs.gbif.org/vocabulary/gbif/dataset_type_2015-07-10.xml</keywordThesaurus>
                </keywordSet>
            <intellectualRights>
                    <para>To the extent possible under law, the publisher has waived all rights to these data and has dedicated them to the <ulink url="http://creativecommons.org/publicdomain/zero/1.0/legalcode"><citetitle>Public Domain (CC0 1.0)</citetitle></ulink>. Users may copy, modify, distribute and use the work, including for commercial purposes, without restriction.</para>
            </intellectualRights>
            <coverage>
                    <geographicCoverage>
                            <geographicDescription>La distribución geográfica del conjunto de datos abarca los departamentos de Amazonas, Antioquia, Arauca, Atlántico, Bogotá, D.C, Bolívar, Boyacá, Caldas, Caquetá, Casanare, Cauca, Cesar, Chocó, Córdoba, Cundinamarca, Guainía, Guaviare, Huila, La Guajira, Magdalena, Meta, Nariño, Norte de Santander, Putumayo, Quindío, Risaralda, Santander, Sucre, Tolima, Valle del Cauca, Vaupés y Vichada pertenecientes a Colombia, además del estado de Apure en Venezuela.</geographicDescription>
                            <boundingCoordinates>
                                <westBoundingCoordinate>-80.859</westBoundingCoordinate>
                                <eastBoundingCoordinate>-66.006</eastBoundingCoordinate>
                                <northBoundingCoordinate>14.605</northBoundingCoordinate>
                                <southBoundingCoordinate>-4.828</southBoundingCoordinate>
                            </boundingCoordinates>
                    </geographicCoverage>
                    <temporalCoverage>
                            <rangeOfDates>
                                <beginDate>
                                    <calendarDate>                1898-01-01
</calendarDate>
                                </beginDate>
                                <endDate>
                                    <calendarDate>                2021-07-01
</calendarDate>
                                </endDate>
                            </rangeOfDates>
                    </temporalCoverage>
                        <taxonomicCoverage>
                                <generalTaxonomicCoverage>Este conjunto comprende 211 familias, 2.088 géneros y 9.197 especies diferentes. Algunas de las familias que cuentan con mayor número de ejemplares son: Fabaceae con 6.413, Melastomataceae con 6.426, Rubiaceae con 5.300, Asteraceae con 4.832,  Euphorbiaceae con 2.500 y Gesneriaceae con 2.786.</generalTaxonomicCoverage>
                                <taxonomicClassification>
                                        <taxonRankName>Family</taxonRankName>
                                    <taxonRankValue>ACANTHACEAE</taxonRankValue>
                                </taxonomicClassification>
                                <taxonomicClassification>
                                        <taxonRankName>Family</taxonRankName>
                                    <taxonRankValue>ACHATOCARPACEAE</taxonRankValue>
                                </taxonomicClassification>
                                <taxonomicClassification>
                                        <taxonRankName>Family</taxonRankName>
                                    <taxonRankValue>ACTINIDIACEAE</taxonRankValue>
                                </taxonomicClassification>
                                <taxonomicClassification>
                                        <taxonRankName>Family</taxonRankName>
                                    <taxonRankValue>AIZOACEAE</taxonRankValue>
                                </taxonomicClassification>
                                <taxonomicClassification>
                                        <taxonRankName>Family</taxonRankName>
                                    <taxonRankValue>ALZATEACEAE</taxonRankValue>
                                </taxonomicClassification>
                                <taxonomicClassification>
                                        <taxonRankName>Family</taxonRankName>
                                    <taxonRankValue>AMARANTHACEAE</taxonRankValue>
                                </taxonomicClassification>
                                <taxonomicClassification>
                                        <taxonRankName>Family</taxonRankName>
                                    <taxonRankValue>ANACARDIACEAE</taxonRankValue>
                                </taxonomicClassification>
                                <taxonomicClassification>
                                        <taxonRankName>Family</taxonRankName>
                                    <taxonRankValue>ANNONACEAE</taxonRankValue>
                                </taxonomicClassification>
                                <taxonomicClassification>
                                        <taxonRankName>Family</taxonRankName>
                                    <taxonRankValue>APIACEAE</taxonRankValue>
                                </taxonomicClassification>
                                <taxonomicClassification>
                                        <taxonRankName>Family</taxonRankName>
                                    <taxonRankValue>APOCYNACEAE</taxonRankValue>
                                </taxonomicClassification>
                                <taxonomicClassification>
                                        <taxonRankName>Family</taxonRankName>
                                    <taxonRankValue>AQUIFOLIACEAE</taxonRankValue>
                                </taxonomicClassification>
                                <taxonomicClassification>
                                        <taxonRankName>Family</taxonRankName>
                                    <taxonRankValue>ARALIACEAE</taxonRankValue>
                                </taxonomicClassification>
                                <taxonomicClassification>
                                        <taxonRankName>Family</taxonRankName>
                                    <taxonRankValue>ARISTOLOCHIACEAE</taxonRankValue>
                                </taxonomicClassification>
                                <taxonomicClassification>
                                        <taxonRankName>Family</taxonRankName>
                                    <taxonRankValue>ASTERACEAE</taxonRankValue>
                                </taxonomicClassification>
                                <taxonomicClassification>
                                        <taxonRankName>Family</taxonRankName>
                                    <taxonRankValue>BALANOPHORACEAE</taxonRankValue>
                                </taxonomicClassification>
                                <taxonomicClassification>
                                        <taxonRankName>Family</taxonRankName>
                                    <taxonRankValue>BALSAMINACEAE</taxonRankValue>
                                </taxonomicClassification>
                                <taxonomicClassification>
                                        <taxonRankName>Family</taxonRankName>
                                    <taxonRankValue>BASELLACEAE</taxonRankValue>
                                </taxonomicClassification>
                                <taxonomicClassification>
                                        <taxonRankName>Family</taxonRankName>
                                    <taxonRankValue>BATACEAE</taxonRankValue>
                                </taxonomicClassification>
                                <taxonomicClassification>
                                        <taxonRankName>Family</taxonRankName>
                                    <taxonRankValue>BEGONIACEAE</taxonRankValue>
                                </taxonomicClassification>
                                <taxonomicClassification>
                                        <taxonRankName>Family</taxonRankName>
                                    <taxonRankValue>BERBERIDACEAE</taxonRankValue>
                                </taxonomicClassification>
                                <taxonomicClassification>
                                        <taxonRankName>Family</taxonRankName>
                                    <taxonRankValue>BETULACEAE</taxonRankValue>
                                </taxonomicClassification>
                                <taxonomicClassification>
                                        <taxonRankName>Family</taxonRankName>
                                    <taxonRankValue>BIGNONIACEAE</taxonRankValue>
                                </taxonomicClassification>
                                <taxonomicClassification>
                                        <taxonRankName>Family</taxonRankName>
                                    <taxonRankValue>BIXACEAE</taxonRankValue>
                                </taxonomicClassification>
                                <taxonomicClassification>
                                        <taxonRankName>Family</taxonRankName>
                                    <taxonRankValue>BORAGINACEAE</taxonRankValue>
                                </taxonomicClassification>
                                <taxonomicClassification>
                                        <taxonRankName>Family</taxonRankName>
                                    <taxonRankValue>BRASSICACEAE</taxonRankValue>
                                </taxonomicClassification>
                                <taxonomicClassification>
                                        <taxonRankName>Family</taxonRankName>
                                    <taxonRankValue>BRUNELLIACEAE</taxonRankValue>
                                </taxonomicClassification>
                                <taxonomicClassification>
                                        <taxonRankName>Family</taxonRankName>
                                    <taxonRankValue>BURSERACEAE</taxonRankValue>
                                </taxonomicClassification>
                                <taxonomicClassification>
                                        <taxonRankName>Family</taxonRankName>
                                    <taxonRankValue>CACTACEAE</taxonRankValue>
                                </taxonomicClassification>
                                <taxonomicClassification>
                                        <taxonRankName>Family</taxonRankName>
                                    <taxonRankValue>CALLITRICHACEAE</taxonRankValue>
                                </taxonomicClassification>
                                <taxonomicClassification>
                                        <taxonRankName>Family</taxonRankName>
                                    <taxonRankValue>CAMPANULACEAE</taxonRankValue>
                                </taxonomicClassification>
                                <taxonomicClassification>
                                        <taxonRankName>Family</taxonRankName>
                                    <taxonRankValue>CANNABACEAE</taxonRankValue>
                                </taxonomicClassification>
                                <taxonomicClassification>
                                        <taxonRankName>Family</taxonRankName>
                                    <taxonRankValue>CAPPARACEAE</taxonRankValue>
                                </taxonomicClassification>
                                <taxonomicClassification>
                                        <taxonRankName>Family</taxonRankName>
                                    <taxonRankValue>CAPRIFOLIACEAE</taxonRankValue>
                                </taxonomicClassification>
                                <taxonomicClassification>
                                        <taxonRankName>Family</taxonRankName>
                                    <taxonRankValue>CARICACEAE</taxonRankValue>
                                </taxonomicClassification>
                                <taxonomicClassification>
                                        <taxonRankName>Family</taxonRankName>
                                    <taxonRankValue>CARYOCARACEAE</taxonRankValue>
                                </taxonomicClassification>
                                <taxonomicClassification>
                                        <taxonRankName>Family</taxonRankName>
                                    <taxonRankValue>CARYOPHYLLACEAE</taxonRankValue>
                                </taxonomicClassification>
                                <taxonomicClassification>
                                        <taxonRankName>Family</taxonRankName>
                                    <taxonRankValue>CASUARINACEAE</taxonRankValue>
                                </taxonomicClassification>
                                <taxonomicClassification>
                                        <taxonRankName>Family</taxonRankName>
                                    <taxonRankValue>CECROPIACEAE</taxonRankValue>
                                </taxonomicClassification>
                                <taxonomicClassification>
                                        <taxonRankName>Family</taxonRankName>
                                    <taxonRankValue>CELASTRACEAE</taxonRankValue>
                                </taxonomicClassification>
                                <taxonomicClassification>
                                        <taxonRankName>Family</taxonRankName>
                                    <taxonRankValue>CERATOPHYLLACEAE</taxonRankValue>
                                </taxonomicClassification>
                                <taxonomicClassification>
                                        <taxonRankName>Family</taxonRankName>
                                    <taxonRankValue>CHENOPODIACEAE</taxonRankValue>
                                </taxonomicClassification>
                                <taxonomicClassification>
                                        <taxonRankName>Family</taxonRankName>
                                    <taxonRankValue>CHLORANTHACEAE</taxonRankValue>
                                </taxonomicClassification>
                                <taxonomicClassification>
                                        <taxonRankName>Family</taxonRankName>
                                    <taxonRankValue>CHRYSOBALANACEAE</taxonRankValue>
                                </taxonomicClassification>
                                <taxonomicClassification>
                                        <taxonRankName>Family</taxonRankName>
                                    <taxonRankValue>CLETHRACEAE</taxonRankValue>
                                </taxonomicClassification>
                                <taxonomicClassification>
                                        <taxonRankName>Family</taxonRankName>
                                    <taxonRankValue>CLUSIACEAE</taxonRankValue>
                                </taxonomicClassification>
                                <taxonomicClassification>
                                        <taxonRankName>Family</taxonRankName>
                                    <taxonRankValue>COMBRETACEAE</taxonRankValue>
                                </taxonomicClassification>
                                <taxonomicClassification>
                                        <taxonRankName>Family</taxonRankName>
                                    <taxonRankValue>CONNARACEAE</taxonRankValue>
                                </taxonomicClassification>
                                <taxonomicClassification>
                                        <taxonRankName>Family</taxonRankName>
                                    <taxonRankValue>CORNACEAE</taxonRankValue>
                                </taxonomicClassification>
                                <taxonomicClassification>
                                        <taxonRankName>Family</taxonRankName>
                                    <taxonRankValue>CRASSULACEAE</taxonRankValue>
                                </taxonomicClassification>
                                <taxonomicClassification>
                                        <taxonRankName>Family</taxonRankName>
                                    <taxonRankValue>CUCURBITACEAE</taxonRankValue>
                                </taxonomicClassification>
                                <taxonomicClassification>
                                        <taxonRankName>Family</taxonRankName>
                                    <taxonRankValue>CUNONIACEAE</taxonRankValue>
                                </taxonomicClassification>
                                <taxonomicClassification>
                                        <taxonRankName>Family</taxonRankName>
                                    <taxonRankValue>DILLENIACEAE</taxonRankValue>
                                </taxonomicClassification>
                                <taxonomicClassification>
                                        <taxonRankName>Family</taxonRankName>
                                    <taxonRankValue>DIPSACACEAE</taxonRankValue>
                                </taxonomicClassification>
                                <taxonomicClassification>
                                        <taxonRankName>Family</taxonRankName>
                                    <taxonRankValue>DIPTEROCARPACEAE</taxonRankValue>
                                </taxonomicClassification>
                                <taxonomicClassification>
                                        <taxonRankName>Family</taxonRankName>
                                    <taxonRankValue>DROSERACEAE</taxonRankValue>
                                </taxonomicClassification>
                                <taxonomicClassification>
                                        <taxonRankName>Family</taxonRankName>
                                    <taxonRankValue>EBENACEAE</taxonRankValue>
                                </taxonomicClassification>
                                <taxonomicClassification>
                                        <taxonRankName>Family</taxonRankName>
                                    <taxonRankValue>ELAEOCARPACEAE</taxonRankValue>
                                </taxonomicClassification>
                                <taxonomicClassification>
                                        <taxonRankName>Family</taxonRankName>
                                    <taxonRankValue>ELATINACEAE</taxonRankValue>
                                </taxonomicClassification>
                                <taxonomicClassification>
                                        <taxonRankName>Family</taxonRankName>
                                    <taxonRankValue>ERICACEAE</taxonRankValue>
                                </taxonomicClassification>
                                <taxonomicClassification>
                                        <taxonRankName>Family</taxonRankName>
                                    <taxonRankValue>ERYTHROXYLACEAE</taxonRankValue>
                                </taxonomicClassification>
                                <taxonomicClassification>
                                        <taxonRankName>Family</taxonRankName>
                                    <taxonRankValue>EUPHORBIACEAE</taxonRankValue>
                                </taxonomicClassification>
                                <taxonomicClassification>
                                        <taxonRankName>Family</taxonRankName>
                                    <taxonRankValue>FABACEAE</taxonRankValue>
                                </taxonomicClassification>
                                <taxonomicClassification>
                                        <taxonRankName>Family</taxonRankName>
                                    <taxonRankValue>FAGACEAE</taxonRankValue>
                                </taxonomicClassification>
                                <taxonomicClassification>
                                        <taxonRankName>Family</taxonRankName>
                                    <taxonRankValue>FLACOURTIACEAE</taxonRankValue>
                                </taxonomicClassification>
                                <taxonomicClassification>
                                        <taxonRankName>Family</taxonRankName>
                                    <taxonRankValue>FUMARIACEAE</taxonRankValue>
                                </taxonomicClassification>
                                <taxonomicClassification>
                                        <taxonRankName>Family</taxonRankName>
                                    <taxonRankValue>GENTIANACEAE</taxonRankValue>
                                </taxonomicClassification>
                                <taxonomicClassification>
                                        <taxonRankName>Family</taxonRankName>
                                    <taxonRankValue>GERANIACEAE</taxonRankValue>
                                </taxonomicClassification>
                                <taxonomicClassification>
                                        <taxonRankName>Family</taxonRankName>
                                    <taxonRankValue>GESNERIACEAE</taxonRankValue>
                                </taxonomicClassification>
                                <taxonomicClassification>
                                        <taxonRankName>Family</taxonRankName>
                                    <taxonRankValue>GROSSULARIACEAE</taxonRankValue>
                                </taxonomicClassification>
                                <taxonomicClassification>
                                        <taxonRankName>Family</taxonRankName>
                                    <taxonRankValue>GUNNERACEAE</taxonRankValue>
                                </taxonomicClassification>
                                <taxonomicClassification>
                                        <taxonRankName>Family</taxonRankName>
                                    <taxonRankValue>HALORAGACEAE</taxonRankValue>
                                </taxonomicClassification>
                                <taxonomicClassification>
                                        <taxonRankName>Family</taxonRankName>
                                    <taxonRankValue>HAMAMELIDACEAE</taxonRankValue>
                                </taxonomicClassification>
                                <taxonomicClassification>
                                        <taxonRankName>Family</taxonRankName>
                                    <taxonRankValue>HERNANDIACEAE</taxonRankValue>
                                </taxonomicClassification>
                                <taxonomicClassification>
                                        <taxonRankName>Family</taxonRankName>
                                    <taxonRankValue>HIPPOCASTANACEAE</taxonRankValue>
                                </taxonomicClassification>
                                <taxonomicClassification>
                                        <taxonRankName>Family</taxonRankName>
                                    <taxonRankValue>HYDRANGEACEAE</taxonRankValue>
                                </taxonomicClassification>
                                <taxonomicClassification>
                                        <taxonRankName>Family</taxonRankName>
                                    <taxonRankValue>HYDROPHYLLACEAE</taxonRankValue>
                                </taxonomicClassification>
                                <taxonomicClassification>
                                        <taxonRankName>Family</taxonRankName>
                                    <taxonRankValue>ICACINACEAE</taxonRankValue>
                                </taxonomicClassification>
                                <taxonomicClassification>
                                        <taxonRankName>Family</taxonRankName>
                                    <taxonRankValue>JUGLANDACEAE</taxonRankValue>
                                </taxonomicClassification>
                                <taxonomicClassification>
                                        <taxonRankName>Family</taxonRankName>
                                    <taxonRankValue>KRAMERIACEAE</taxonRankValue>
                                </taxonomicClassification>
                                <taxonomicClassification>
                                        <taxonRankName>Family</taxonRankName>
                                    <taxonRankValue>LACISTEMATACEAE</taxonRankValue>
                                </taxonomicClassification>
                                <taxonomicClassification>
                                        <taxonRankName>Family</taxonRankName>
                                    <taxonRankValue>LAMIACEAE</taxonRankValue>
                                </taxonomicClassification>
                                <taxonomicClassification>
                                        <taxonRankName>Family</taxonRankName>
                                    <taxonRankValue>LAURACEAE</taxonRankValue>
                                </taxonomicClassification>
                                <taxonomicClassification>
                                        <taxonRankName>Family</taxonRankName>
                                    <taxonRankValue>LECYTHIDACEAE</taxonRankValue>
                                </taxonomicClassification>
                                <taxonomicClassification>
                                        <taxonRankName>Family</taxonRankName>
                                    <taxonRankValue>LENTIBULARIACEAE</taxonRankValue>
                                </taxonomicClassification>
                                <taxonomicClassification>
                                        <taxonRankName>Family</taxonRankName>
                                    <taxonRankValue>LINACEAE</taxonRankValue>
                                </taxonomicClassification>
                                <taxonomicClassification>
                                        <taxonRankName>Family</taxonRankName>
                                    <taxonRankValue>LOASACEAE</taxonRankValue>
                                </taxonomicClassification>
                                <taxonomicClassification>
                                        <taxonRankName>Family</taxonRankName>
                                    <taxonRankValue>LOGANIACEAE</taxonRankValue>
                                </taxonomicClassification>
                                <taxonomicClassification>
                                        <taxonRankName>Family</taxonRankName>
                                    <taxonRankValue>LORANTHACEAE</taxonRankValue>
                                </taxonomicClassification>
                                <taxonomicClassification>
                                        <taxonRankName>Family</taxonRankName>
                                    <taxonRankValue>LYTHRACEAE</taxonRankValue>
                                </taxonomicClassification>
                                <taxonomicClassification>
                                        <taxonRankName>Family</taxonRankName>
                                    <taxonRankValue>MAGNOLIACEAE</taxonRankValue>
                                </taxonomicClassification>
                                <taxonomicClassification>
                                        <taxonRankName>Family</taxonRankName>
                                    <taxonRankValue>MALPIGHIACEAE</taxonRankValue>
                                </taxonomicClassification>
                                <taxonomicClassification>
                                        <taxonRankName>Family</taxonRankName>
                                    <taxonRankValue>MALVACEAE</taxonRankValue>
                                </taxonomicClassification>
                                <taxonomicClassification>
                                        <taxonRankName>Family</taxonRankName>
                                    <taxonRankValue>MARCGRAVIACEAE</taxonRankValue>
                                </taxonomicClassification>
                                <taxonomicClassification>
                                        <taxonRankName>Family</taxonRankName>
                                    <taxonRankValue>MELASTOMATACEAE</taxonRankValue>
                                </taxonomicClassification>
                                <taxonomicClassification>
                                        <taxonRankName>Family</taxonRankName>
                                    <taxonRankValue>MELIACEAE</taxonRankValue>
                                </taxonomicClassification>
                                <taxonomicClassification>
                                        <taxonRankName>Family</taxonRankName>
                                    <taxonRankValue>MENISPERMACEAE</taxonRankValue>
                                </taxonomicClassification>
                                <taxonomicClassification>
                                        <taxonRankName>Family</taxonRankName>
                                    <taxonRankValue>MENYANTHACEAE</taxonRankValue>
                                </taxonomicClassification>
                                <taxonomicClassification>
                                        <taxonRankName>Family</taxonRankName>
                                    <taxonRankValue>MONIMIACEAE</taxonRankValue>
                                </taxonomicClassification>
                                <taxonomicClassification>
                                        <taxonRankName>Family</taxonRankName>
                                    <taxonRankValue>MONOTROPACEAE</taxonRankValue>
                                </taxonomicClassification>
                                <taxonomicClassification>
                                        <taxonRankName>Family</taxonRankName>
                                    <taxonRankValue>MORACEAE</taxonRankValue>
                                </taxonomicClassification>
                                <taxonomicClassification>
                                        <taxonRankName>Family</taxonRankName>
                                    <taxonRankValue>MYOPORACEAE</taxonRankValue>
                                </taxonomicClassification>
                                <taxonomicClassification>
                                        <taxonRankName>Family</taxonRankName>
                                    <taxonRankValue>MYRICACEAE</taxonRankValue>
                                </taxonomicClassification>
                                <taxonomicClassification>
                                        <taxonRankName>Family</taxonRankName>
                                    <taxonRankValue>MYRISTICACEAE</taxonRankValue>
                                </taxonomicClassification>
                                <taxonomicClassification>
                                        <taxonRankName>Family</taxonRankName>
                                    <taxonRankValue>MYRSINACEAE</taxonRankValue>
                                </taxonomicClassification>
                                <taxonomicClassification>
                                        <taxonRankName>Family</taxonRankName>
                                    <taxonRankValue>MYRTACEAE</taxonRankValue>
                                </taxonomicClassification>
                                <taxonomicClassification>
                                        <taxonRankName>Family</taxonRankName>
                                    <taxonRankValue>NYCTAGINACEAE</taxonRankValue>
                                </taxonomicClassification>
                                <taxonomicClassification>
                                        <taxonRankName>Family</taxonRankName>
                                    <taxonRankValue>NYMPHAEACEAE</taxonRankValue>
                                </taxonomicClassification>
                                <taxonomicClassification>
                                        <taxonRankName>Family</taxonRankName>
                                    <taxonRankValue>OCHNACEAE</taxonRankValue>
                                </taxonomicClassification>
                                <taxonomicClassification>
                                        <taxonRankName>Family</taxonRankName>
                                    <taxonRankValue>OLACACEAE</taxonRankValue>
                                </taxonomicClassification>
                                <taxonomicClassification>
                                        <taxonRankName>Family</taxonRankName>
                                    <taxonRankValue>OLEACEAE</taxonRankValue>
                                </taxonomicClassification>
                                <taxonomicClassification>
                                        <taxonRankName>Family</taxonRankName>
                                    <taxonRankValue>ONAGRACEAE</taxonRankValue>
                                </taxonomicClassification>
                                <taxonomicClassification>
                                        <taxonRankName>Family</taxonRankName>
                                    <taxonRankValue>OXALIDACEAE</taxonRankValue>
                                </taxonomicClassification>
                                <taxonomicClassification>
                                        <taxonRankName>Family</taxonRankName>
                                    <taxonRankValue>PAPAVERACEAE</taxonRankValue>
                                </taxonomicClassification>
                                <taxonomicClassification>
                                        <taxonRankName>Family</taxonRankName>
                                    <taxonRankValue>PASSIFLORACEAE</taxonRankValue>
                                </taxonomicClassification>
                                <taxonomicClassification>
                                        <taxonRankName>Family</taxonRankName>
                                    <taxonRankValue>PHYLLANTHACEAE</taxonRankValue>
                                </taxonomicClassification>
                                <taxonomicClassification>
                                        <taxonRankName>Family</taxonRankName>
                                    <taxonRankValue>PHYLLONOMACEAE</taxonRankValue>
                                </taxonomicClassification>
                                <taxonomicClassification>
                                        <taxonRankName>Family</taxonRankName>
                                    <taxonRankValue>PHYTOLACCACEAE</taxonRankValue>
                                </taxonomicClassification>
                                <taxonomicClassification>
                                        <taxonRankName>Family</taxonRankName>
                                    <taxonRankValue>PINACEAE</taxonRankValue>
                                </taxonomicClassification>
                                <taxonomicClassification>
                                        <taxonRankName>Family</taxonRankName>
                                    <taxonRankValue>PLANTAGINACEAE</taxonRankValue>
                                </taxonomicClassification>
                                <taxonomicClassification>
                                        <taxonRankName>Family</taxonRankName>
                                    <taxonRankValue>PLUMBAGINACEAE</taxonRankValue>
                                </taxonomicClassification>
                                <taxonomicClassification>
                                        <taxonRankName>Family</taxonRankName>
                                    <taxonRankValue>PODOCARPACEAE</taxonRankValue>
                                </taxonomicClassification>
                                <taxonomicClassification>
                                        <taxonRankName>Family</taxonRankName>
                                    <taxonRankValue>POLEMONIACEAE</taxonRankValue>
                                </taxonomicClassification>
                                <taxonomicClassification>
                                        <taxonRankName>Family</taxonRankName>
                                    <taxonRankValue>POLYGALACEAE</taxonRankValue>
                                </taxonomicClassification>
                                <taxonomicClassification>
                                        <taxonRankName>Family</taxonRankName>
                                    <taxonRankValue>POLYGONACEAE</taxonRankValue>
                                </taxonomicClassification>
                                <taxonomicClassification>
                                        <taxonRankName>Family</taxonRankName>
                                    <taxonRankValue>POLYPODIACEAE</taxonRankValue>
                                </taxonomicClassification>
                                <taxonomicClassification>
                                        <taxonRankName>Family</taxonRankName>
                                    <taxonRankValue>PONTEDERIACEAE</taxonRankValue>
                                </taxonomicClassification>
                                <taxonomicClassification>
                                        <taxonRankName>Family</taxonRankName>
                                    <taxonRankValue>PORTULACACEAE</taxonRankValue>
                                </taxonomicClassification>
                                <taxonomicClassification>
                                        <taxonRankName>Family</taxonRankName>
                                    <taxonRankValue>PRIMULACEAE</taxonRankValue>
                                </taxonomicClassification>
                                <taxonomicClassification>
                                        <taxonRankName>Family</taxonRankName>
                                    <taxonRankValue>PROTEACEAE</taxonRankValue>
                                </taxonomicClassification>
                                <taxonomicClassification>
                                        <taxonRankName>Family</taxonRankName>
                                    <taxonRankValue>PUNICACEAE</taxonRankValue>
                                </taxonomicClassification>
                                <taxonomicClassification>
                                        <taxonRankName>Family</taxonRankName>
                                    <taxonRankValue>QUIINACEAE</taxonRankValue>
                                </taxonomicClassification>
                                <taxonomicClassification>
                                        <taxonRankName>Family</taxonRankName>
                                    <taxonRankValue>RANUNCULACEAE</taxonRankValue>
                                </taxonomicClassification>
                                <taxonomicClassification>
                                        <taxonRankName>Family</taxonRankName>
                                    <taxonRankValue>RAPATEACEAE</taxonRankValue>
                                </taxonomicClassification>
                                <taxonomicClassification>
                                        <taxonRankName>Family</taxonRankName>
                                    <taxonRankValue>RHABDODENDRACEAE</taxonRankValue>
                                </taxonomicClassification>
                                <taxonomicClassification>
                                        <taxonRankName>Family</taxonRankName>
                                    <taxonRankValue>RHAMNACEAE</taxonRankValue>
                                </taxonomicClassification>
                                <taxonomicClassification>
                                        <taxonRankName>Family</taxonRankName>
                                    <taxonRankValue>RHIZOPHORACEAE</taxonRankValue>
                                </taxonomicClassification>
                                <taxonomicClassification>
                                        <taxonRankName>Family</taxonRankName>
                                    <taxonRankValue>ROSACEAE</taxonRankValue>
                                </taxonomicClassification>
                                <taxonomicClassification>
                                        <taxonRankName>Family</taxonRankName>
                                    <taxonRankValue>RUBIACEAE</taxonRankValue>
                                </taxonomicClassification>
                                <taxonomicClassification>
                                        <taxonRankName>Family</taxonRankName>
                                    <taxonRankValue>RUTACEAE</taxonRankValue>
                                </taxonomicClassification>
                                <taxonomicClassification>
                                        <taxonRankName>Family</taxonRankName>
                                    <taxonRankValue>SABIACEAE</taxonRankValue>
                                </taxonomicClassification>
                                <taxonomicClassification>
                                        <taxonRankName>Family</taxonRankName>
                                    <taxonRankValue>SALICACEAE</taxonRankValue>
                                </taxonomicClassification>
                                <taxonomicClassification>
                                        <taxonRankName>Family</taxonRankName>
                                    <taxonRankValue>SANTALACEAE</taxonRankValue>
                                </taxonomicClassification>
                                <taxonomicClassification>
                                        <taxonRankName>Family</taxonRankName>
                                    <taxonRankValue>SAPINDACEAE</taxonRankValue>
                                </taxonomicClassification>
                                <taxonomicClassification>
                                        <taxonRankName>Family</taxonRankName>
                                    <taxonRankValue>SAPOTACEAE</taxonRankValue>
                                </taxonomicClassification>
                                <taxonomicClassification>
                                        <taxonRankName>Family</taxonRankName>
                                    <taxonRankValue>SAXIFRAGACEAE</taxonRankValue>
                                </taxonomicClassification>
                                <taxonomicClassification>
                                        <taxonRankName>Family</taxonRankName>
                                    <taxonRankValue>SCHLEGELIACEAE</taxonRankValue>
                                </taxonomicClassification>
                                <taxonomicClassification>
                                        <taxonRankName>Family</taxonRankName>
                                    <taxonRankValue>SCROPHULARIACEAE</taxonRankValue>
                                </taxonomicClassification>
                                <taxonomicClassification>
                                        <taxonRankName>Family</taxonRankName>
                                    <taxonRankValue>SIMAROUBACEAE</taxonRankValue>
                                </taxonomicClassification>
                                <taxonomicClassification>
                                        <taxonRankName>Family</taxonRankName>
                                    <taxonRankValue>SOLANACEAE</taxonRankValue>
                                </taxonomicClassification>
                                <taxonomicClassification>
                                        <taxonRankName>Family</taxonRankName>
                                    <taxonRankValue>SPHENOCLEACEAE</taxonRankValue>
                                </taxonomicClassification>
                                <taxonomicClassification>
                                        <taxonRankName>Family</taxonRankName>
                                    <taxonRankValue>STAPHYLEACEAE</taxonRankValue>
                                </taxonomicClassification>
                                <taxonomicClassification>
                                        <taxonRankName>Family</taxonRankName>
                                    <taxonRankValue>STYRACACEAE</taxonRankValue>
                                </taxonomicClassification>
                                <taxonomicClassification>
                                        <taxonRankName>Family</taxonRankName>
                                    <taxonRankValue>SYMPLOCACEAE</taxonRankValue>
                                </taxonomicClassification>
                                <taxonomicClassification>
                                        <taxonRankName>Family</taxonRankName>
                                    <taxonRankValue>TEPUIANTHACEAE</taxonRankValue>
                                </taxonomicClassification>
                                <taxonomicClassification>
                                        <taxonRankName>Family</taxonRankName>
                                    <taxonRankValue>THEACEAE</taxonRankValue>
                                </taxonomicClassification>
                                <taxonomicClassification>
                                        <taxonRankName>Family</taxonRankName>
                                    <taxonRankValue>THYMELAEACEAE</taxonRankValue>
                                </taxonomicClassification>
                                <taxonomicClassification>
                                        <taxonRankName>Family</taxonRankName>
                                    <taxonRankValue>TOFIELDIACEAE</taxonRankValue>
                                </taxonomicClassification>
                                <taxonomicClassification>
                                        <taxonRankName>Family</taxonRankName>
                                    <taxonRankValue>TOVARIACEAE</taxonRankValue>
                                </taxonomicClassification>
                                <taxonomicClassification>
                                        <taxonRankName>Family</taxonRankName>
                                    <taxonRankValue>TRIGONIACEAE</taxonRankValue>
                                </taxonomicClassification>
                                <taxonomicClassification>
                                        <taxonRankName>Family</taxonRankName>
                                    <taxonRankValue>TROPAEOLACEAE</taxonRankValue>
                                </taxonomicClassification>
                                <taxonomicClassification>
                                        <taxonRankName>Family</taxonRankName>
                                    <taxonRankValue>TURNERACEAE</taxonRankValue>
                                </taxonomicClassification>
                                <taxonomicClassification>
                                        <taxonRankName>Family</taxonRankName>
                                    <taxonRankValue>ULMACEAE</taxonRankValue>
                                </taxonomicClassification>
                                <taxonomicClassification>
                                        <taxonRankName>Family</taxonRankName>
                                    <taxonRankValue>URTICACEAE</taxonRankValue>
                                </taxonomicClassification>
                                <taxonomicClassification>
                                        <taxonRankName>Family</taxonRankName>
                                    <taxonRankValue>VALERIANACEAE</taxonRankValue>
                                </taxonomicClassification>
                                <taxonomicClassification>
                                        <taxonRankName>Family</taxonRankName>
                                    <taxonRankValue>VELLOZIACEAE</taxonRankValue>
                                </taxonomicClassification>
                                <taxonomicClassification>
                                        <taxonRankName>Family</taxonRankName>
                                    <taxonRankValue>VERBENACEAE</taxonRankValue>
                                </taxonomicClassification>
                                <taxonomicClassification>
                                        <taxonRankName>Family</taxonRankName>
                                    <taxonRankValue>VIOLACEAE</taxonRankValue>
                                </taxonomicClassification>
                                <taxonomicClassification>
                                        <taxonRankName>Family</taxonRankName>
                                    <taxonRankValue>VITACEAE</taxonRankValue>
                                </taxonomicClassification>
                                <taxonomicClassification>
                                        <taxonRankName>Family</taxonRankName>
                                    <taxonRankValue>VOCHYSIACEAE</taxonRankValue>
                                </taxonomicClassification>
                                <taxonomicClassification>
                                        <taxonRankName>Family</taxonRankName>
                                    <taxonRankValue>WINTERACEAE</taxonRankValue>
                                </taxonomicClassification>
                                <taxonomicClassification>
                                        <taxonRankName>Family</taxonRankName>
                                    <taxonRankValue>XANTHORRHOEACEAE</taxonRankValue>
                                </taxonomicClassification>
                                <taxonomicClassification>
                                        <taxonRankName>Family</taxonRankName>
                                    <taxonRankValue>XYRIDACEAE</taxonRankValue>
                                </taxonomicClassification>
                                <taxonomicClassification>
                                        <taxonRankName>Family</taxonRankName>
                                    <taxonRankValue>ZYGOPHYLLACEAE</taxonRankValue>
                                </taxonomicClassification>
                                <taxonomicClassification>
                                        <taxonRankName>Family</taxonRankName>
                                    <taxonRankValue>THEOPHRASTACEAE</taxonRankValue>
                                </taxonomicClassification>
                                <taxonomicClassification>
                                        <taxonRankName>Family</taxonRankName>
                                    <taxonRankValue>ALISMATACEAE</taxonRankValue>
                                </taxonomicClassification>
                                <taxonomicClassification>
                                        <taxonRankName>Family</taxonRankName>
                                    <taxonRankValue>ALSTROEMERIACEAE</taxonRankValue>
                                </taxonomicClassification>
                                <taxonomicClassification>
                                        <taxonRankName>Family</taxonRankName>
                                    <taxonRankValue>AMARYLLIDACEAE</taxonRankValue>
                                </taxonomicClassification>
                                <taxonomicClassification>
                                        <taxonRankName>Family</taxonRankName>
                                    <taxonRankValue>ARACEAE</taxonRankValue>
                                </taxonomicClassification>
                                <taxonomicClassification>
                                        <taxonRankName>Family</taxonRankName>
                                    <taxonRankValue>ARECACEAE</taxonRankValue>
                                </taxonomicClassification>
                                <taxonomicClassification>
                                        <taxonRankName>Family</taxonRankName>
                                    <taxonRankValue>ASPARAGACEAE</taxonRankValue>
                                </taxonomicClassification>
                                <taxonomicClassification>
                                        <taxonRankName>Family</taxonRankName>
                                    <taxonRankValue>BROMELIACEAE</taxonRankValue>
                                </taxonomicClassification>
                                <taxonomicClassification>
                                        <taxonRankName>Family</taxonRankName>
                                    <taxonRankValue>BRUMANNIACEAE</taxonRankValue>
                                </taxonomicClassification>
                                <taxonomicClassification>
                                        <taxonRankName>Family</taxonRankName>
                                    <taxonRankValue>CANNACEAE</taxonRankValue>
                                </taxonomicClassification>
                                <taxonomicClassification>
                                        <taxonRankName>Family</taxonRankName>
                                    <taxonRankValue>COMMELIANACEAE</taxonRankValue>
                                </taxonomicClassification>
                                <taxonomicClassification>
                                        <taxonRankName>Family</taxonRankName>
                                    <taxonRankValue>COSTACEAE</taxonRankValue>
                                </taxonomicClassification>
                                <taxonomicClassification>
                                        <taxonRankName>Family</taxonRankName>
                                    <taxonRankValue>CYCLANTHACEAE</taxonRankValue>
                                </taxonomicClassification>
                                <taxonomicClassification>
                                        <taxonRankName>Family</taxonRankName>
                                    <taxonRankValue>CYPERACEAE</taxonRankValue>
                                </taxonomicClassification>
                                <taxonomicClassification>
                                        <taxonRankName>Family</taxonRankName>
                                    <taxonRankValue>DIOSCOREACEAE</taxonRankValue>
                                </taxonomicClassification>
                                <taxonomicClassification>
                                        <taxonRankName>Family</taxonRankName>
                                    <taxonRankValue>ERIOCAULACEAE</taxonRankValue>
                                </taxonomicClassification>
                                <taxonomicClassification>
                                        <taxonRankName>Family</taxonRankName>
                                    <taxonRankValue>HAEMODORACEAE</taxonRankValue>
                                </taxonomicClassification>
                                <taxonomicClassification>
                                        <taxonRankName>Family</taxonRankName>
                                    <taxonRankValue>HELICONIACEAE</taxonRankValue>
                                </taxonomicClassification>
                                <taxonomicClassification>
                                        <taxonRankName>Family</taxonRankName>
                                    <taxonRankValue>HYDROCHARITACEAE</taxonRankValue>
                                </taxonomicClassification>
                                <taxonomicClassification>
                                        <taxonRankName>Family</taxonRankName>
                                    <taxonRankValue>IRIDACEAE</taxonRankValue>
                                </taxonomicClassification>
                                <taxonomicClassification>
                                        <taxonRankName>Family</taxonRankName>
                                    <taxonRankValue>JUNCACEAE</taxonRankValue>
                                </taxonomicClassification>
                                <taxonomicClassification>
                                        <taxonRankName>Family</taxonRankName>
                                    <taxonRankValue>LILIACEAE</taxonRankValue>
                                </taxonomicClassification>
                                <taxonomicClassification>
                                        <taxonRankName>Family</taxonRankName>
                                    <taxonRankValue>MARANTACEAE</taxonRankValue>
                                </taxonomicClassification>
                                <taxonomicClassification>
                                        <taxonRankName>Family</taxonRankName>
                                    <taxonRankValue>MAYACACEAE</taxonRankValue>
                                </taxonomicClassification>
                                <taxonomicClassification>
                                        <taxonRankName>Family</taxonRankName>
                                    <taxonRankValue>MUSACEAE</taxonRankValue>
                                </taxonomicClassification>
                                <taxonomicClassification>
                                        <taxonRankName>Family</taxonRankName>
                                    <taxonRankValue>ORCHIDACEAE</taxonRankValue>
                                </taxonomicClassification>
                                <taxonomicClassification>
                                        <taxonRankName>Family</taxonRankName>
                                    <taxonRankValue>POAECEAE</taxonRankValue>
                                </taxonomicClassification>
                                <taxonomicClassification>
                                        <taxonRankName>Family</taxonRankName>
                                    <taxonRankValue>SMILACACEAE</taxonRankValue>
                                </taxonomicClassification>
                                <taxonomicClassification>
                                        <taxonRankName>Family</taxonRankName>
                                    <taxonRankValue>TYPHACEAE</taxonRankValue>
                                </taxonomicClassification>
                                <taxonomicClassification>
                                        <taxonRankName>Family</taxonRankName>
                                    <taxonRankValue>ZINGIBERACEAE</taxonRankValue>
                                </taxonomicClassification>
                        </taxonomicCoverage>
            </coverage>
            <maintenance>
                <description>
                    <para></para>
                </description>
                <maintenanceUpdateFrequency>unkown</maintenanceUpdateFrequency>
            </maintenance>
            <contact>
            <individualName>
<givenName>Felipe Alfonso</givenName>                    <surName>Cardona Naranjo</surName>
            </individualName>
<organizationName>Herbario Universidad de Antioquia</organizationName><positionName>Jefe sección Herbario</positionName>            <address>
<deliveryPoint>Calle 67 Nº 53-108 Bloque 2-411. Herbario</deliveryPoint><city>Medellin</city><administrativeArea>Antioquia</administrativeArea><postalCode>0501000</postalCode><country>COLOMBIA</country>            </address>
<phone>2195614</phone><electronicMailAddress>cardonaf@gmail.com</electronicMailAddress><onlineUrl>http://www.herbariohua.com</onlineUrl>            </contact>
            <methods>
                    <methodStep>
                        <description>
                            <para>Antes de la incorporación de las plantas al herbario, se siguen los siguientes pasos:

El material es prensado, secado por 24 horas a una temperatura de 40°C y montado en una cartulina de 41x31cm donde se utiliza material pegante e hilo para fijar y reforzar la muestra; dentro de cada ejemplar se encuentra una ficha que provee la información sobre: familia, nombre científico, localidad, georreferenciación, fecha, ecología, colectores, determinadores y características de la planta observadas en campo.</para>
                        </description>
                    </methodStep>
                    <methodStep>
                        <description>
                            <para>Posteriormente, el material es sometido a congelación a una temperatura de -16°C durante 8 días, como medio de control contra insectos y posibles plagas. Finalmente, los ejemplares son almacenados en compactadores, bajo el sistema de clasificación de Cronquist; sin embargo, en este momento se está realizando la transición al sistema de clasificación APG.</para>
                        </description>
                    </methodStep>
                    <sampling>
                        <studyExtent>
                            <description>
                                <para>El conjunto de datos comprende diversas localidades ya que estas son el resultado de varios proyectos, además de donaciones e intercambios con otras instituciones. En su mayoría hacen referencia a Colombia, principalmente el departamento de Antioquia; sin embargo, este conjunto de datos incluye especímenes del estado de Apure en Venezuela.</para>
                            </description>
                        </studyExtent>
                        <samplingDescription>
                            <para>En su mayoría obedecen a colecciones libres sin ningún análisis cuantitativo, donde se pretende hacer floras o inventarios florísticos; otras, a muestreos cuantitativos realizados en parcelas de carácter permanente o semipermanente. Cada una de las colecciones tiene un proceso de herborización estándar que consiste en colecta, prensado, alcoholizado, secado, identificación e inclusión en la colección del herbario.</para>
                        </samplingDescription>
                    </sampling>
                    <qualityControl>
                        <description>
                            <para>El herbario cuenta con especialistas que se encargan de realizar un cuidadoso proceso de identificación de las colecciones; dentro de su personal se encuentran especialistas en las familias Melastomataceae, Flacourtiaceae, Piperaceae, Araceae, Lauraceae, Loranthaceae, Viscaceae, Santalaceae, Pterydophytas y afines. El 100% de los ejemplares de la colección se encuntran determinados a nivel de familia, el 95% a nivel de género y el 90% a nivel de especie.

Para realizar el control de calidad del conjunto de datos se consultan diversas páginas que manejan bases de datos de información taxonómica y geográfica como: www.tropicos.org, www.ipni.org, www.plantlist.org, www.divipola.com y www.fallingrain.com.

Ajuste de vocabularios controlados en:
Elementos geográficos: stateProvince y county;</para>
                        </description>
                    </qualityControl>
            </methods>

            <project >
                <title>Proyectos asociados al herbario Universidad de Antioquia (HUA)</title>
                    <personnel>
            <individualName>
<givenName>Felipe Alfonso</givenName>                    <surName>Cardona Naranjo</surName>
            </individualName>
            <role>CURATOR</role>
                    </personnel>
                    <personnel>
            <individualName>
<givenName>Ana María</givenName>                    <surName>Benavides</surName>
            </individualName>
            <role>POINT_OF_CONTACT</role>
                    </personnel>
                    <personnel>
            <individualName>
<givenName>Maria Alexandra</givenName>                    <surName>Guerra Fonnegra</surName>
            </individualName>
            <role>PROCESSOR</role>
                    </personnel>
                    <personnel>
            <individualName>
<givenName>Daihana</givenName>                    <surName>Arango Vásquez</surName>
            </individualName>
            <role>EDITOR</role>
                    </personnel>
                <abstract>
                    <para>Este recurso contiene información perteneciente a diversos proyectos llevados a cabo dentro de la Universidad de Antioquia, estos incluyen el convenio de Cooperación No. 13-290 entre el Instituto de Investigación de Recursos Biológicos Alexander von Humboldt y la Universidad de Antioquia y el proyecto &quot;Colecciones basadas en datos para acciones de conservación: involucrando a los tomadores de decisiones para salvar epífitas amenazadas en Colombia&quot; con el identificador BID-CA2020-047-USE y duración del 1 de septiembre de 2021 al 28 de febrero de 2023; Este proyecto combina las capacidades de cinco de los herbarios más grandes de Colombia (COL, HUA, JAUM, FMB, y CUVC) y sus instituciones anfitrionas para democratizar la información sobre los registros biológicos de las epífitas y las colecciones de visitantes florales para que sea útil en acciones de conservación. Este proyecto está dirigido por un consorcio de expertos nacionales con una experiencia bien establecida en linajes epífitos que garantizarán identificaciones precisas de los especímenes vinculados a los datos abiertos recientemente publicados.</para>
                </abstract>
                <funding>
                    <para>Convenio de Cooperación No. 13-290 entre el Instituto de Investigación de Recursos Biológicos Alexander von Humboldt y la Universidad de Antioquia. El proyecto BID-CA2020-047-USE cuenta con la financiación de la Unión Europea-BID Caribbean Program y Global Biodiversity Information Facility (GBIF)</para>
                </funding>
            </project>
    </dataset>

    <additionalMetadata>
        <metadata>
            <gbif>
                <dateStamp>2023-07-06T00:44:16Z</dateStamp>
                <citation identifier="https://doi.org/10.15472/esjdio">Martínez Figueroa Y M, Arango Vásquez D, Cardona Naranjo F A, Calderón Arias A M, Benavides A M (2023). Herbario Universidad de Antioquia (HUA). Version 7.7. Universidad de Antioquia. Occurrence dataset https://doi.org/10.15472/esjdio accessed via GBIF.org on 2023-07-06.</citation>
                    <bibliography>
                <citation>APG III. 2009. An update of the Angiosperm Phylogeny Group classification for the orders and families of flowering plants. Botanical Journal of Linnean Society. 161: 105–121.</citation>
                <citation>Calderon, E., G. Galeano &amp; N. García (eds). 2002. Libro Rojo de las Plantas Fanerógamas de Colombia. Volumen 1: Chrysobalanaceae, Dichapetalaceae y Lecythidaceae. La serie Libros Rojos de Especies Amenazadas de Colombia. Bogotá, Colombia. Instituto Alexander Von Humboldt, Instituto de Ciencias Naturales-Universidad de Nacional de Colombia, Ministerio de Medio Ambiente. 220 pp.</citation>
                <citation>Cárdenas, L. D. &amp; N.R. Salinas (eds). 2007. Libro rojo de plantas de Colombia. Volumen 4. Especies maderables amenazadas: Primera parte. Serie libros rojos de especies amenazadas de Colombia. Bogotá, Colombia. Instituto Amazónico de Investigaciones Científicas SINCHI – Ministerio de Ambiente, Vivienda y Desarrollo Territorial. 232 pp.</citation>
                <citation>CITES, 2008. Convención sobre el Comercio Internacional de Especies Amenazadas de Fauna y Flora Silvestres. Apéndices I, II y III</citation>
                <citation>Cogollo, A., C. Velásquez-Rúa., J.L. Toro &amp; N. García. 2007. Las Podocarpaceas. Pp 193-224 En: García, N. (ed.). Libro Rojo de las Plantas de Colombia. Volumen 5: Las Magnoliáceas, las miristicáceas y las podocarpáceas. Serie Libros Rojos de Especies Amenazadas de Colombia. Bogotá, Colombia. Instituto Alexander Von Humboldt – CORANTIOQUIA – Jardín Botánico Joaquín Antonio Uribe de Medellín -  Instituto de Ciencias Naturales de la Universidad Nacional de Colombia -  Ministerio de Ambiente, Vivienda y Desarrollo Territorial. 236 pp.</citation>
                <citation>Galeano, G. &amp; R. Bernal. 2005. Palmas. Pp 59-224. En: Calderón, E., G. Galeano &amp; N. García (eds). Libro Rojo de las Plantas de Colombia. Volumen 2: Palmas, Frailejones y Zamias. Serie Libros Rojos de Especies Amenazadas de Colombia. Bogotá, Colombia. Instituto Alexander Von Humboldt – Instituto de Ciencias Naturales de la Universidad Nacional de Colombia – Ministerio de Medio Ambiente, Vivienda y Desarrollo Territorial. 445 pp.</citation>
                <citation>Henderson, A., G. Galeano &amp; R. Bernal. 1995 Field Guide to the Palms of the Americas. Princeton University Press, Princeton New Jersey.</citation>
                <citation>Idárraga, A., R, Ortiz, R. Callejas &amp; M. Merello. 2011. Flora de Antioquia: Catálogo de las plantas vasculares. Vol II. Listado de las plantas vasculares del departamento de Antioquia. Programa Expedición Antioquia-2103. Series Biodiversidad y Recursos Naturales. Universidad de Antioquia, Missouri Botanical Garden &amp; Oficina de planeación departamental de la gobernación de Antioquia, Editorial D’Vinni, Bogotá, Colombia.</citation>
                <citation>Lot, A. &amp; F. Chiang. 1990. Manual de Herbario. Administración y manejo de colecciones, técnicas de recolección y preparación de ejemplares botánicos. Consejo Nacional de la Flora de México, A. C. México. 142 pp.</citation>
                <citation>Missouri Botanical Garden. 2013. Catalogue of the Vascular Plants of the Department of Antioquia (Colombia), http://www.tropicos.org/.</citation>
                <citation>Morales, L., T. VARÓN, Y J. A. LONDOÑO. 2000. Palmas ornamentales. Silvicultura urbana. Universidad Nacional de Colombia, Sede Medellín.  Medellín. 255 p</citation>
                <citation>Tryon, R. M. &amp; A. F. Tryon. 1985. Ferns and allied plants – with special reference to tropical America. Springer - Verlag, New York.</citation>
                    </bibliography>
                    <resourceLogoUrl>https://statics.sibcolombia.net/sib-resources/images/logos-socios/500px/udea.jpg</resourceLogoUrl>
                        <collection>
                            <parentCollectionIdentifier>HUA</parentCollectionIdentifier>
                            <collectionIdentifier>gbif.org/grscicoll/collection/6eae4377-f8b4-41ac-a9c1-db5a81afde98</collectionIdentifier>
                            <collectionName>Herbario Universidad de Antioquia HUA</collectionName>
                        </collection>
                        <specimenPreservationMethod>DRIED</specimenPreservationMethod>
            </gbif>
        </metadata>
    </additionalMetadata>

</eml:eml>
