<?xml version="1.0" encoding="utf-8"?>
<eml:eml xmlns:eml="eml://ecoinformatics.org/eml-2.1.1" xmlns:xsi="http://www.w3.org/2001/XMLSchema-instance"
         xsi:schemaLocation="eml://ecoinformatics.org/eml-2.1.1 http://rs.gbif.org/schema/eml-gbif-profile/1.2/eml.xsd"
packageId="262ac9a4-864d-4b49-b758-04cf0aea50d6"  system="http://gbif.org" scope="system"
xml:lang="en">

    <dataset>
            <alternateIdentifier>10.15468/38t6zx</alternateIdentifier>
                <alternateIdentifier>https://midwestherbaria.org/portal/collections/misc/collprofiles.php?collid=419</alternateIdentifier>
        <title>University of Wisconsin - Green Bay</title>
            <creator>
<organizationName>Consortium of Midwest Herbaria</organizationName><electronicMailAddress>seinetAdmin@asu.edu</electronicMailAddress><onlineUrl>https://midwestherbaria.org/portal/index.php</onlineUrl>            </creator>
            <metadataProvider>
<organizationName>Consortium of Midwest Herbaria</organizationName><electronicMailAddress>seinetAdmin@asu.edu</electronicMailAddress><onlineUrl>https://midwestherbaria.org/portal/index.php</onlineUrl>            </metadataProvider>
            <associatedParty>
            <individualName>
                    <surName>Keir Wefferling</surName>
            </individualName>
<electronicMailAddress>wefferlk@uwgb.edu</electronicMailAddress>            <role>CONTENT_PROVIDER</role>
            </associatedParty>
            <pubDate>
                2023-06-04
            </pubDate>
        <language>ENGLISH</language>
            <intellectualRights>
                    <para>This work is licensed under a <ulink url="http://creativecommons.org/licenses/by-nc/4.0/legalcode"><citetitle>Creative Commons Attribution Non Commercial (CC-BY-NC) 4.0 License</citetitle></ulink>.</para>
            </intellectualRights>
            <contact>
<organizationName>University of Wisconsin - Green Bay</organizationName><phone>920/ 465-5032</phone><electronicMailAddress>wefferlk@uwgb.edu</electronicMailAddress><onlineUrl>http://www.uwgb.edu/biodiversity/herbarium/</onlineUrl>            </contact>

    </dataset>

    <additionalMetadata>
        <metadata>
            <gbif>
                <dateStamp>2023-07-06T00:44:18Z</dateStamp>
                <citation>Gary A. Fewless Herbarium (2023). University of Wisconsin - Green Bay. Occurrence dataset https://doi.org/10.15468/38t6zx accessed via GBIF.org on 2023-07-06.</citation>
            </gbif>
        </metadata>
    </additionalMetadata>

</eml:eml>
