<?xml version="1.0" encoding="utf-8"?>
<eml:eml xmlns:eml="eml://ecoinformatics.org/eml-2.1.1" xmlns:xsi="http://www.w3.org/2001/XMLSchema-instance"
         xsi:schemaLocation="eml://ecoinformatics.org/eml-2.1.1 http://rs.gbif.org/schema/eml-gbif-profile/1.2/eml.xsd"
packageId="28376ca6-95d7-4ebb-b487-ccf4704ef4f7"  system="http://gbif.org" scope="system"
xml:lang="en">

    <dataset>
            <alternateIdentifier>10.15468/wp56ax</alternateIdentifier>
                <alternateIdentifier>https://science-net.kahaku.go.jp/ipt2/resource?r=snet-1211-101</alternateIdentifier>
        <title>Vascular plant specimens of the herbarium of the Tohoku University (TUS)</title>
            <creator>
            <individualName>
<givenName>Takuro</givenName>                    <surName>Ito</surName>
            </individualName>
<organizationName>The Center for Academic Resources and Archives, Tohoku University Botanical Gardens</organizationName><positionName>Assistant Professor</positionName>            <address>
<country>JAPAN</country>            </address>
<electronicMailAddress>takuro.ito.c4@tohoku.ac.jp</electronicMailAddress>            </creator>
            <metadataProvider>
            <individualName>
<givenName>Takuro</givenName>                    <surName>Ito</surName>
            </individualName>
<organizationName>The Center for Academic Resources and Archives, Tohoku University Botanical Gardens</organizationName><positionName>Assistant Professor</positionName>            <address>
<country>JAPAN</country>            </address>
<electronicMailAddress>takuro.ito.c4@tohoku.ac.jp</electronicMailAddress>            </metadataProvider>
            <pubDate>
                2023-03-09
            </pubDate>
        <language>ENGLISH</language>
            <abstract>
                    <para>Vascular plant specimens deposited at the herbarium of the Tohoku University (TUS)(Tsuda Memorial Herbarium).</para>
            </abstract>
                <keywordSet>
                        <keyword>Occurrence</keyword>
                        <keywordThesaurus>GBIF Dataset Type Vocabulary: http://rs.gbif.org/vocabulary/gbif/dataset_type_2015-07-10.xml</keywordThesaurus>
                </keywordSet>
            <intellectualRights>
                    <para>This work is licensed under a <ulink url="http://creativecommons.org/licenses/by/4.0/legalcode"><citetitle>Creative Commons Attribution (CC-BY) 4.0 License</citetitle></ulink>.</para>
            </intellectualRights>
            <maintenance>
                <description>
                    <para></para>
                </description>
                <maintenanceUpdateFrequency>unkown</maintenanceUpdateFrequency>
            </maintenance>
            <contact>
            <individualName>
<givenName>Takuro</givenName>                    <surName>Ito</surName>
            </individualName>
<organizationName>The Center for Academic Resources and Archives, Tohoku University Botanical Gardens</organizationName><positionName>Assistant Professor</positionName>            <address>
<country>JAPAN</country>            </address>
<electronicMailAddress>takuro.ito.c4@tohoku.ac.jp</electronicMailAddress>            </contact>

    </dataset>

    <additionalMetadata>
        <metadata>
            <gbif>
                <dateStamp>2023-07-06T00:44:20Z</dateStamp>
                <citation>Ito T (2023). Vascular plant specimens of the herbarium of the Tohoku University (TUS). National Museum of Nature and Science, Japan. Occurrence dataset https://doi.org/10.15468/wp56ax accessed via GBIF.org on 2023-07-06.</citation>
            </gbif>
        </metadata>
    </additionalMetadata>

</eml:eml>
