<?xml version="1.0" encoding="utf-8"?>
<eml:eml xmlns:eml="eml://ecoinformatics.org/eml-2.1.1" xmlns:xsi="http://www.w3.org/2001/XMLSchema-instance"
         xsi:schemaLocation="eml://ecoinformatics.org/eml-2.1.1 http://rs.gbif.org/schema/eml-gbif-profile/1.2/eml.xsd"
packageId="2f7208c8-b31d-4287-84b4-fc10ab376302"  system="http://gbif.org" scope="system"
xml:lang="es">

    <dataset>
            <alternateIdentifier>10.15472/8t4cb9</alternateIdentifier>
                <alternateIdentifier>https://ipt.biodiversidad.co/sib/resource?r=fauc</alternateIdentifier>
                <alternateIdentifier>http://ipt.biodiversidad.co/sib/resource?r=fauc</alternateIdentifier>
                <alternateIdentifier>2f7208c8-b31d-4287-84b4-fc10ab376302</alternateIdentifier>
        <title>Herbario Universidad de Caldas - FAUC</title>
            <creator>
            <individualName>
<givenName>Luis Miguel</givenName>                    <surName>Álvarez Mejía</surName>
            </individualName>
<organizationName>Universidad de Caldas - Facultad de Ciencias Agropecuarias</organizationName><positionName>Director</positionName>            <address>
<deliveryPoint>Calle 65 # 26-10</deliveryPoint><city>Manizales</city><administrativeArea>Caldas</administrativeArea><postalCode>170000</postalCode><country>COLOMBIA</country>            </address>
<phone>8781500</phone><electronicMailAddress>luis.alvarez@ucaldas.edu.co</electronicMailAddress><onlineUrl>http://www.ucaldas.edu.co</onlineUrl>            </creator>
            <metadataProvider>
            <individualName>
<givenName>Luis Miguel</givenName>                    <surName>Álvarez Mejía</surName>
            </individualName>
<organizationName>Universidad de Caldas - Facultad de Ciencias Agropecuarias</organizationName><positionName>Director</positionName>            <address>
<deliveryPoint>Calle 65 # 26-10</deliveryPoint><city>Manizales</city><administrativeArea>Caldas</administrativeArea><postalCode>170000</postalCode><country>COLOMBIA</country>            </address>
<phone>8781500</phone><electronicMailAddress>luis.alvarez@ucaldas.edu.co</electronicMailAddress><onlineUrl>http://www.ucaldas.edu.co</onlineUrl>            </metadataProvider>
            <associatedParty>
            <individualName>
<givenName>Luis Miguel</givenName>                    <surName>Álvarez Mejía</surName>
            </individualName>
<organizationName>Universidad de Caldas, Facultad de Ciencias Agropecuarias</organizationName><positionName>Director</positionName>            <address>
<deliveryPoint>Calle 65 No. 26-10</deliveryPoint><city>Manizales</city><administrativeArea>Caldas</administrativeArea><postalCode>170000</postalCode><country>COLOMBIA</country>            </address>
<phone>8781500</phone><electronicMailAddress>luis.alvarez@ucaldas.edu.co</electronicMailAddress><onlineUrl>http://www.ucaldas.edu.co</onlineUrl>            <role>CONTENT_PROVIDER</role>
            </associatedParty>
            <associatedParty>
            <individualName>
<givenName>Andrés Miguel</givenName>                    <surName>Betancourth Restrepo</surName>
            </individualName>
<organizationName>Universidad de Caldas</organizationName><positionName>Auxiliar de sistematización</positionName>            <address>
<deliveryPoint>Calle 65 No. 26-10</deliveryPoint><city>Manizales</city><administrativeArea>Caldas</administrativeArea><postalCode>170000</postalCode><country>COLOMBIA</country>            </address>
<phone>8781500</phone><electronicMailAddress>andresmiguel.b.r@gmail.com</electronicMailAddress><onlineUrl>http://www.ucaldas.edu.co</onlineUrl>            <role>PROCESSOR</role>
            </associatedParty>
            <associatedParty>
            <individualName>
<givenName>Andrés Felipe</givenName>                    <surName>Bohorquez Osorio</surName>
            </individualName>
<organizationName>Universidad de Caldas</organizationName><positionName>Investigador Colaborador</positionName>            <address>
<deliveryPoint>Calle 65 No. 26-10</deliveryPoint><city>Manizales</city><administrativeArea>Caldas</administrativeArea><country>COLOMBIA</country>            </address>
<electronicMailAddress>andresfelipebo@gmail.com</electronicMailAddress>            <role>CONTENT_PROVIDER</role>
            </associatedParty>
            <associatedParty>
            <individualName>
<givenName>David</givenName>                    <surName>Manzur Macías</surName>
            </individualName>
<organizationName>Universidad de Caldas</organizationName><positionName>Profesor</positionName>            <address>
<country>COLOMBIA</country>            </address>
            <role>CONTENT_PROVIDER</role>
            </associatedParty>
            <associatedParty>
            <individualName>
<givenName>Mélida</givenName>                    <surName>Restrepo</surName>
            </individualName>
<organizationName>Universidad de Caldas</organizationName><positionName>Profesor</positionName>            <address>
<country>COLOMBIA</country>            </address>
            <role>CONTENT_PROVIDER</role>
            </associatedParty>
            <associatedParty>
            <individualName>
<givenName>Juliana</givenName>                    <surName>Ramírez Guapacha</surName>
            </individualName>
<organizationName>Universidad de Caldas</organizationName><positionName>Investigador</positionName>            <address>
<country>COLOMBIA</country>            </address>
            <role>CONTENT_PROVIDER</role>
            </associatedParty>
            <associatedParty>
            <individualName>
<givenName>Luis Fernando</givenName>                    <surName>Coca Bucurú</surName>
            </individualName>
<organizationName>Universidad de Caldas</organizationName><positionName>Investigador</positionName>            <role>CONTENT_PROVIDER</role>
            </associatedParty>
            <associatedParty>
            <individualName>
<givenName>María Alejandra</givenName>                    <surName>Buitrago Aristizabal</surName>
            </individualName>
<organizationName>Universidad de Caldas</organizationName><positionName>Investigador</positionName>            <role>CONTENT_PROVIDER</role>
            </associatedParty>
            <associatedParty>
            <individualName>
<givenName>Natalia</givenName>                    <surName>Quintero lópez</surName>
            </individualName>
<organizationName>Universidad de Caldas</organizationName><positionName>Investigador</positionName>            <address>
<city>Manizales</city>            </address>
<electronicMailAddress>quinterini@gmail.com</electronicMailAddress>            <role>CONTENT_PROVIDER</role>
            </associatedParty>
            <associatedParty>
            <individualName>
<givenName>Maria Camila</givenName>                    <surName>Aristizabal</surName>
            </individualName>
<organizationName>Universidad de Caldas</organizationName><positionName>Digitador</positionName>            <address>
<city>Manizales</city><country>COLOMBIA</country>            </address>
            <role>PROCESSOR</role>
            </associatedParty>
            <associatedParty>
            <individualName>
<givenName>Angela Natalia</givenName>                    <surName>Castaño Rubiano</surName>
            </individualName>
<organizationName>Universidad de Caldas, Departamento de Biología</organizationName><positionName>Profesora</positionName>            <address>
<deliveryPoint>Calle 65 No. 26-10</deliveryPoint><city>Manizales</city><country>COLOMBIA</country>            </address>
            <role>CONTENT_PROVIDER</role>
            </associatedParty>
            <associatedParty>
            <individualName>
<givenName>Benjamín</givenName>                    <surName>González Echeverry</surName>
            </individualName>
<organizationName>Universidad de Caldas</organizationName><positionName>Investigador</positionName>            <address>
<country>COLOMBIA</country>            </address>
            <role>CONTENT_PROVIDER</role>
            </associatedParty>
            <associatedParty>
            <individualName>
<givenName>David</givenName>                    <surName>Sanín Robayo</surName>
            </individualName>
<organizationName>Universidad de la Amazonía</organizationName><positionName>Profesor</positionName>            <address>
<city>Florencia</city><administrativeArea>Caquetá</administrativeArea><country>COLOMBIA</country>            </address>
            <role>CONTENT_PROVIDER</role>
            </associatedParty>
            <associatedParty>
            <individualName>
<givenName>Julio Andrés</givenName>                    <surName>Sierra Giraldo</surName>
            </individualName>
<organizationName>Universidad de Caldas</organizationName><positionName>Investigador</positionName><electronicMailAddress>andresierra25@gmail.com</electronicMailAddress>            <role>CONTENT_PROVIDER</role>
            </associatedParty>
            <associatedParty>
            <individualName>
<givenName>Jairo Andrés</givenName>                    <surName>Orozco Agudelo</surName>
            </individualName>
<organizationName>Universidad de Caldas</organizationName><positionName>Investigador</positionName>            <role>CONTENT_PROVIDER</role>
            </associatedParty>
            <associatedParty>
            <individualName>
<givenName>Juan Mauricio</givenName>                    <surName>Posada Herrera</surName>
            </individualName>
<organizationName>Universidad de Caldas</organizationName><positionName>Investigador</positionName>            <role>CONTENT_PROVIDER</role>
            </associatedParty>
            <pubDate>
                2021-01-27
            </pubDate>
        <language>SPANISH</language>
            <abstract>
                    <para>El Herbario FAUC, colección de referencia Botánica de la Universidad de Caldas, nació en 1954 como unidad de apoyo a la docencia y fue institucionalizada en 1975, año en el cual se integra a la Asociación Colombiana de Herbarios - ACH, como miembro fundador. Cuenta con ejemplares colectados desde 1920, y reúne hoy ejemplares de la flora de Colombia, con especial énfasis la vegetación andina y particularmente el departamento de Caldas. Contando también con procedentes de 27 de los 32 departamentos de Colombia (Amazonas, Antioquia, Bogotá, Bolívar, Boyacá, Caldas, Caquetá, Casanare, Cauca, Cesar, Chocó, Córdoba, Cundinamarca, Guaviare, Huila, La Guajira, Magdalena, Meta, Nariño, Norte de Santander, Putumayo, Quindío, Risaralda, Santander, Sucre, Tolima y Valle del Cauca). Cuenta también con algunos ejemplares procedentes de otros países, producto de obsequios que a lo largo de 65 años han entregado al herbario visitantes de otras naciones. La misión de la colección es ser el depositario de los ejemplares producto de las investigaciones y las actividades de docencia en la botánica regional. A su vez se la colección de referencia para la identificación de plantas y el conocimiento de las mismas desde todos los ámbitos, como apoyo a las investigaciones científicas sobre la flora, las evaluaciones ambientales, los estudios etnobotánicos y, en general todo tipo de acciones en investigación, docencia e interacción con la comunidad que de alguna manera tengan como referencia las plantas. La visión del herbario FAUC, es consolidar la flora de Caldas, en los próximos 10 años, tanto mediante la colecta de ejemplares, identificación y su depósito en la colección, como en la sistematización y virtualización de la misma.</para>
            </abstract>
                <keywordSet>
                        <keyword>Herbario</keyword>
                        <keyword>Cordillera central andina</keyword>
                        <keyword>flora neotropical</keyword>
                        <keyword>plantas vasculares</keyword>
                        <keyword>Universidad de Caldas</keyword>
                        <keywordThesaurus>NA</keywordThesaurus>
                </keywordSet>
                <keywordSet>
                        <keyword>Occurrence</keyword>
                        <keywordThesaurus>GBIF Dataset Type Vocabulary: http://rs.gbif.org/vocabulary/gbif/dataset_type.xml</keywordThesaurus>
                </keywordSet>
                <keywordSet>
                        <keyword>Specimen</keyword>
                        <keywordThesaurus>GBIF Dataset Subtype Vocabulary: http://rs.gbif.org/vocabulary/gbif/dataset_subtype.xml</keywordThesaurus>
                </keywordSet>
            <intellectualRights>
                    <para>This work is licensed under a <ulink url="http://creativecommons.org/licenses/by/4.0/legalcode"><citetitle>Creative Commons Attribution (CC-BY) 4.0 License</citetitle></ulink>.</para>
            </intellectualRights>
            <distribution scope="document">
                <online>
                    <url function="information">http://www.ucaldas.edu.co</url>
                </online>
            </distribution>
            <coverage>
                    <geographicCoverage>
                            <geographicDescription>Se encuentran ejemplares de la flora de Colombia, con especial énfasis la vegetación andina y particularmente el departamento de Caldas. Contando también con procedentes de 27 de los 32 departamentos de Colombia (Amazonas, Antioquia, Bogotá, Bolívar, Boyacá, Caldas, Caquetá, Casanare, Cauca, Cesar, Chocó, Córdoba, Cundinamarca, Guaviare, Huila, La Guajira, Magdalena, Meta, Nariño, Norte de Santander, Putumayo, Quindío, Risaralda, Santander, Sucre, Tolima y Valle del Cauca). 

Cuenta también con algunos ejemplares procedentes de otros países como Bolivia, Perú, Brasil, Puerto Rico, Ecuador, Tailandia y Venezuela</geographicDescription>
                            <boundingCoordinates>
                                <westBoundingCoordinate>-78.75</westBoundingCoordinate>
                                <eastBoundingCoordinate>-66.182</eastBoundingCoordinate>
                                <northBoundingCoordinate>12.64</northBoundingCoordinate>
                                <southBoundingCoordinate>-4.828</southBoundingCoordinate>
                            </boundingCoordinates>
                    </geographicCoverage>
                    <temporalCoverage>
                            <rangeOfDates>
                                <beginDate>
                                    <calendarDate>                1920-01-01
</calendarDate>
                                </beginDate>
                                <endDate>
                                    <calendarDate>                2019-03-22
</calendarDate>
                                </endDate>
                            </rangeOfDates>
                    </temporalCoverage>
                        <taxonomicCoverage>
                                <generalTaxonomicCoverage>Las diez familias más representativas en términos de registros publicados son: Asteraceae (1573), Fabaceae (1484), Poaceae (1044), Rubiaceae (1009), Solanaceae (805), Melastomataceae (624), Orchidaceae (520), Malvaceae (425), Araceae (424) y Euphorbiaceae (423).</generalTaxonomicCoverage>
                                <taxonomicClassification>
                                    <taxonRankValue>Acanthaceae</taxonRankValue>
                                </taxonomicClassification>
                                <taxonomicClassification>
                                    <taxonRankValue>Achariaceae</taxonRankValue>
                                </taxonomicClassification>
                                <taxonomicClassification>
                                    <taxonRankValue>Achatocarpaceae</taxonRankValue>
                                </taxonomicClassification>
                                <taxonomicClassification>
                                    <taxonRankValue>Acidaminococcaceae</taxonRankValue>
                                </taxonomicClassification>
                                <taxonomicClassification>
                                    <taxonRankValue>Actinidiaceae</taxonRankValue>
                                </taxonomicClassification>
                                <taxonomicClassification>
                                    <taxonRankValue>Adoxaceae</taxonRankValue>
                                </taxonomicClassification>
                                <taxonomicClassification>
                                    <taxonRankValue>Aizoaceae</taxonRankValue>
                                </taxonomicClassification>
                                <taxonomicClassification>
                                    <taxonRankValue>Alismataceae</taxonRankValue>
                                </taxonomicClassification>
                                <taxonomicClassification>
                                    <taxonRankValue>Alstroemeriaceae</taxonRankValue>
                                </taxonomicClassification>
                                <taxonomicClassification>
                                    <taxonRankValue>Altingiaceae</taxonRankValue>
                                </taxonomicClassification>
                                <taxonomicClassification>
                                    <taxonRankValue>Amaranthaceae</taxonRankValue>
                                </taxonomicClassification>
                                <taxonomicClassification>
                                    <taxonRankValue>Amaryllidaceae</taxonRankValue>
                                </taxonomicClassification>
                                <taxonomicClassification>
                                    <taxonRankValue>Anacardiaceae</taxonRankValue>
                                </taxonomicClassification>
                                <taxonomicClassification>
                                    <taxonRankValue>Anemiaceae</taxonRankValue>
                                </taxonomicClassification>
                                <taxonomicClassification>
                                    <taxonRankValue>Annonaceae</taxonRankValue>
                                </taxonomicClassification>
                                <taxonomicClassification>
                                    <taxonRankValue>Apiaceae</taxonRankValue>
                                </taxonomicClassification>
                                <taxonomicClassification>
                                    <taxonRankValue>Apocynaceae</taxonRankValue>
                                </taxonomicClassification>
                                <taxonomicClassification>
                                    <taxonRankValue>Aquifoliaceae</taxonRankValue>
                                </taxonomicClassification>
                                <taxonomicClassification>
                                    <taxonRankValue>Araceae</taxonRankValue>
                                </taxonomicClassification>
                                <taxonomicClassification>
                                    <taxonRankValue>Araliaceae</taxonRankValue>
                                </taxonomicClassification>
                                <taxonomicClassification>
                                    <taxonRankValue>Araucariaceae</taxonRankValue>
                                </taxonomicClassification>
                                <taxonomicClassification>
                                    <taxonRankValue>Arecaceae</taxonRankValue>
                                </taxonomicClassification>
                                <taxonomicClassification>
                                    <taxonRankValue>Aristolochiaceae</taxonRankValue>
                                </taxonomicClassification>
                                <taxonomicClassification>
                                    <taxonRankValue>Arthoniaceae</taxonRankValue>
                                </taxonomicClassification>
                                <taxonomicClassification>
                                    <taxonRankValue>Asparagaceae</taxonRankValue>
                                </taxonomicClassification>
                                <taxonomicClassification>
                                    <taxonRankValue>Aspleniaceae</taxonRankValue>
                                </taxonomicClassification>
                                <taxonomicClassification>
                                    <taxonRankValue>Asteraceae</taxonRankValue>
                                </taxonomicClassification>
                                <taxonomicClassification>
                                    <taxonRankValue>Athyriaceae</taxonRankValue>
                                </taxonomicClassification>
                                <taxonomicClassification>
                                    <taxonRankValue>Aytoniaceae</taxonRankValue>
                                </taxonomicClassification>
                                <taxonomicClassification>
                                    <taxonRankValue>Baeomycetaceae</taxonRankValue>
                                </taxonomicClassification>
                                <taxonomicClassification>
                                    <taxonRankValue>Balanophoraceae</taxonRankValue>
                                </taxonomicClassification>
                                <taxonomicClassification>
                                    <taxonRankValue>Balsaminaceae</taxonRankValue>
                                </taxonomicClassification>
                                <taxonomicClassification>
                                    <taxonRankValue>Bartramiaceae</taxonRankValue>
                                </taxonomicClassification>
                                <taxonomicClassification>
                                    <taxonRankValue>Basellaceae</taxonRankValue>
                                </taxonomicClassification>
                                <taxonomicClassification>
                                    <taxonRankValue>Begoniaceae</taxonRankValue>
                                </taxonomicClassification>
                                <taxonomicClassification>
                                    <taxonRankValue>Berberidaceae</taxonRankValue>
                                </taxonomicClassification>
                                <taxonomicClassification>
                                    <taxonRankValue>Betulaceae</taxonRankValue>
                                </taxonomicClassification>
                                <taxonomicClassification>
                                    <taxonRankValue>Bignoniaceae</taxonRankValue>
                                </taxonomicClassification>
                                <taxonomicClassification>
                                    <taxonRankValue>Bixaceae</taxonRankValue>
                                </taxonomicClassification>
                                <taxonomicClassification>
                                    <taxonRankValue>Blechnaceae</taxonRankValue>
                                </taxonomicClassification>
                                <taxonomicClassification>
                                    <taxonRankValue>Boraginaceae</taxonRankValue>
                                </taxonomicClassification>
                                <taxonomicClassification>
                                    <taxonRankValue>Brassicaceae</taxonRankValue>
                                </taxonomicClassification>
                                <taxonomicClassification>
                                    <taxonRankValue>Bromeliaceae</taxonRankValue>
                                </taxonomicClassification>
                                <taxonomicClassification>
                                    <taxonRankValue>Brunelliaceae</taxonRankValue>
                                </taxonomicClassification>
                                <taxonomicClassification>
                                    <taxonRankValue>Bryaceae</taxonRankValue>
                                </taxonomicClassification>
                                <taxonomicClassification>
                                    <taxonRankValue>Burmanniaceae</taxonRankValue>
                                </taxonomicClassification>
                                <taxonomicClassification>
                                    <taxonRankValue>Burseraceae</taxonRankValue>
                                </taxonomicClassification>
                                <taxonomicClassification>
                                    <taxonRankValue>Buxaceae</taxonRankValue>
                                </taxonomicClassification>
                                <taxonomicClassification>
                                    <taxonRankValue>Cactaceae</taxonRankValue>
                                </taxonomicClassification>
                                <taxonomicClassification>
                                    <taxonRankValue>Calceolariaceae</taxonRankValue>
                                </taxonomicClassification>
                                <taxonomicClassification>
                                    <taxonRankValue>Calophyllaceae</taxonRankValue>
                                </taxonomicClassification>
                                <taxonomicClassification>
                                    <taxonRankValue>Campanulaceae</taxonRankValue>
                                </taxonomicClassification>
                                <taxonomicClassification>
                                    <taxonRankValue>Candelariaceae</taxonRankValue>
                                </taxonomicClassification>
                                <taxonomicClassification>
                                    <taxonRankValue>Cannabaceae</taxonRankValue>
                                </taxonomicClassification>
                                <taxonomicClassification>
                                    <taxonRankValue>Cannaceae</taxonRankValue>
                                </taxonomicClassification>
                                <taxonomicClassification>
                                    <taxonRankValue>Capparaceae</taxonRankValue>
                                </taxonomicClassification>
                                <taxonomicClassification>
                                    <taxonRankValue>Caprifoliaceae</taxonRankValue>
                                </taxonomicClassification>
                                <taxonomicClassification>
                                    <taxonRankValue>Cardiopteridaceae</taxonRankValue>
                                </taxonomicClassification>
                                <taxonomicClassification>
                                    <taxonRankValue>Caricaceae</taxonRankValue>
                                </taxonomicClassification>
                                <taxonomicClassification>
                                    <taxonRankValue>Caryocaraceae</taxonRankValue>
                                </taxonomicClassification>
                                <taxonomicClassification>
                                    <taxonRankValue>Caryophyllaceae</taxonRankValue>
                                </taxonomicClassification>
                                <taxonomicClassification>
                                    <taxonRankValue>Casuarinaceae</taxonRankValue>
                                </taxonomicClassification>
                                <taxonomicClassification>
                                    <taxonRankValue>Celastraceae</taxonRankValue>
                                </taxonomicClassification>
                                <taxonomicClassification>
                                    <taxonRankValue>Chloranthaceae</taxonRankValue>
                                </taxonomicClassification>
                                <taxonomicClassification>
                                    <taxonRankValue>Chrysobalanaceae</taxonRankValue>
                                </taxonomicClassification>
                                <taxonomicClassification>
                                    <taxonRankValue>Cladoniaceae</taxonRankValue>
                                </taxonomicClassification>
                                <taxonomicClassification>
                                    <taxonRankValue>Clavulinaceae</taxonRankValue>
                                </taxonomicClassification>
                                <taxonomicClassification>
                                    <taxonRankValue>Cleomaceae</taxonRankValue>
                                </taxonomicClassification>
                                <taxonomicClassification>
                                    <taxonRankValue>Clethraceae</taxonRankValue>
                                </taxonomicClassification>
                                <taxonomicClassification>
                                    <taxonRankValue>Clusiaceae</taxonRankValue>
                                </taxonomicClassification>
                                <taxonomicClassification>
                                    <taxonRankValue>Coccocarpiaceae</taxonRankValue>
                                </taxonomicClassification>
                                <taxonomicClassification>
                                    <taxonRankValue>Cochlospermaceae</taxonRankValue>
                                </taxonomicClassification>
                                <taxonomicClassification>
                                    <taxonRankValue>Coenogoniaceae</taxonRankValue>
                                </taxonomicClassification>
                                <taxonomicClassification>
                                    <taxonRankValue>Colchicaceae</taxonRankValue>
                                </taxonomicClassification>
                                <taxonomicClassification>
                                    <taxonRankValue>Collemataceae</taxonRankValue>
                                </taxonomicClassification>
                                <taxonomicClassification>
                                    <taxonRankValue>Columelliaceae</taxonRankValue>
                                </taxonomicClassification>
                                <taxonomicClassification>
                                    <taxonRankValue>Combretaceae</taxonRankValue>
                                </taxonomicClassification>
                                <taxonomicClassification>
                                    <taxonRankValue>Commelinaceae</taxonRankValue>
                                </taxonomicClassification>
                                <taxonomicClassification>
                                    <taxonRankValue>Connaraceae</taxonRankValue>
                                </taxonomicClassification>
                                <taxonomicClassification>
                                    <taxonRankValue>Convolvulaceae</taxonRankValue>
                                </taxonomicClassification>
                                <taxonomicClassification>
                                    <taxonRankValue>Coriariaceae</taxonRankValue>
                                </taxonomicClassification>
                                <taxonomicClassification>
                                    <taxonRankValue>Cornaceae</taxonRankValue>
                                </taxonomicClassification>
                                <taxonomicClassification>
                                    <taxonRankValue>Corticiaceae</taxonRankValue>
                                </taxonomicClassification>
                                <taxonomicClassification>
                                    <taxonRankValue>Costaceae</taxonRankValue>
                                </taxonomicClassification>
                                <taxonomicClassification>
                                    <taxonRankValue>Crassulaceae</taxonRankValue>
                                </taxonomicClassification>
                                <taxonomicClassification>
                                    <taxonRankValue>Crocyniaceae</taxonRankValue>
                                </taxonomicClassification>
                                <taxonomicClassification>
                                    <taxonRankValue>Cucurbitaceae</taxonRankValue>
                                </taxonomicClassification>
                                <taxonomicClassification>
                                    <taxonRankValue>Culcitaceae</taxonRankValue>
                                </taxonomicClassification>
                                <taxonomicClassification>
                                    <taxonRankValue>Cunoniaceae</taxonRankValue>
                                </taxonomicClassification>
                                <taxonomicClassification>
                                    <taxonRankValue>Cupressaceae</taxonRankValue>
                                </taxonomicClassification>
                                <taxonomicClassification>
                                    <taxonRankValue>Cyatheaceae</taxonRankValue>
                                </taxonomicClassification>
                                <taxonomicClassification>
                                    <taxonRankValue>Cycadaceae</taxonRankValue>
                                </taxonomicClassification>
                                <taxonomicClassification>
                                    <taxonRankValue>Cyclanthaceae</taxonRankValue>
                                </taxonomicClassification>
                                <taxonomicClassification>
                                    <taxonRankValue>Cyperaceae</taxonRankValue>
                                </taxonomicClassification>
                                <taxonomicClassification>
                                    <taxonRankValue>Cystopteridaceae</taxonRankValue>
                                </taxonomicClassification>
                                <taxonomicClassification>
                                    <taxonRankValue>Dennstaedtiaceae</taxonRankValue>
                                </taxonomicClassification>
                                <taxonomicClassification>
                                    <taxonRankValue>Dichapetalaceae</taxonRankValue>
                                </taxonomicClassification>
                                <taxonomicClassification>
                                    <taxonRankValue>Dicksoniaceae</taxonRankValue>
                                </taxonomicClassification>
                                <taxonomicClassification>
                                    <taxonRankValue>Dicranaceae</taxonRankValue>
                                </taxonomicClassification>
                                <taxonomicClassification>
                                    <taxonRankValue>Dilleniaceae</taxonRankValue>
                                </taxonomicClassification>
                                <taxonomicClassification>
                                    <taxonRankValue>Dioscoreaceae</taxonRankValue>
                                </taxonomicClassification>
                                <taxonomicClassification>
                                    <taxonRankValue>Dipentodontaceae</taxonRankValue>
                                </taxonomicClassification>
                                <taxonomicClassification>
                                    <taxonRankValue>Dipsacaceae</taxonRankValue>
                                </taxonomicClassification>
                                <taxonomicClassification>
                                    <taxonRankValue>Dryopteridaceae</taxonRankValue>
                                </taxonomicClassification>
                                <taxonomicClassification>
                                    <taxonRankValue>Ebenaceae</taxonRankValue>
                                </taxonomicClassification>
                                <taxonomicClassification>
                                    <taxonRankValue>Elaeocarpaceae</taxonRankValue>
                                </taxonomicClassification>
                                <taxonomicClassification>
                                    <taxonRankValue>Ellipsolagenidae</taxonRankValue>
                                </taxonomicClassification>
                                <taxonomicClassification>
                                    <taxonRankValue>Equisetaceae</taxonRankValue>
                                </taxonomicClassification>
                                <taxonomicClassification>
                                    <taxonRankValue>Ericaceae</taxonRankValue>
                                </taxonomicClassification>
                                <taxonomicClassification>
                                    <taxonRankValue>Eriocaulaceae</taxonRankValue>
                                </taxonomicClassification>
                                <taxonomicClassification>
                                    <taxonRankValue>Erythropalaceae</taxonRankValue>
                                </taxonomicClassification>
                                <taxonomicClassification>
                                    <taxonRankValue>Erythroxylaceae</taxonRankValue>
                                </taxonomicClassification>
                                <taxonomicClassification>
                                    <taxonRankValue>Escalloniaceae</taxonRankValue>
                                </taxonomicClassification>
                                <taxonomicClassification>
                                    <taxonRankValue>Euphorbiaceae</taxonRankValue>
                                </taxonomicClassification>
                                <taxonomicClassification>
                                    <taxonRankValue>Fabaceae</taxonRankValue>
                                </taxonomicClassification>
                                <taxonomicClassification>
                                    <taxonRankValue>Fagaceae</taxonRankValue>
                                </taxonomicClassification>
                                <taxonomicClassification>
                                    <taxonRankValue>Frullaniaceae</taxonRankValue>
                                </taxonomicClassification>
                                <taxonomicClassification>
                                    <taxonRankValue>Gentianaceae</taxonRankValue>
                                </taxonomicClassification>
                                <taxonomicClassification>
                                    <taxonRankValue>Geraniaceae</taxonRankValue>
                                </taxonomicClassification>
                                <taxonomicClassification>
                                    <taxonRankValue>Gesneriaceae</taxonRankValue>
                                </taxonomicClassification>
                                <taxonomicClassification>
                                    <taxonRankValue>Ginkgoaceae</taxonRankValue>
                                </taxonomicClassification>
                                <taxonomicClassification>
                                    <taxonRankValue>Gleicheniaceae</taxonRankValue>
                                </taxonomicClassification>
                                <taxonomicClassification>
                                    <taxonRankValue>Gomphillaceae</taxonRankValue>
                                </taxonomicClassification>
                                <taxonomicClassification>
                                    <taxonRankValue>Gordoniaceae</taxonRankValue>
                                </taxonomicClassification>
                                <taxonomicClassification>
                                    <taxonRankValue>Graphidaceae</taxonRankValue>
                                </taxonomicClassification>
                                <taxonomicClassification>
                                    <taxonRankValue>Grossulariaceae</taxonRankValue>
                                </taxonomicClassification>
                                <taxonomicClassification>
                                    <taxonRankValue>Gunneraceae</taxonRankValue>
                                </taxonomicClassification>
                                <taxonomicClassification>
                                    <taxonRankValue>Haematommataceae</taxonRankValue>
                                </taxonomicClassification>
                                <taxonomicClassification>
                                    <taxonRankValue>Haemodoraceae</taxonRankValue>
                                </taxonomicClassification>
                                <taxonomicClassification>
                                    <taxonRankValue>Hamamelidaceae</taxonRankValue>
                                </taxonomicClassification>
                                <taxonomicClassification>
                                    <taxonRankValue>Heliconiaceae</taxonRankValue>
                                </taxonomicClassification>
                                <taxonomicClassification>
                                    <taxonRankValue>Herbertaceae</taxonRankValue>
                                </taxonomicClassification>
                                <taxonomicClassification>
                                    <taxonRankValue>Hydrangeaceae</taxonRankValue>
                                </taxonomicClassification>
                                <taxonomicClassification>
                                    <taxonRankValue>Hydrocharitaceae</taxonRankValue>
                                </taxonomicClassification>
                                <taxonomicClassification>
                                    <taxonRankValue>Hymenophyllaceae</taxonRankValue>
                                </taxonomicClassification>
                                <taxonomicClassification>
                                    <taxonRankValue>Hypericaceae</taxonRankValue>
                                </taxonomicClassification>
                                <taxonomicClassification>
                                    <taxonRankValue>Hypodematiaceae</taxonRankValue>
                                </taxonomicClassification>
                                <taxonomicClassification>
                                    <taxonRankValue>Hypoxidaceae</taxonRankValue>
                                </taxonomicClassification>
                                <taxonomicClassification>
                                    <taxonRankValue>Icacinaceae</taxonRankValue>
                                </taxonomicClassification>
                                <taxonomicClassification>
                                    <taxonRankValue>Icmadophilaceae</taxonRankValue>
                                </taxonomicClassification>
                                <taxonomicClassification>
                                    <taxonRankValue>Iridaceae</taxonRankValue>
                                </taxonomicClassification>
                                <taxonomicClassification>
                                    <taxonRankValue>Isoetaceae</taxonRankValue>
                                </taxonomicClassification>
                                <taxonomicClassification>
                                    <taxonRankValue>Jamesoniellaceae</taxonRankValue>
                                </taxonomicClassification>
                                <taxonomicClassification>
                                    <taxonRankValue>Juglandaceae</taxonRankValue>
                                </taxonomicClassification>
                                <taxonomicClassification>
                                    <taxonRankValue>Juncaceae</taxonRankValue>
                                </taxonomicClassification>
                                <taxonomicClassification>
                                    <taxonRankValue>Lacistemataceae</taxonRankValue>
                                </taxonomicClassification>
                                <taxonomicClassification>
                                    <taxonRankValue>Lamiaceae</taxonRankValue>
                                </taxonomicClassification>
                                <taxonomicClassification>
                                    <taxonRankValue>Lauraceae</taxonRankValue>
                                </taxonomicClassification>
                                <taxonomicClassification>
                                    <taxonRankValue>Lecanoraceae</taxonRankValue>
                                </taxonomicClassification>
                                <taxonomicClassification>
                                    <taxonRankValue>Lecythidaceae</taxonRankValue>
                                </taxonomicClassification>
                                <taxonomicClassification>
                                    <taxonRankValue>Lejeuneaceae</taxonRankValue>
                                </taxonomicClassification>
                                <taxonomicClassification>
                                    <taxonRankValue>Lentibulariaceae</taxonRankValue>
                                </taxonomicClassification>
                                <taxonomicClassification>
                                    <taxonRankValue>Lepidostromataceae</taxonRankValue>
                                </taxonomicClassification>
                                <taxonomicClassification>
                                    <taxonRankValue>Letrouitiaceae</taxonRankValue>
                                </taxonomicClassification>
                                <taxonomicClassification>
                                    <taxonRankValue>Liliaceae</taxonRankValue>
                                </taxonomicClassification>
                                <taxonomicClassification>
                                    <taxonRankValue>Linaceae</taxonRankValue>
                                </taxonomicClassification>
                                <taxonomicClassification>
                                    <taxonRankValue>Lindsaeaceae</taxonRankValue>
                                </taxonomicClassification>
                                <taxonomicClassification>
                                    <taxonRankValue>Loasaceae</taxonRankValue>
                                </taxonomicClassification>
                                <taxonomicClassification>
                                    <taxonRankValue>Lobariaceae</taxonRankValue>
                                </taxonomicClassification>
                                <taxonomicClassification>
                                    <taxonRankValue>Loganiaceae</taxonRankValue>
                                </taxonomicClassification>
                                <taxonomicClassification>
                                    <taxonRankValue>Loranthaceae</taxonRankValue>
                                </taxonomicClassification>
                                <taxonomicClassification>
                                    <taxonRankValue>Lycopodiaceae</taxonRankValue>
                                </taxonomicClassification>
                                <taxonomicClassification>
                                    <taxonRankValue>Lygodiaceae</taxonRankValue>
                                </taxonomicClassification>
                                <taxonomicClassification>
                                    <taxonRankValue>Lythraceae</taxonRankValue>
                                </taxonomicClassification>
                                <taxonomicClassification>
                                    <taxonRankValue>Magnoliaceae</taxonRankValue>
                                </taxonomicClassification>
                                <taxonomicClassification>
                                    <taxonRankValue>Malmideaceae</taxonRankValue>
                                </taxonomicClassification>
                                <taxonomicClassification>
                                    <taxonRankValue>Malpighiaceae</taxonRankValue>
                                </taxonomicClassification>
                                <taxonomicClassification>
                                    <taxonRankValue>Malvaceae</taxonRankValue>
                                </taxonomicClassification>
                                <taxonomicClassification>
                                    <taxonRankValue>Marantaceae</taxonRankValue>
                                </taxonomicClassification>
                                <taxonomicClassification>
                                    <taxonRankValue>Marattiaceae</taxonRankValue>
                                </taxonomicClassification>
                                <taxonomicClassification>
                                    <taxonRankValue>Marcgraviaceae</taxonRankValue>
                                </taxonomicClassification>
                                <taxonomicClassification>
                                    <taxonRankValue>Megalosporaceae</taxonRankValue>
                                </taxonomicClassification>
                                <taxonomicClassification>
                                    <taxonRankValue>Melastomataceae</taxonRankValue>
                                </taxonomicClassification>
                                <taxonomicClassification>
                                    <taxonRankValue>Meliaceae</taxonRankValue>
                                </taxonomicClassification>
                                <taxonomicClassification>
                                    <taxonRankValue>Menispermaceae</taxonRankValue>
                                </taxonomicClassification>
                                <taxonomicClassification>
                                    <taxonRankValue>Micropeltidaceae</taxonRankValue>
                                </taxonomicClassification>
                                <taxonomicClassification>
                                    <taxonRankValue>Microteaceae</taxonRankValue>
                                </taxonomicClassification>
                                <taxonomicClassification>
                                    <taxonRankValue>Monimiaceae</taxonRankValue>
                                </taxonomicClassification>
                                <taxonomicClassification>
                                    <taxonRankValue>Monoblastiaceae</taxonRankValue>
                                </taxonomicClassification>
                                <taxonomicClassification>
                                    <taxonRankValue>Moraceae</taxonRankValue>
                                </taxonomicClassification>
                                <taxonomicClassification>
                                    <taxonRankValue>Muntingiaceae</taxonRankValue>
                                </taxonomicClassification>
                                <taxonomicClassification>
                                    <taxonRankValue>Musaceae</taxonRankValue>
                                </taxonomicClassification>
                                <taxonomicClassification>
                                    <taxonRankValue>Myricaceae</taxonRankValue>
                                </taxonomicClassification>
                                <taxonomicClassification>
                                    <taxonRankValue>Myristicaceae</taxonRankValue>
                                </taxonomicClassification>
                                <taxonomicClassification>
                                    <taxonRankValue>Myrtaceae</taxonRankValue>
                                </taxonomicClassification>
                                <taxonomicClassification>
                                    <taxonRankValue>Neckeraceae</taxonRankValue>
                                </taxonomicClassification>
                                <taxonomicClassification>
                                    <taxonRankValue>Nelumbonaceae</taxonRankValue>
                                </taxonomicClassification>
                                <taxonomicClassification>
                                    <taxonRankValue>Nephrolepidaceae</taxonRankValue>
                                </taxonomicClassification>
                                <taxonomicClassification>
                                    <taxonRankValue>Nostocaceae</taxonRankValue>
                                </taxonomicClassification>
                                <taxonomicClassification>
                                    <taxonRankValue>Not assigned</taxonRankValue>
                                </taxonomicClassification>
                                <taxonomicClassification>
                                    <taxonRankValue>Nyctaginaceae</taxonRankValue>
                                </taxonomicClassification>
                                <taxonomicClassification>
                                    <taxonRankValue>Nymphaeaceae</taxonRankValue>
                                </taxonomicClassification>
                                <taxonomicClassification>
                                    <taxonRankValue>Ochnaceae</taxonRankValue>
                                </taxonomicClassification>
                                <taxonomicClassification>
                                    <taxonRankValue>Ochrolechiaceae</taxonRankValue>
                                </taxonomicClassification>
                                <taxonomicClassification>
                                    <taxonRankValue>Oleaceae</taxonRankValue>
                                </taxonomicClassification>
                                <taxonomicClassification>
                                    <taxonRankValue>Onagraceae</taxonRankValue>
                                </taxonomicClassification>
                                <taxonomicClassification>
                                    <taxonRankValue>Orchidaceae</taxonRankValue>
                                </taxonomicClassification>
                                <taxonomicClassification>
                                    <taxonRankValue>Orobanchaceae</taxonRankValue>
                                </taxonomicClassification>
                                <taxonomicClassification>
                                    <taxonRankValue>Orthotrichaceae</taxonRankValue>
                                </taxonomicClassification>
                                <taxonomicClassification>
                                    <taxonRankValue>Oxalidaceae</taxonRankValue>
                                </taxonomicClassification>
                                <taxonomicClassification>
                                    <taxonRankValue>Paeoniaceae</taxonRankValue>
                                </taxonomicClassification>
                                <taxonomicClassification>
                                    <taxonRankValue>Pallaviciniaceae</taxonRankValue>
                                </taxonomicClassification>
                                <taxonomicClassification>
                                    <taxonRankValue>Pannariaceae</taxonRankValue>
                                </taxonomicClassification>
                                <taxonomicClassification>
                                    <taxonRankValue>Papaveraceae</taxonRankValue>
                                </taxonomicClassification>
                                <taxonomicClassification>
                                    <taxonRankValue>Parmeliaceae</taxonRankValue>
                                </taxonomicClassification>
                                <taxonomicClassification>
                                    <taxonRankValue>Passifloraceae</taxonRankValue>
                                </taxonomicClassification>
                                <taxonomicClassification>
                                    <taxonRankValue>Pedaliaceae</taxonRankValue>
                                </taxonomicClassification>
                                <taxonomicClassification>
                                    <taxonRankValue>Pellicieraceae</taxonRankValue>
                                </taxonomicClassification>
                                <taxonomicClassification>
                                    <taxonRankValue>Peltigeraceae</taxonRankValue>
                                </taxonomicClassification>
                                <taxonomicClassification>
                                    <taxonRankValue>Pentaphylacaceae</taxonRankValue>
                                </taxonomicClassification>
                                <taxonomicClassification>
                                    <taxonRankValue>Peraceae</taxonRankValue>
                                </taxonomicClassification>
                                <taxonomicClassification>
                                    <taxonRankValue>Pertusariaceae</taxonRankValue>
                                </taxonomicClassification>
                                <taxonomicClassification>
                                    <taxonRankValue>Phrymaceae</taxonRankValue>
                                </taxonomicClassification>
                                <taxonomicClassification>
                                    <taxonRankValue>Phyllanthaceae</taxonRankValue>
                                </taxonomicClassification>
                                <taxonomicClassification>
                                    <taxonRankValue>Physciaceae</taxonRankValue>
                                </taxonomicClassification>
                                <taxonomicClassification>
                                    <taxonRankValue>Physenaceae</taxonRankValue>
                                </taxonomicClassification>
                                <taxonomicClassification>
                                    <taxonRankValue>Phytolaccaceae</taxonRankValue>
                                </taxonomicClassification>
                                <taxonomicClassification>
                                    <taxonRankValue>Picramniaceae</taxonRankValue>
                                </taxonomicClassification>
                                <taxonomicClassification>
                                    <taxonRankValue>Pilocarpaceae</taxonRankValue>
                                </taxonomicClassification>
                                <taxonomicClassification>
                                    <taxonRankValue>Pinaceae</taxonRankValue>
                                </taxonomicClassification>
                                <taxonomicClassification>
                                    <taxonRankValue>Piperaceae</taxonRankValue>
                                </taxonomicClassification>
                                <taxonomicClassification>
                                    <taxonRankValue>Pittosporaceae</taxonRankValue>
                                </taxonomicClassification>
                                <taxonomicClassification>
                                    <taxonRankValue>Plagiochilaceae</taxonRankValue>
                                </taxonomicClassification>
                                <taxonomicClassification>
                                    <taxonRankValue>Plagiogyriaceae</taxonRankValue>
                                </taxonomicClassification>
                                <taxonomicClassification>
                                    <taxonRankValue>Plantaginaceae</taxonRankValue>
                                </taxonomicClassification>
                                <taxonomicClassification>
                                    <taxonRankValue>Platanaceae</taxonRankValue>
                                </taxonomicClassification>
                                <taxonomicClassification>
                                    <taxonRankValue>Plumbaginaceae</taxonRankValue>
                                </taxonomicClassification>
                                <taxonomicClassification>
                                    <taxonRankValue>Poaceae</taxonRankValue>
                                </taxonomicClassification>
                                <taxonomicClassification>
                                    <taxonRankValue>Podocarpaceae</taxonRankValue>
                                </taxonomicClassification>
                                <taxonomicClassification>
                                    <taxonRankValue>Polemoniaceae</taxonRankValue>
                                </taxonomicClassification>
                                <taxonomicClassification>
                                    <taxonRankValue>Polygalaceae</taxonRankValue>
                                </taxonomicClassification>
                                <taxonomicClassification>
                                    <taxonRankValue>Polygonaceae</taxonRankValue>
                                </taxonomicClassification>
                                <taxonomicClassification>
                                    <taxonRankValue>Polypodiaceae</taxonRankValue>
                                </taxonomicClassification>
                                <taxonomicClassification>
                                    <taxonRankValue>Portulacaceae</taxonRankValue>
                                </taxonomicClassification>
                                <taxonomicClassification>
                                    <taxonRankValue>Pottiaceae</taxonRankValue>
                                </taxonomicClassification>
                                <taxonomicClassification>
                                    <taxonRankValue>Primulaceae</taxonRankValue>
                                </taxonomicClassification>
                                <taxonomicClassification>
                                    <taxonRankValue>Proteaceae</taxonRankValue>
                                </taxonomicClassification>
                                <taxonomicClassification>
                                    <taxonRankValue>Pteridaceae</taxonRankValue>
                                </taxonomicClassification>
                                <taxonomicClassification>
                                    <taxonRankValue>Pterobryaceae</taxonRankValue>
                                </taxonomicClassification>
                                <taxonomicClassification>
                                    <taxonRankValue>Putranjivaceae</taxonRankValue>
                                </taxonomicClassification>
                                <taxonomicClassification>
                                    <taxonRankValue>Pyrenulaceae</taxonRankValue>
                                </taxonomicClassification>
                                <taxonomicClassification>
                                    <taxonRankValue>Ramalinaceae</taxonRankValue>
                                </taxonomicClassification>
                                <taxonomicClassification>
                                    <taxonRankValue>Ranunculaceae</taxonRankValue>
                                </taxonomicClassification>
                                <taxonomicClassification>
                                    <taxonRankValue>Resedaceae</taxonRankValue>
                                </taxonomicClassification>
                                <taxonomicClassification>
                                    <taxonRankValue>Rhamnaceae</taxonRankValue>
                                </taxonomicClassification>
                                <taxonomicClassification>
                                    <taxonRankValue>Rhizocarpaceae</taxonRankValue>
                                </taxonomicClassification>
                                <taxonomicClassification>
                                    <taxonRankValue>Rhizophoraceae</taxonRankValue>
                                </taxonomicClassification>
                                <taxonomicClassification>
                                    <taxonRankValue>Ricciaceae</taxonRankValue>
                                </taxonomicClassification>
                                <taxonomicClassification>
                                    <taxonRankValue>Roccellaceae</taxonRankValue>
                                </taxonomicClassification>
                                <taxonomicClassification>
                                    <taxonRankValue>Rosaceae</taxonRankValue>
                                </taxonomicClassification>
                                <taxonomicClassification>
                                    <taxonRankValue>Rubiaceae</taxonRankValue>
                                </taxonomicClassification>
                                <taxonomicClassification>
                                    <taxonRankValue>Rutaceae</taxonRankValue>
                                </taxonomicClassification>
                                <taxonomicClassification>
                                    <taxonRankValue>Sabiaceae</taxonRankValue>
                                </taxonomicClassification>
                                <taxonomicClassification>
                                    <taxonRankValue>Saccolomataceae</taxonRankValue>
                                </taxonomicClassification>
                                <taxonomicClassification>
                                    <taxonRankValue>Salicaceae</taxonRankValue>
                                </taxonomicClassification>
                                <taxonomicClassification>
                                    <taxonRankValue>Santalaceae</taxonRankValue>
                                </taxonomicClassification>
                                <taxonomicClassification>
                                    <taxonRankValue>Sapindaceae</taxonRankValue>
                                </taxonomicClassification>
                                <taxonomicClassification>
                                    <taxonRankValue>Sapotaceae</taxonRankValue>
                                </taxonomicClassification>
                                <taxonomicClassification>
                                    <taxonRankValue>Saxifragaceae</taxonRankValue>
                                </taxonomicClassification>
                                <taxonomicClassification>
                                    <taxonRankValue>Schlegeliaceae</taxonRankValue>
                                </taxonomicClassification>
                                <taxonomicClassification>
                                    <taxonRankValue>Scrophulariaceae</taxonRankValue>
                                </taxonomicClassification>
                                <taxonomicClassification>
                                    <taxonRankValue>Scytonemataceae</taxonRankValue>
                                </taxonomicClassification>
                                <taxonomicClassification>
                                    <taxonRankValue>Selaginellaceae</taxonRankValue>
                                </taxonomicClassification>
                                <taxonomicClassification>
                                    <taxonRankValue>Simaroubaceae</taxonRankValue>
                                </taxonomicClassification>
                                <taxonomicClassification>
                                    <taxonRankValue>Siparunaceae</taxonRankValue>
                                </taxonomicClassification>
                                <taxonomicClassification>
                                    <taxonRankValue>Smilacaceae</taxonRankValue>
                                </taxonomicClassification>
                                <taxonomicClassification>
                                    <taxonRankValue>Solanaceae</taxonRankValue>
                                </taxonomicClassification>
                                <taxonomicClassification>
                                    <taxonRankValue>Sphaerophoraceae</taxonRankValue>
                                </taxonomicClassification>
                                <taxonomicClassification>
                                    <taxonRankValue>Sphagnaceae</taxonRankValue>
                                </taxonomicClassification>
                                <taxonomicClassification>
                                    <taxonRankValue>Staphyleaceae</taxonRankValue>
                                </taxonomicClassification>
                                <taxonomicClassification>
                                    <taxonRankValue>Stemonuraceae</taxonRankValue>
                                </taxonomicClassification>
                                <taxonomicClassification>
                                    <taxonRankValue>Stereocaulaceae</taxonRankValue>
                                </taxonomicClassification>
                                <taxonomicClassification>
                                    <taxonRankValue>Strelitziaceae</taxonRankValue>
                                </taxonomicClassification>
                                <taxonomicClassification>
                                    <taxonRankValue>Strigulaceae</taxonRankValue>
                                </taxonomicClassification>
                                <taxonomicClassification>
                                    <taxonRankValue>Strombosiaceae</taxonRankValue>
                                </taxonomicClassification>
                                <taxonomicClassification>
                                    <taxonRankValue>Styracaceae</taxonRankValue>
                                </taxonomicClassification>
                                <taxonomicClassification>
                                    <taxonRankValue>Symplocaceae</taxonRankValue>
                                </taxonomicClassification>
                                <taxonomicClassification>
                                    <taxonRankValue>Talinaceae</taxonRankValue>
                                </taxonomicClassification>
                                <taxonomicClassification>
                                    <taxonRankValue>Tapisciaceae</taxonRankValue>
                                </taxonomicClassification>
                                <taxonomicClassification>
                                    <taxonRankValue>Tectariaceae</taxonRankValue>
                                </taxonomicClassification>
                                <taxonomicClassification>
                                    <taxonRankValue>Teloschistaceae</taxonRankValue>
                                </taxonomicClassification>
                                <taxonomicClassification>
                                    <taxonRankValue>Theaceae</taxonRankValue>
                                </taxonomicClassification>
                                <taxonomicClassification>
                                    <taxonRankValue>Thelotremataceae</taxonRankValue>
                                </taxonomicClassification>
                                <taxonomicClassification>
                                    <taxonRankValue>Thelypteridaceae</taxonRankValue>
                                </taxonomicClassification>
                                <taxonomicClassification>
                                    <taxonRankValue>Thymelaeaceae</taxonRankValue>
                                </taxonomicClassification>
                                <taxonomicClassification>
                                    <taxonRankValue>Tovariaceae</taxonRankValue>
                                </taxonomicClassification>
                                <taxonomicClassification>
                                    <taxonRankValue>Trentepohliaceae</taxonRankValue>
                                </taxonomicClassification>
                                <taxonomicClassification>
                                    <taxonRankValue>Trichocoleaceae</taxonRankValue>
                                </taxonomicClassification>
                                <taxonomicClassification>
                                    <taxonRankValue>Tropaeolaceae</taxonRankValue>
                                </taxonomicClassification>
                                <taxonomicClassification>
                                    <taxonRankValue>Trypetheliaceae</taxonRankValue>
                                </taxonomicClassification>
                                <taxonomicClassification>
                                    <taxonRankValue>Typhaceae</taxonRankValue>
                                </taxonomicClassification>
                                <taxonomicClassification>
                                    <taxonRankValue>Umbilicariaceae</taxonRankValue>
                                </taxonomicClassification>
                                <taxonomicClassification>
                                    <taxonRankValue>Urticaceae</taxonRankValue>
                                </taxonomicClassification>
                                <taxonomicClassification>
                                    <taxonRankValue>Verbenaceae</taxonRankValue>
                                </taxonomicClassification>
                                <taxonomicClassification>
                                    <taxonRankValue>Verrucariaceae</taxonRankValue>
                                </taxonomicClassification>
                                <taxonomicClassification>
                                    <taxonRankValue>Violaceae</taxonRankValue>
                                </taxonomicClassification>
                                <taxonomicClassification>
                                    <taxonRankValue>Vitaceae</taxonRankValue>
                                </taxonomicClassification>
                                <taxonomicClassification>
                                    <taxonRankValue>Vochysiaceae</taxonRankValue>
                                </taxonomicClassification>
                                <taxonomicClassification>
                                    <taxonRankValue>Winteraceae</taxonRankValue>
                                </taxonomicClassification>
                                <taxonomicClassification>
                                    <taxonRankValue>Xanthorrhoeaceae</taxonRankValue>
                                </taxonomicClassification>
                                <taxonomicClassification>
                                    <taxonRankValue>Zamiaceae</taxonRankValue>
                                </taxonomicClassification>
                                <taxonomicClassification>
                                    <taxonRankValue>Zingiberaceae</taxonRankValue>
                                </taxonomicClassification>
                                <taxonomicClassification>
                                    <taxonRankValue>Zygophyllaceae</taxonRankValue>
                                </taxonomicClassification>
                        </taxonomicCoverage>
            </coverage>
            <purpose>
                <para>El objetivo es consolidar toda la información del herbario FAUC en una base de datos, la cual, a su vez es el punto partida para compartir la información a nivel global</para>
            </purpose>
            <maintenance>
                <description>
                    <para></para>
                </description>
                <maintenanceUpdateFrequency>asNeeded</maintenanceUpdateFrequency>
            </maintenance>
            <contact>
            <individualName>
<givenName>Luis Miguel</givenName>                    <surName>Álvarez Mejía</surName>
            </individualName>
<organizationName>Universidad de Caldas - Facultad de Ciencias Agropecuarias</organizationName><positionName>Director</positionName>            <address>
<deliveryPoint>Calle 65 # 26-10</deliveryPoint><city>Manizales</city><administrativeArea>Caldas</administrativeArea><postalCode>170000</postalCode><country>COLOMBIA</country>            </address>
<phone>8781500</phone><electronicMailAddress>luis.alvarez@ucaldas.edu.co</electronicMailAddress><onlineUrl>http://www.ucaldas.edu.co</onlineUrl>            </contact>
            <methods>
                    <methodStep>
                        <description>
                            <para>Una vez ingresan los ejemplares a la colección, se registran en la base sus datos, se realizan los ajustes pertinentes y se corroboran los datos taxonómicos, en las diversas bases a nivel mundial.</para>
                        </description>
                    </methodStep>
                    <methodStep>
                        <description>
                            <para>Muestreo de epífitas 

Los forófitos se seleccionan a lo largo del área de intervención del proyecto o las zonas de estudio en particular, teniendo en cuenta los protocolos propuestos por Wolf &amp; Gardette (1993) y Gradstein et al. (2003), priorizando en los árboles de gran porte, con DAP ≥ 10 cm cuya corteza sea madura, con fisuras y sin ritidoma. En los forófitos seleccionados se muestrean tanto epífitas vasculares como no vasculares. Se muestrean al menos ocho árboles por hectárea para un muestreo rápido y representativo de la diversidad de las epífitas,vasculares y no vasculares en bosques tropicales, los forófitos seleccionados deberán estar como mínimo a una distancia mayor a 25 m, con el fin de evitar el solapamiento de las copas; de esta manera los árboles con epífitas se consideran independientes, por lo que el muestreo es confiable. Entre las medidas más usadas para cuantificar la abundancia de las especies de epífitas vasculares se encuentra el conteo del número de individuos presentes en el forófito (Gentry &amp; Dodson, 1987) diferenciables a simple vista por especie epífita, considerando, en cada hospedero, los tres estratos verticales: base, tronco y dosel (Zona 1: Base, Zona 2: Tronco y Zona 3: Dosel) (Johansson, 1974). Los individuos epífitos se cuentan con la ayuda de binoculares y se colectan con un cortarramas, para obtener una muestra por cada morfoespecie que no fuese posible de identificar en campo. Para el muestreo de epífitas no vasculares (líquenes y briófitos) se divide el forófito en dos estratos base, tronco (Zona 1: Base, Zona 2: Tronco) según Johansson (1974). Se establece dos plantillas de 400 cm2 (Iwatzuki, 1960) sobre el tronco y la base ubicados en cada estrato 180º una respecto a la otra, para un total de cuatro plantillas, es decir 1.600 cm2 muestreados por árbol. Dentro de cada parcela se estima el porcentaje de cobertura por cada morfoespecie identificada de epífitas no vasculares y se extrae una muestra de cada una, raspando la corteza. La corteza desprendida se almacena en bolsas de papel Kraft y se seca a temperatura ambiente, para luego realizar la respectiva determinación en herbario. Estas bolsas ingresan con datos de la localidad, cobertura vegetal y código de colecta y una posible identificación. Y las epífitas vasculares se llevan prensadas en periódicos para luego ser secadas en el horno, ingresadas en la nevera para su posterior determinación en el herbario.</para>
                        </description>
                    </methodStep>
                    <methodStep>
                        <description>
                            <para>Muestreo de flora arbórea (parcelas tipo Gentry)

Se realiza un transecto de 0,1 ha, el cual se puede dividir en cinco parcelas de 50 x 4 m cada una, ubicadas de forma aleatoria y perpendiculares a la pendiente del terreno. Para la distancia entre parcelas se puede considerar un mínimo de 10 m (MENDOZA, 1999). En cada parcela se censan todos los individuos con diámetro a la altura del pecho (DAP) ≥ 1,5 cm, medido a 1,3 m del suelo. Se estima la altura fustal y total en metros, además del perímetro o circunferencia a la altura del pecho (CAP) (GALINDO et al., 2003). Para cada especie se observa la presencia de exudados, olores, sabores, colores y el tipo de corteza para apoyar la determinación taxonómica. Los ejemplares fértiles se depositan en el Herbario de la Universidad de Caldas (FAUC), bajo el número del botánico que realice la colecta. Las muestras botánicas son prensadas en periódico, en caso de tardar varios días en ingresar al herbario, éstas son conservadas en alcohol al 70%. Posteriormente son secadas en un horno y luego llevadas a una nevera con el fin de que la colección esté libre de plagas y así poder iniciar con el proceso de determinación.</para>
                        </description>
                    </methodStep>
                    <sampling>
                        <studyExtent>
                            <description>
                                <para>Los ejemplares han sido colectados a lo largo de la geografía de Colombia, con especial énfasis en el departamento de Caldas, situado en la región central andina.</para>
                            </description>
                        </studyExtent>
                        <samplingDescription>
                            <para>Una vez se accede al sitio donde se encuentran las muestras, se colectan ejemplares preferiblemente en estado reproductivo, se describen localmente y se registran los datos de hábitat, luego se trasladan al laboratorio para su secado a 65°C, saneado, identificación, montaje en pliegos de 30 x 40 cm, y su conservación a perpetuidad en el herbario.</para>
                        </samplingDescription>
                    </sampling>
                    <qualityControl>
                        <description>
                            <para>Una vez se ingresan los ejemplares al herbario, se registran en la base, tomando datos de las fichas de ejemplar y los cuadernos de campo, luego se corroboran los datos geográficos.

Ajuste de vocabularios controlados en:
Elemento de registro: documentación del elemento collectionID según el Registro Nacional de Colecciones Biológicas;
Elementos geográficos: stateProvince y county;
Elementos temporales: eventDate, se documento el elemento verbatimEventDate.</para>
                        </description>
                    </qualityControl>
            </methods>

    </dataset>

    <additionalMetadata>
        <metadata>
            <gbif>
                <dateStamp>2023-07-06T00:44:23Z</dateStamp>
                <citation identifier="https://doi.org/10.15472/8t4cb9">Álvarez Mejía L M (2021). Herbario Universidad de Caldas - FAUC. Version 2.9. Universidad de Caldas. Occurrence dataset https://doi.org/10.15472/8t4cb9 accessed via GBIF.org on 2023-07-06.</citation>
                    <resourceLogoUrl>https://statics.sibcolombia.net/sib-resources/images/logos-socios/500px/ucaldas.jpg</resourceLogoUrl>
                        <collection>
                            <parentCollectionIdentifier>FAUC</parentCollectionIdentifier>
                            <collectionIdentifier>Registro Nacional de Colecciones Biológicas: 28</collectionIdentifier>
                            <collectionName>Herbario de la Universidad de Caldas</collectionName>
                        </collection>
                        <specimenPreservationMethod>DRIED_AND_PRESSED</specimenPreservationMethod>
            </gbif>
        </metadata>
    </additionalMetadata>

</eml:eml>
