<?xml version="1.0" encoding="utf-8"?>
<eml:eml xmlns:eml="eml://ecoinformatics.org/eml-2.1.1" xmlns:xsi="http://www.w3.org/2001/XMLSchema-instance"
         xsi:schemaLocation="eml://ecoinformatics.org/eml-2.1.1 http://rs.gbif.org/schema/eml-gbif-profile/1.2/eml.xsd"
packageId="36914742-56c5-4d54-a18a-6ab1e41b9240"  system="http://gbif.org" scope="system"
xml:lang="en">

    <dataset>
            <alternateIdentifier>10.15468/xfjq83</alternateIdentifier>
                <alternateIdentifier>36914742-56c5-4d54-a18a-6ab1e41b9240</alternateIdentifier>
                <alternateIdentifier>https://ukraine.ipt.gbif.no/resource?r=alienspeciesua1</alternateIdentifier>
        <title>Records of alien species in Ukraine</title>
            <creator>
            <individualName>
<givenName>V.A.</givenName>                    <surName>Kostiushyn</surName>
            </individualName>
<organizationName>I. I. Schmalhausen Institute of Zoology NAS of Ukraine</organizationName><positionName>senior researcher</positionName>            <address>
<deliveryPoint>Vul. B. Khmelnytskogo, 15</deliveryPoint><city>Kyiv</city><postalCode>01030</postalCode><country>UKRAINE</country>            </address>
            </creator>
            <creator>
            <individualName>
<givenName>Olexiy</givenName>                    <surName>Vasyliuk</surName>
            </individualName>
<organizationName>I. I. Schmalhausen Institute of Zoology NAS of Ukraine</organizationName><positionName>junior researcher</positionName>            <address>
<deliveryPoint>Vul. B. Khmelnytskogo, 15</deliveryPoint><city>Kyiv</city><postalCode>01030</postalCode><country>UKRAINE</country>            </address>
<electronicMailAddress>vasyliuk@gmail.com</electronicMailAddress>            </creator>
            <creator>
            <individualName>
<givenName>M.D.</givenName>                    <surName>Burlaka</surName>
            </individualName>
<organizationName>M.G. Kholodny Institute of Botany NAS of Ukraine</organizationName>            <address>
<country>UKRAINE</country>            </address>
            </creator>
            <creator>
            <individualName>
<givenName>A.A.</givenName>                    <surName>Kuzemko</surName>
            </individualName>
<organizationName>M.G. Kholodny Institute of Botany NAS of Ukraine</organizationName>            <address>
<city>Kyiv</city><country>UKRAINE</country>            </address>
            </creator>
            <creator>
            <individualName>
<givenName>Oleksii</givenName>                    <surName>Marushchak</surName>
            </individualName>
<organizationName>I. I. Schmalhausen Institute of Zoology NAS of Ukraine</organizationName><positionName>junior researcher</positionName>            <address>
<deliveryPoint>Vul. B. Khmelnytskogo, 15</deliveryPoint><city>Kyiv</city><postalCode>01030</postalCode><country>UKRAINE</country>            </address>
<phone>+380964882670</phone><electronicMailAddress>ecopelobates@gmail.com</electronicMailAddress>            <userId directory="https://orcid.org/">0000-0001-9380-5593</userId>
            </creator>
            <creator>
            <individualName>
<givenName>V.O.</givenName>                    <surName>Konaikova</surName>
            </individualName>
<organizationName>M.G. Kholodny Institute of Botany NAS of Ukraine</organizationName>            <address>
<country>UKRAINE</country>            </address>
            </creator>
            <creator>
            <individualName>
<givenName>V.V.</givenName>                    <surName>Kavurka</surName>
            </individualName>
<organizationName>I. I. Schmalhausen Institute of Zoology NAS of Ukraine</organizationName>            <address>
<deliveryPoint>Vul. B. Khmelnytskogo, 15</deliveryPoint><city>Kyiv</city><country>UKRAINE</country>            </address>
            </creator>
            <creator>
            <individualName>
<givenName>M.Y.</givenName>                    <surName>Rusin</surName>
            </individualName>
<organizationName>Kyiv Zoo</organizationName>            <address>
<country>UKRAINE</country>            </address>
            </creator>
            <creator>
            <individualName>
<givenName>I.K.</givenName>                    <surName>Kutsokon</surName>
            </individualName>
<organizationName>I. I. Schmalhausen Institute of Zoology NAS of Ukraine</organizationName>            <address>
<country>UKRAINE</country>            </address>
            </creator>
            <creator>
            <individualName>
<givenName>O.D.</givenName>                    <surName>Nekrasova</surName>
            </individualName>
<organizationName>I. I. Schmalhausen Institute of Zoology NAS of Ukraine</organizationName><positionName>leading researcher</positionName>            <address>
<city>Kyiv</city><country>UKRAINE</country>            </address>
<electronicMailAddress>oneks22@gmail.com</electronicMailAddress>            </creator>
            <creator>
            <individualName>
<givenName>I.O.</givenName>                    <surName>Balashov</surName>
            </individualName>
<organizationName>I. I. Schmalhausen Institute of Zoology NAS of Ukraine</organizationName>            <address>
<country>UKRAINE</country>            </address>
            </creator>
            <creator>
            <individualName>
<givenName>V.V.</givenName>                    <surName>Parkhomenko</surName>
            </individualName>
<organizationName>Ukrainian Nature Conservation Group</organizationName><positionName>naturalist</positionName>            <address>
<country>UKRAINE</country>            </address>
            </creator>
            <creator>
            <individualName>
<givenName>V.V.</givenName>                    <surName>Anistratenko</surName>
            </individualName>
<organizationName>I. I. Schmalhausen Institute of Zoology NAS of Ukraine</organizationName>            <address>
<country>UKRAINE</country>            </address>
            </creator>
            <creator>
            <individualName>
<givenName>O.Y.</givenName>                    <surName>Anistratenko</surName>
            </individualName>
<organizationName>I. I. Schmalhausen Institute of Zoology NAS of Ukraine</organizationName>            <address>
<country>UKRAINE</country>            </address>
            </creator>
            <creator>
            <individualName>
<givenName>T.M.</givenName>                    <surName>Antosiak</surName>
            </individualName>
<organizationName>Carpathian Biosphere Reserve</organizationName>            <address>
<country>UKRAINE</country>            </address>
            </creator>
            <creator>
            <individualName>
<givenName>A.I.</givenName>                    <surName>Babytskiy</surName>
            </individualName>
<organizationName>I. I. Schmalhausen Institute of Zoology NAS of Ukraine</organizationName>            <address>
<country>UKRAINE</country>            </address>
            </creator>
            <creator>
            <individualName>
<givenName>O.V.</givenName>                    <surName>Babiichuk</surName>
            </individualName>
<organizationName>DNZ &quot;Novovolynskyi CPTO&quot;</organizationName>            <address>
<country>UKRAINE</country>            </address>
            </creator>
            <creator>
            <individualName>
<givenName>G.I.</givenName>                    <surName>Baranchuk</surName>
            </individualName>
<organizationName>&quot;Medobory&quot; Nature Reserve</organizationName>            <address>
<country>UKRAINE</country>            </address>
            </creator>
            <creator>
            <individualName>
<givenName>V.</givenName>                    <surName>Batochenko</surName>
            </individualName>
<organizationName>Northern Podillia National Nature Park</organizationName>            <address>
<country>UKRAINE</country>            </address>
            </creator>
            <creator>
            <individualName>
<givenName>U.O.</givenName>                    <surName>Bachynska</surName>
            </individualName>
<organizationName>&quot;Medobory&quot; Nature Reserve</organizationName>            <address>
<country>UKRAINE</country>            </address>
            </creator>
            <creator>
            <individualName>
<givenName>A.I.</givenName>                    <surName>Bachynskyj</surName>
            </individualName>
<organizationName>Dniester Canyon National Nature Park</organizationName>            <address>
<country>UKRAINE</country>            </address>
            </creator>
            <creator>
            <individualName>
<givenName>O.O.</givenName>                    <surName>Bezsmertna</surName>
            </individualName>
<organizationName>Educational and Scientific Center &quot;Institute of Biology and Medicine&quot;</organizationName>            <address>
<country>UKRAINE</country>            </address>
            </creator>
            <creator>
            <individualName>
<givenName>Y.V.</givenName>                    <surName>Bengus</surName>
            </individualName>
<organizationName>H.S. Skovoroda Kharkiv National  Pedagogical University</organizationName>            <address>
<country>UKRAINE</country>            </address>
            </creator>
            <creator>
            <individualName>
<givenName>V.V.</givenName>                    <surName>Boyko</surName>
            </individualName>
<organizationName>&quot;Chernihiv Collegium&quot; National University of T. G. Shevchenko</organizationName>            <address>
<country>UKRAINE</country>            </address>
            </creator>
            <creator>
            <individualName>
<givenName>G.M.</givenName>                    <surName>Bondarenko</surName>
            </individualName>
<organizationName>V.N. Karazin Kharkiv National University</organizationName>            <address>
<country>UKRAINE</country>            </address>
            </creator>
            <creator>
            <individualName>
<givenName>Z.S.</givenName>                    <surName>Bondarenko</surName>
            </individualName>
<organizationName>Slobozhanskyi National Nature Park</organizationName>            <address>
<country>UKRAINE</country>            </address>
            </creator>
            <creator>
            <individualName>
<givenName>O.Y.</givenName>                    <surName>Bondarenko</surName>
            </individualName>
<organizationName>I.I. Mechnikov Odessa National University</organizationName>            <address>
<country>UKRAINE</country>            </address>
            </creator>
            <creator>
            <individualName>
<givenName>N.O.</givenName>                    <surName>Brusentsova</surName>
            </individualName>
<organizationName>Slobozhanskyi National Nature Park</organizationName>            <address>
<country>UKRAINE</country>            </address>
            </creator>
            <creator>
            <individualName>
<givenName>L.V.</givenName>                    <surName>Buhai</surName>
            </individualName>
<organizationName>&quot;Yelanetskyi Steppe&quot; Natural Reserve</organizationName>            <address>
<country>UKRAINE</country>            </address>
            </creator>
            <creator>
            <individualName>
<givenName>I.I.</givenName>                    <surName>Bugalska</surName>
            </individualName>
<organizationName>&quot;Medobory&quot; Nature Reserve</organizationName>            <address>
<country>UKRAINE</country>            </address>
            </creator>
            <creator>
            <individualName>
<givenName>P.A.</givenName>                    <surName>Buzunko</surName>
            </individualName>
<organizationName>&quot;Chernihiv Collegium&quot; National University of T. G. Shevchenko</organizationName>            <address>
<country>UKRAINE</country>            </address>
            </creator>
            <creator>
            <individualName>
<givenName>L.P.</givenName>                    <surName>Vakarenko</surName>
            </individualName>
<organizationName>M.G. Kholodny Institute of Botany NAS of Ukraine</organizationName>            <address>
<country>UKRAINE</country>            </address>
            </creator>
            <creator>
            <individualName>
<givenName>O.K.</givenName>                    <surName>Vikyrchak</surName>
            </individualName>
<organizationName>Dniester Canyon National Nature Park</organizationName>            <address>
<country>UKRAINE</country>            </address>
            </creator>
            <creator>
            <individualName>
<givenName>M.I.</givenName>                    <surName>Voloshchuk</surName>
            </individualName>
<organizationName>Carpathian Biosphere Reserve</organizationName>            <address>
<country>UKRAINE</country>            </address>
            </creator>
            <creator>
            <individualName>
<givenName>Y.O.</givenName>                    <surName>Vorobyov</surName>
            </individualName>
<organizationName>UNCG</organizationName><positionName>volunteer</positionName>            <address>
<country>UKRAINE</country>            </address>
            </creator>
            <creator>
            <individualName>
<givenName>M.N.</givenName>                    <surName>Gavrilyuk</surName>
            </individualName>
<organizationName>Cherkasy Bohdan Khmelnytsky National University</organizationName>            <address>
<country>UKRAINE</country>            </address>
            </creator>
            <creator>
            <individualName>
<givenName>G.V.</givenName>                    <surName>Herasymchuk</surName>
            </individualName>
<organizationName>Kivertsi National Nature Park «Tsumans&apos;ka Pushcha»</organizationName>            <address>
<country>UKRAINE</country>            </address>
            </creator>
            <creator>
            <individualName>
<givenName>V.P.</givenName>                    <surName>Herasymiuk</surName>
            </individualName>
<organizationName>I.I. Mechnikov Odessa National University</organizationName>            <address>
<country>UKRAINE</country>            </address>
            </creator>
            <creator>
            <individualName>
<givenName>G.L.</givenName>                    <surName>Honcharov</surName>
            </individualName>
<organizationName>V. N. Karazin Kharkiv National University</organizationName>            <address>
<country>UKRAINE</country>            </address>
            </creator>
            <creator>
            <individualName>
<givenName>Y.I.</givenName>                    <surName>Horbenko</surName>
            </individualName>
<organizationName>Velykyi Luh National Nature Park</organizationName>            <address>
<country>UKRAINE</country>            </address>
            </creator>
            <creator>
            <individualName>
<givenName>L.T.</givenName>                    <surName>Horbniak-Yulina</surName>
            </individualName>
<organizationName>Podilski Tovtry National Nature Park</organizationName>            <address>
<country>UKRAINE</country>            </address>
            </creator>
            <creator>
            <individualName>
<givenName>V.O.</givenName>                    <surName>Hrebenshchykov</surName>
            </individualName>
<organizationName>Cheremosh National Nature Park</organizationName>            <address>
<country>UKRAINE</country>            </address>
            </creator>
            <creator>
            <individualName>
<givenName>O.V.</givenName>                    <surName>Hryb</surName>
            </individualName>
<organizationName>Ukrainian Nature Conservation Group</organizationName><positionName>naturalist</positionName>            <address>
<country>UKRAINE</country>            </address>
            </creator>
            <creator>
            <individualName>
<givenName>L.M.</givenName>                    <surName>Hryvul</surName>
            </individualName>
<organizationName>Dniester Canyon National Nature Park</organizationName>            <address>
<country>UKRAINE</country>            </address>
            </creator>
            <creator>
            <individualName>
<givenName>P.A.</givenName>                    <surName>Hrykun</surName>
            </individualName>
<organizationName>UNCG</organizationName><positionName>naturalist</positionName>            <address>
<country>UKRAINE</country>            </address>
            </creator>
            <creator>
            <individualName>
<givenName>P.M.</givenName>                    <surName>Hryniuk</surName>
            </individualName>
<organizationName>Northern Podillia National Nature Park</organizationName>            <address>
<country>UKRAINE</country>            </address>
            </creator>
            <creator>
            <individualName>
<givenName>L.M.</givenName>                    <surName>Hubar</surName>
            </individualName>
<organizationName>Institute for evolutionary ecology NAS of Ukraine</organizationName>            <address>
<country>UKRAINE</country>            </address>
            </creator>
            <creator>
            <individualName>
<givenName>G.V.</givenName>                    <surName>Gouz</surName>
            </individualName>
<organizationName>Luhansk Nature Reserve</organizationName>            <address>
<country>UKRAINE</country>            </address>
            </creator>
            <creator>
            <individualName>
<givenName>O.I.</givenName>                    <surName>Hundiak</surName>
            </individualName>
<organizationName>&quot;Yelanetskyi Steppe&quot; Natural Reserve</organizationName>            <address>
<country>UKRAINE</country>            </address>
            </creator>
            <creator>
            <individualName>
<givenName>M.</givenName>                    <surName>Husar</surName>
            </individualName>
<organizationName>Uzhhorod National University</organizationName>            <address>
<country>UKRAINE</country>            </address>
            </creator>
            <creator>
            <individualName>
<givenName>O.</givenName>                    <surName>Hutsa</surName>
            </individualName>
<organizationName>Uzhhorod National University</organizationName>            <address>
<country>UKRAINE</country>            </address>
            </creator>
            <creator>
            <individualName>
<givenName>G.G.</givenName>                    <surName>Hushtan</surName>
            </individualName>
<organizationName>State Museum of Natural History</organizationName>            <address>
<country>UKRAINE</country>            </address>
            </creator>
            <creator>
            <individualName>
<givenName>K.V.</givenName>                    <surName>Hushtan</surName>
            </individualName>
<organizationName>State Museum of Natural History</organizationName>            <address>
<country>UKRAINE</country>            </address>
            </creator>
            <creator>
            <individualName>
<givenName>I.V.</givenName>                    <surName>Davydenko</surName>
            </individualName>
<organizationName>I. I. Schmalhausen Institute of Zoology NAS of Ukraine</organizationName>            <address>
<country>UKRAINE</country>            </address>
            </creator>
            <creator>
            <individualName>
<givenName>H.V.</givenName>                    <surName>Danko</surName>
            </individualName>
<organizationName>&quot;Chernihiv Collegium&quot; National University of T. G. Shevchenko</organizationName>            <address>
<country>UKRAINE</country>            </address>
            </creator>
            <creator>
            <individualName>
<givenName>O.V.</givenName>                    <surName>Dehtiarenko</surName>
            </individualName>
<organizationName>I. I. Schmalhausen Institute of Zoology NAS of Ukraine</organizationName>            <address>
<country>UKRAINE</country>            </address>
            </creator>
            <creator>
            <individualName>
<givenName>M.</givenName>                    <surName>Demchynska</surName>
            </individualName>
<organizationName>Uzhhorod National University</organizationName>            <address>
<country>UKRAINE</country>            </address>
            </creator>
            <creator>
            <individualName>
<givenName>V.V.</givenName>                    <surName>Derkach</surName>
            </individualName>
<organizationName>Kivertsi National Nature Park «Tsumans&apos;ka Pushcha»</organizationName>            <address>
<country>UKRAINE</country>            </address>
            </creator>
            <creator>
            <individualName>
<givenName>T.P.</givenName>                    <surName>Dziuba</surName>
            </individualName>
<organizationName>M.G. Kholodny Institute of Botany NAS of Ukraine</organizationName>            <address>
<country>UKRAINE</country>            </address>
            </creator>
            <creator>
            <individualName>
<givenName>I.Y.</givenName>                    <surName>Dovhaniuk</surName>
            </individualName>
<organizationName>Kremenets Mountains National Nature Park</organizationName>            <address>
<country>UKRAINE</country>            </address>
            </creator>
            <creator>
            <individualName>
<givenName>N.M.</givenName>                    <surName>Doyko</surName>
            </individualName>
<organizationName>Arboretum Oleksandriya</organizationName>            <address>
<country>UKRAINE</country>            </address>
            </creator>
            <creator>
            <individualName>
<givenName>Y.V.</givenName>                    <surName>Doroshenko</surName>
            </individualName>
<organizationName>Arboretum Oleksandriya</organizationName>            <address>
<country>UKRAINE</country>            </address>
            </creator>
            <creator>
            <individualName>
<givenName>G.I.</givenName>                    <surName>Drahan</surName>
            </individualName>
<organizationName>Arboretum Oleksandriya</organizationName>            <address>
<country>UKRAINE</country>            </address>
            </creator>
            <creator>
            <individualName>
<givenName>N.V.</givenName>                    <surName>Drahan</surName>
            </individualName>
<organizationName>Arboretum Oleksandriya</organizationName>            <address>
<country>UKRAINE</country>            </address>
            </creator>
            <creator>
            <individualName>
<givenName>D.V.</givenName>                    <surName>Dubyna</surName>
            </individualName>
<organizationName>M.G. Kholodny Institute of Botany NAS of Ukraine</organizationName>            <address>
<country>UKRAINE</country>            </address>
            </creator>
            <creator>
            <individualName>
<givenName>A.A.</givenName>                    <surName>Ennan</surName>
            </individualName>
<organizationName>Physicochemical Institute of Environmental and Human Protection of the Ministry of Education and Science of Ukraine</organizationName>            <address>
<country>UKRAINE</country>            </address>
            </creator>
            <creator>
            <individualName>
<givenName>S.M.</givenName>                    <surName>Yemelianova</surName>
            </individualName>
<organizationName>M.G. Kholodny Institute of Botany NAS of Ukraine</organizationName>            <address>
<country>UKRAINE</country>            </address>
            </creator>
            <creator>
            <individualName>
<givenName>S.L.</givenName>                    <surName>Zhygalova</surName>
            </individualName>
<organizationName>M.G. Kholodny Institute of Botany NAS of Ukraine</organizationName>            <address>
<country>UKRAINE</country>            </address>
            </creator>
            <creator>
            <individualName>
<givenName>O.V.</givenName>                    <surName>Zinchenko</surName>
            </individualName>
<organizationName>Ukrainian Research Institute of Forestry and Agroforestry named after G. M. Vysotskyi</organizationName>            <address>
<country>UKRAINE</country>            </address>
            </creator>
            <associatedParty>
            <individualName>
<givenName>Oleksii</givenName>                    <surName>Marushchak</surName>
            </individualName>
<organizationName>I. I. Schmalhausen Institute of Zoology NAS of Ukraine</organizationName><positionName>junior researcher</positionName>            <address>
<deliveryPoint>Vul. B. Khmelnytskogo, 15</deliveryPoint><city>Kyiv</city><postalCode>01030</postalCode><country>UKRAINE</country>            </address>
<phone>+380964882670</phone><electronicMailAddress>ecopelobates@gmail.com</electronicMailAddress>            <userId directory="https://orcid.org/">0000-0001-9380-5593</userId>
            <role>CUSTODIAN_STEWARD</role>
            </associatedParty>
            <pubDate>
                2023-07-02
            </pubDate>
        <language>ENGLISH</language>
            <abstract>
                    <para>The dataset  is prepared by Ukrainian Nature Conservation Group in collaboration with Institute of Botany and Institute of Zoology NAS Ukraine a part of the UNEP project ‘Building national biodiversity information supply and demand in Pan Europe to support implementation &amp;amp; progress review of the post-2020 global biodiversity framework&amp;#39; funded by the European Commission and technically supported the UN Environment Programme World Conservation Monitoring Centre (UNEP-WCMC). Coordinator of the Ukrainian part of the project is Dr. V. Kostiushyn.
In order to collect information about the records of alien (primarily invasive) species of plants, animals and fungi in Ukraine, the NGO Ukrainian Nature Conservation Group (UNCG), in cooperation with the M. H. Kholodny Institute of Botany of National Academy of Sciences of Ukraine and I.I. Schmalhausen Institute of Zoology of the National Academy of Sciences of Ukraine, announced in 2022 the publication of a special collection. In Ukraine, this approach works well, because publishing the publication allows to encourage many authors who have not worked with the GBIF format before. It was the materials of the specially designed collection &amp;#34;Records of alien species of plants and animals in Ukraine&amp;#34; that made up the data array of this dataset.
It should be emphasized that the task set before the authors was quite difficult, because at this time there is no official list of invasive or alien species in Ukraine. Moreover, some of these species have been present on the territory of Ukraine for many decades, and in some cases for several hundreds of years. Also, the scale of distribution of such species in Ukraine is very significant and the data set about them can never be complete.
Information for this set was provided by 164 specialists from 56 scientific institutions and organizations of Ukraine.</para>
            </abstract>
                <keywordSet>
                        <keyword>non-native biota</keyword>
                        <keyword>invasiveness</keyword>
                        <keyword>biodiversity</keyword>
                        <keyword>Ukraine</keyword>
                        <keyword>alien species</keyword>
                        <keyword>Occurrence</keyword>
                        <keyword>invasive species</keyword>
                        <keyword>introduced species</keyword>
                        <keywordThesaurus>GBIF Dataset Type Vocabulary: http://rs.gbif.org/vocabulary/gbif/dataset_type_2015-07-10.xml</keywordThesaurus>
                </keywordSet>
                <keywordSet>
                        <keyword>Observation</keyword>
                        <keywordThesaurus>GBIF Dataset Subtype Vocabulary: http://rs.gbif.org/vocabulary/gbif/dataset_subtype.xml</keywordThesaurus>
                </keywordSet>
            <intellectualRights>
                    <para>This work is licensed under a <ulink url="http://creativecommons.org/licenses/by/4.0/legalcode"><citetitle>Creative Commons Attribution (CC-BY) 4.0 License</citetitle></ulink>.</para>
            </intellectualRights>
            <coverage>
                    <geographicCoverage>
                            <geographicDescription>The dataset covers entire territory of Ukraine.</geographicDescription>
                            <boundingCoordinates>
                                <westBoundingCoordinate>22.148</westBoundingCoordinate>
                                <eastBoundingCoordinate>40.078</eastBoundingCoordinate>
                                <northBoundingCoordinate>52.376</northBoundingCoordinate>
                                <southBoundingCoordinate>44.402</southBoundingCoordinate>
                            </boundingCoordinates>
                    </geographicCoverage>
                        <taxonomicCoverage>
                                <generalTaxonomicCoverage>The dataset consists of records of plants, animals and fungi that are alien to ukrainian territory.</generalTaxonomicCoverage>
                                <taxonomicClassification>
                                        <taxonRankName>Kingdom</taxonRankName>
                                    <taxonRankValue>Animalia</taxonRankValue>
                                </taxonomicClassification>
                                <taxonomicClassification>
                                        <taxonRankName>Kingdom</taxonRankName>
                                    <taxonRankValue>Plantae</taxonRankValue>
                                </taxonomicClassification>
                                <taxonomicClassification>
                                        <taxonRankName>Kingdom</taxonRankName>
                                    <taxonRankValue>Fungi</taxonRankValue>
                                </taxonomicClassification>
                        </taxonomicCoverage>
            </coverage>
            <maintenance>
                <description>
                    <para></para>
                </description>
                <maintenanceUpdateFrequency>unkown</maintenanceUpdateFrequency>
            </maintenance>
            <contact>
            <individualName>
<givenName>V.A.</givenName>                    <surName>Kostiushyn</surName>
            </individualName>
<organizationName>I. I. Schmalhausen Institute of Zoology NAS of Ukraine</organizationName><positionName>senior researcher</positionName>            <address>
<deliveryPoint>Vul. B. Khmelnytskogo, 15</deliveryPoint><city>Kyiv</city><postalCode>01030</postalCode><country>UKRAINE</country>            </address>
            </contact>
            <methods>
                    <methodStep>
                        <description>
                            <para>Preparation of research articles using unified template by authors.</para>
                        </description>
                    </methodStep>
                    <methodStep>
                        <description>
                            <para>Data aggregation and preparation for publishing as paper book.</para>
                        </description>
                    </methodStep>
                    <methodStep>
                        <description>
                            <para>Data cleaning and alignment to Darwin Core standards.</para>
                        </description>
                    </methodStep>
                    <sampling>
                        <studyExtent>
                            <description>
                                <para>Data were collected, georeferenced, and organized by the authors of each article on their own. Additional data cleaning and postprocessing were conducted by Marina Burlaka, Valeriia Konaikova, Anna Kuzemko, Olexiy Vasyliuk, Vitalii Kavurka, Mikhail Rusin, Oksana Nekrasova, Ihor Balashov, Iuliia Kutsokon and Oleksii Marushchak.
The dataset is the preliminary stage of creation of an official list of invasive species for Ukraine, taking into account all the latest informaton from Ukrainian specialists in different groups of flora and fauna, supported and approved by Ministry of Ecology and Natural Resources of Ukraine.</para>
                            </description>
                        </studyExtent>
                        <samplingDescription>
                            <para>Data were collected, georeferenced, and organized by the authors of each articles on their own. Additional data cleaning and post-processing were conducted by Oleksii Marushchak.</para>
                        </samplingDescription>
                    </sampling>
                    <qualityControl>
                        <description>
                            <para>Authors of each particular article are fully responsible for the correctness of species identifications, information on organisms&apos; quantity and georeferencing. Sporadic issues in georeferencing, revealed during data cleaning, were corrected where it was possible, by Oleksii Marushchak.</para>
                        </description>
                    </qualityControl>
            </methods>

            <project id="UNEP">
                <title>Building national biodiversity information supply and demand in Pan Europe to support implementation &amp; progress review of the post-2020 global biodiversity framework</title>
                    <personnel>
            <individualName>
<givenName>Vasyl</givenName>                    <surName>Kostiushyn</surName>
            </individualName>
            <role>POINT_OF_CONTACT</role>
                    </personnel>
                <abstract>
                    <para>The dataset  is prepared by Ukrainian Nature Conservation Group in collaboration with Institute of Botany and Institute of Zoology NAS Ukraine a part of the UNEP project ‘Building national biodiversity information supply and demand in Pan Europe to support implementation &amp; progress review of the post-2020 global biodiversity framework&apos; funded by the European Commission and technically supported the UN Environment Programme World Conservation Monitoring Centre (UNEP-WCMC).</para>
                </abstract>
                <funding>
                    <para>The project was funded by the European Commission and technically supported the UN Environment Programme World Conservation Monitoring Centre (UNEP-WCMC).</para>
                </funding>
            </project>
    </dataset>

    <additionalMetadata>
        <metadata>
            <gbif>
                <dateStamp>2023-07-06T00:44:27Z</dateStamp>
                <citation>Kostiushyn V, Vasyliuk O, Burlaka M, Kuzemko A, Marushchak O, Konaikova V, Kavurka V, Rusin M, Kutsokon I, Nekrasova O, Balashov I, Parkhomenko V, Anistratenko V, Anistratenko O, Antosiak T, Babytskiy A, Babiichuk O, Baranchuk G, Batochenko V, Bachynska U, Bachynskyj A, Bezsmertna O, Bengus Y, Boyko V, Bondarenko G, Bondarenko Z, Bondarenko O, Brusentsova N, Buhai L, Bugalska I, Buzunko P, Vakarenko L, Vikyrchak O, Voloshchuk M, Vorobyov Y, Gavrilyuk M, Herasymchuk G, Herasymiuk V, Honcharov G, Horbenko Y, Horbniak-Yulina L, Hrebenshchykov V, Hryb O, Hryvul L, Hrykun P, Hryniuk P, Hubar L, Gouz G, Hundiak O, Husar M, Hutsa O, Hushtan G, Hushtan K, Davydenko I, Danko H, Dehtiarenko O, Demchynska M, Derkach V, Dziuba T, Dovhaniuk I, Doyko N, Doroshenko Y, Drahan G, Drahan N, Dubyna D, Ennan A, Yemelianova S, Zhygalova S, Zinchenko O (2023). Records of alien species in Ukraine. Version 1.5. Ukrainian Nature Conservation Group (NGO). Occurrence dataset https://doi.org/10.15468/xfjq83 accessed via GBIF.org on 2023-07-06.</citation>
                    <formationPeriod>1950/2022</formationPeriod>
            </gbif>
        </metadata>
    </additionalMetadata>

</eml:eml>
