<?xml version="1.0" encoding="utf-8"?>
<eml:eml xmlns:eml="eml://ecoinformatics.org/eml-2.1.1" xmlns:xsi="http://www.w3.org/2001/XMLSchema-instance"
         xsi:schemaLocation="eml://ecoinformatics.org/eml-2.1.1 http://rs.gbif.org/schema/eml-gbif-profile/1.2/eml.xsd"
packageId="4796b3ec-d572-4f3f-9344-1cd3aa20fc8f"  system="http://gbif.org" scope="system"
xml:lang="en">

    <dataset>
            <alternateIdentifier>10.15468/4ru3f6</alternateIdentifier>
                <alternateIdentifier>4796b3ec-d572-4f3f-9344-1cd3aa20fc8f</alternateIdentifier>
                <alternateIdentifier>https://depo.msu.ru/ipt/resource?r=kuzherbarium</alternateIdentifier>
        <title>KUZ Herbarium: collections of vascular plants</title>
            <creator>
            <individualName>
<givenName>Svetlana</givenName>                    <surName>Sheremetova</surName>
            </individualName>
<organizationName>Kuzbass Botanical Garden, Institute of Human Ecology, Federal Research Center of Coal and Coal Chemistry, Siberian Branch of the Russian Academy of Sciences (FRC CCC SB RAS)</organizationName><positionName>Chief Researcher, Doctor Sci. (Biol.)</positionName>            <address>
<deliveryPoint>10 Leningradskiy Ave.</deliveryPoint><city>Kemerovo</city><postalCode>650065</postalCode><country>RUSSIAN_FEDERATION</country>            </address>
<phone>+7 (3842) 57-50-93</phone><electronicMailAddress>ssheremetova@rambler.ru</electronicMailAddress>            <userId directory="http://orcid.org/">0000-0002-5632-8625</userId>
            </creator>
            <creator>
            <individualName>
<givenName>Irina</givenName>                    <surName>Khrustaleva</surName>
            </individualName>
<organizationName>Kuzbass Botanical Garden, Institute of Human Ecology, Federal Research Center of Coal and Coal Chemistry, Siberian Branch of the Russian Academy of Sciences (FRC CCC SB RAS)</organizationName><positionName>Senior Researcher, Cand. Sci. (Biol.)</positionName>            <address>
<deliveryPoint>10 Leningradskiy Ave.</deliveryPoint><city>Kemerovo</city><postalCode>650065</postalCode><country>RUSSIAN_FEDERATION</country>            </address>
<phone>+7 (960) 925-4517</phone><electronicMailAddress>atriplex@rambler.ru</electronicMailAddress>            <userId directory="http://orcid.org/">0000-0002-6451-0152</userId>
            </creator>
            <creator>
            <individualName>
<givenName>Andrey</givenName>                    <surName>Kuprijanov</surName>
            </individualName>
<organizationName>Kuzbass Botanical Garden, Institute of Human Ecology, Federal Research Center of Coal and Coal Chemistry, Siberian Branch of the Russian Academy of Sciences (FRC CCC SB RAS)</organizationName><positionName>Chief Researcher, Doctor Sci. (Biol.)</positionName>            <address>
<deliveryPoint>10 Leningradskiy Ave.</deliveryPoint><city>Kemerovo</city><postalCode>650065</postalCode><country>RUSSIAN_FEDERATION</country>            </address>
<phone>+7 (905) 969-7466</phone><electronicMailAddress>kupr-42@yandex.ru</electronicMailAddress>            <userId directory="http://orcid.org/">0000-0001-5129-3497</userId>
            </creator>
            <creator>
            <individualName>
<givenName>Rashit</givenName>                    <surName>Sheremetov</surName>
            </individualName>
<organizationName>Kuzbass Botanical Garden, Institute of Human Ecology, Federal Research Center of Coal and Coal Chemistry, Siberian Branch of the Russian Academy of Sciences (FRC CCC SB RAS)</organizationName><positionName>Senior Researcher, Cand. Sci. (Geogr.)</positionName>            <address>
<deliveryPoint>10 Leningradskiy Ave.</deliveryPoint><city>Kemerovo</city><postalCode>650065</postalCode><country>RUSSIAN_FEDERATION</country>            </address>
<phone>+7 (906) 925-8994</phone><electronicMailAddress>rashit-sheremetov@rambler.ru</electronicMailAddress>            </creator>
            <creator>
            <individualName>
<givenName>Aleksei</givenName>                    <surName>Nozhinkov</surName>
            </individualName>
<organizationName>Kuzbass Botanical Garden, Institute of Human Ecology, Federal Research Center of Coal and Coal Chemistry, Siberian Branch of the Russian Academy of Sciences</organizationName><positionName>Researcher, Cand. Sci. (Biol.)</positionName>            <address>
<deliveryPoint>10 Leningradskiy Ave.</deliveryPoint><city>Kemerovo</city><postalCode>650065</postalCode><country>RUSSIAN_FEDERATION</country>            </address>
<phone>+7 (909) 510-7428</phone><electronicMailAddress>alexbryo@yandex.ru</electronicMailAddress>            </creator>
            <creator>
            <individualName>
<givenName>Alexey</givenName>                    <surName>Seregin</surName>
            </individualName>
<organizationName>Lomonosov Moscow State University</organizationName><positionName>Dr. Sci.</positionName>            <address>
<deliveryPoint>Leninskie Gory, 1</deliveryPoint><city>Moscow</city><postalCode>119234</postalCode><country>RUSSIAN_FEDERATION</country>            </address>
<phone>+7 (926) 369-9935</phone><electronicMailAddress>botanik.seregin@gmail.com</electronicMailAddress><onlineUrl>https://istina.msu.ru/profile/Allium/</onlineUrl>            <userId directory="http://scholar.google.com/citations?user=">34fmTxcAAAAJ</userId>
            </creator>
            <metadataProvider>
            <individualName>
<givenName>Alexey</givenName>                    <surName>Seregin</surName>
            </individualName>
<organizationName>Lomonosov Moscow State University</organizationName><positionName>Dr. Sci.</positionName>            <address>
<deliveryPoint>Leninskie Gory 1</deliveryPoint><city>Moscow</city><postalCode>119234</postalCode><country>RUSSIAN_FEDERATION</country>            </address>
<phone>+7 (926) 369-9935</phone><electronicMailAddress>botanik.seregin@gmail.com</electronicMailAddress><onlineUrl>https://istina.msu.ru/profile/Allium/</onlineUrl>            <userId directory="http://scholar.google.com/citations?user=">34fmTxcAAAAJ</userId>
            </metadataProvider>
            <associatedParty>
            <individualName>
<givenName>Alexey</givenName>                    <surName>Seregin</surName>
            </individualName>
<organizationName>Lomonosov Moscow State University</organizationName><positionName>Dr. Sci.</positionName>            <address>
<deliveryPoint>Leninskie Gory 1</deliveryPoint><city>Moscow</city><postalCode>119234</postalCode><country>RUSSIAN_FEDERATION</country>            </address>
<phone>+7 (926) 369-9935</phone><electronicMailAddress>botanik.seregin@gmail.com</electronicMailAddress><onlineUrl>https://istina.msu.ru/profile/Allium/</onlineUrl>            <userId directory="http://scholar.google.com/citations?user=">34fmTxcAAAAJ</userId>
            <role>EDITOR</role>
            </associatedParty>
            <pubDate>
                2023-06-30
            </pubDate>
        <language>ENGLISH</language>
            <abstract>
                    <para>Vascular plants of KUZ Herbarium (Kuzbass Botanical Garden, Federal research center of Coal and Coal chemistry, SB RAS, Kemerovo, Russia). These data were published in the Moscow Digital Herbarium in 2020 and now available in GBIF.</para>
            </abstract>
                <keywordSet>
                        <keyword>Occurrence</keyword>
                        <keywordThesaurus>GBIF Dataset Type Vocabulary: http://rs.gbif.org/vocabulary/gbif/dataset_type.xml</keywordThesaurus>
                </keywordSet>
                <keywordSet>
                        <keyword>Specimen</keyword>
                        <keywordThesaurus>GBIF Dataset Subtype Vocabulary: http://rs.gbif.org/vocabulary/gbif/dataset_subtype.xml</keywordThesaurus>
                </keywordSet>
            <intellectualRights>
                    <para>This work is licensed under a <ulink url="http://creativecommons.org/licenses/by/4.0/legalcode"><citetitle>Creative Commons Attribution (CC-BY) 4.0 License</citetitle></ulink>.</para>
            </intellectualRights>
            <coverage>
                    <geographicCoverage>
                            <geographicDescription>Kemerovo Oblast of Russia</geographicDescription>
                            <boundingCoordinates>
                                <westBoundingCoordinate>84</westBoundingCoordinate>
                                <eastBoundingCoordinate>90</eastBoundingCoordinate>
                                <northBoundingCoordinate>57</northBoundingCoordinate>
                                <southBoundingCoordinate>52</southBoundingCoordinate>
                            </boundingCoordinates>
                    </geographicCoverage>
                    <temporalCoverage>
                            <rangeOfDates>
                                <beginDate>
                                    <calendarDate>                1900-01-01
</calendarDate>
                                </beginDate>
                                <endDate>
                                    <calendarDate>                2021-01-01
</calendarDate>
                                </endDate>
                            </rangeOfDates>
                    </temporalCoverage>
                        <taxonomicCoverage>
                                <taxonomicClassification>
                                        <taxonRankName>Phylum</taxonRankName>
                                    <taxonRankValue>Tracheophyta</taxonRankValue>
                                </taxonomicClassification>
                        </taxonomicCoverage>
            </coverage>
            <maintenance>
                <description>
                    <para></para>
                </description>
                <maintenanceUpdateFrequency>weekly</maintenanceUpdateFrequency>
            </maintenance>
            <contact>
            <individualName>
<givenName>Alexey</givenName>                    <surName>Seregin</surName>
            </individualName>
<organizationName>Lomonosov Moscow State University</organizationName><positionName>Dr. Sci.</positionName>            <address>
<deliveryPoint>Leninskie Gory 1</deliveryPoint><city>Moscow</city><postalCode>119234</postalCode><country>RUSSIAN_FEDERATION</country>            </address>
<phone>+7 (926) 369-9935</phone><electronicMailAddress>botanik.seregin@gmail.com</electronicMailAddress><onlineUrl>https://istina.msu.ru/profile/Allium/</onlineUrl>            <userId directory="http://scholar.google.com/citations?user=">34fmTxcAAAAJ</userId>
            </contact>
            <methods>
                    <methodStep>
                        <description>
                            <para></para>
                        </description>
                    </methodStep>
            </methods>

    </dataset>

    <additionalMetadata>
        <metadata>
            <gbif>
                <dateStamp>2023-07-06T00:44:33Z</dateStamp>
                <citation>Sheremetova S, Khrustaleva I, Kuprijanov A, Sheremetov R, Nozhinkov A, Seregin A (2023). KUZ Herbarium: collections of vascular plants. Version 1.136. Kuzbass botanical garden. Occurrence dataset https://doi.org/10.15468/4ru3f6 accessed via GBIF.org on 2023-07-06.</citation>
            </gbif>
        </metadata>
    </additionalMetadata>

</eml:eml>
