<?xml version="1.0" encoding="utf-8"?>
<eml:eml xmlns:eml="eml://ecoinformatics.org/eml-2.1.1" xmlns:xsi="http://www.w3.org/2001/XMLSchema-instance"
         xsi:schemaLocation="eml://ecoinformatics.org/eml-2.1.1 http://rs.gbif.org/schema/eml-gbif-profile/1.2/eml.xsd"
packageId="63cdad4e-75f8-4295-93a0-38627da5b409"  system="http://gbif.org" scope="system"
xml:lang="en">

    <dataset>
            <alternateIdentifier>10.15468/yvbkp3</alternateIdentifier>
                <alternateIdentifier>https://cloud.gbif.org/lac/resource?r=invplantsincu_occ_2023</alternateIdentifier>
        <title>Distribution of Alien Invasive Plants in Cuba</title>
            <creator>
            <individualName>
<givenName>Lisbet</givenName>                    <surName>Gonzalez-Oliva</surName>
            </individualName>
<organizationName>IUCN/SSC Cuban Plant Specialist Group</organizationName><positionName>Project Coordinator</positionName>            <address>
<country>CUBA</country>            </address>
<electronicMailAddress>lisbetgoster@gmail.com</electronicMailAddress>            <userId directory="http://scholar.google.com/citations?user=">_DoITUgAAAAJ&amp;hl=en</userId>
            </creator>
            <creator>
            <individualName>
<givenName>Cynthia</givenName>                    <surName>Rodríguez Alfaro</surName>
            </individualName>
<organizationName>IUCN/SSC Cuban Plant Specialist Group</organizationName><positionName>Assistant</positionName>            <address>
<country>CUBA</country>            </address>
            </creator>
            <creator>
            <individualName>
<givenName>Ramona</givenName>                    <surName>Oviedo</surName>
            </individualName>
<organizationName>IUCN/SSC Cuban Plant Specialist Group</organizationName><positionName>Researcher</positionName>            <address>
<country>CUBA</country>            </address>
<electronicMailAddress>roviedo1953@gmail.com</electronicMailAddress>            </creator>
            <creator>
            <individualName>
<givenName>Cynthia</givenName>                    <surName>Rodríguez Alfaro</surName>
            </individualName>
<organizationName>IUCN/SSC Cuban Plant Specialist Group</organizationName><positionName>Assistant</positionName>            <address>
<country>CUBA</country>            </address>
            </creator>
            <metadataProvider>
            <individualName>
<givenName>Lisbet</givenName>                    <surName>Gonzalez-Oliva</surName>
            </individualName>
<organizationName>IUCN/SSC Cuban Plant Specialist Group</organizationName><positionName>Project Coordinator</positionName>            <address>
<country>CUBA</country>            </address>
<electronicMailAddress>lisbetgoster@gmail.com</electronicMailAddress>            <userId directory="http://scholar.google.com/citations?user=">_DoITUgAAAAJ&amp;hl=en</userId>
            </metadataProvider>
            <associatedParty>
            <individualName>
<givenName>Lisbet</givenName>                    <surName>González-Oliva</surName>
            </individualName>
<organizationName>IUCN/SSC Cuban Plant Specialist Group</organizationName><positionName>Project Coordinator</positionName>            <address>
<country>CUBA</country>            </address>
<electronicMailAddress>lisbetgoster@gmail.com</electronicMailAddress>            <role>PRINCIPAL_INVESTIGATOR</role>
            </associatedParty>
            <associatedParty>
            <individualName>
                    <surName>IUCN/SSC Cuban Plant Specialist Group</surName>
            </individualName>
<organizationName>IUCN/SSC Cuban Plant Specialist Group</organizationName><positionName>members</positionName>            <address>
<country>CUBA</country>            </address>
<onlineUrl>https://cubanplantsiucn.planta.ngo/</onlineUrl>            <role>CUSTODIAN_STEWARD</role>
            </associatedParty>
            <associatedParty>
            <individualName>
<givenName>Ramona</givenName>                    <surName>Oviedo</surName>
            </individualName>
<organizationName>IUCN/SSC Cuban Plant Specialist Group</organizationName><positionName>Reseacher</positionName>            <address>
<city>Havana</city><country>CUBA</country>            </address>
<electronicMailAddress>roviedo1953@gmail.com</electronicMailAddress>            <role>CONTENT_PROVIDER</role>
            </associatedParty>
            <associatedParty>
            <individualName>
<givenName>Luis</givenName>                    <surName>Gonzalez Torres</surName>
            </individualName>
<organizationName>IUCN/SSC Cuban Plant Specialist Group</organizationName><positionName>President</positionName><electronicMailAddress>luis@planta.ngo</electronicMailAddress>            <role>POINT_OF_CONTACT</role>
            </associatedParty>
            <associatedParty>
            <individualName>
<givenName>Diana</givenName>                    <surName>Rodríguez-Cala</surName>
            </individualName>
<organizationName>IUCN/SSC Cuban Plant Specialist Group</organizationName><positionName>Researcher</positionName>            <role>CONTENT_PROVIDER</role>
            </associatedParty>
            <pubDate>
                2023-06-22
            </pubDate>
        <language>ENGLISH</language>
            <abstract>
                    <para>Biological invasions have been identified as one of the main threats to the native flora of Cuba. In this resource, the distribution of invasive plants in Cuba is addressed, based on these species occurrence recorded in the Cuban archipelago. This distributional data can be usefull for develop alien invasive plant control and prevetion actions or strategies at the local scale.</para>
            </abstract>
                <keywordSet>
                        <keyword>Occurrence</keyword>
                        <keywordThesaurus>GBIF Dataset Type Vocabulary: http://rs.gbif.org/vocabulary/gbif/dataset_type_2015-07-10.xml</keywordThesaurus>
                </keywordSet>
            <intellectualRights>
                    <para>This work is licensed under a <ulink url="http://creativecommons.org/licenses/by/4.0/legalcode"><citetitle>Creative Commons Attribution (CC-BY) 4.0 License</citetitle></ulink>.</para>
            </intellectualRights>
            <distribution scope="document">
                <online>
                    <url function="information">https://cubanplantsiucn.planta.ngo/consultas-invasoras/</url>
                </online>
            </distribution>
            <coverage>
                    <geographicCoverage>
                            <geographicDescription>Cuba</geographicDescription>
                            <boundingCoordinates>
                                <westBoundingCoordinate>-84.902</westBoundingCoordinate>
                                <eastBoundingCoordinate>-74.158</eastBoundingCoordinate>
                                <northBoundingCoordinate>23.322</northBoundingCoordinate>
                                <southBoundingCoordinate>19.746</southBoundingCoordinate>
                            </boundingCoordinates>
                    </geographicCoverage>
                    <temporalCoverage>
                            <rangeOfDates>
                                <beginDate>
                                    <calendarDate>                1980-01-01
</calendarDate>
                                </beginDate>
                                <endDate>
                                    <calendarDate>                2023-03-15
</calendarDate>
                                </endDate>
                            </rangeOfDates>
                    </temporalCoverage>
                        <taxonomicCoverage>
                                <generalTaxonomicCoverage>Plants identified to species</generalTaxonomicCoverage>
                                <taxonomicClassification>
                                        <taxonRankName>Kingdom</taxonRankName>
                                    <taxonRankValue>Plantae</taxonRankValue>
                                </taxonomicClassification>
                        </taxonomicCoverage>
            </coverage>
            <maintenance>
                <description>
                    <para></para>
                </description>
                <maintenanceUpdateFrequency>irregular</maintenanceUpdateFrequency>
            </maintenance>
            <contact>
            <individualName>
<givenName>Lisbet</givenName>                    <surName>Gonzalez-Oliva</surName>
            </individualName>
<organizationName>IUCN/SSC Cuban Plant Specialist Group</organizationName><positionName>Red List Authority Coordinator</positionName>            <address>
<country>CUBA</country>            </address>
<electronicMailAddress>lisbetgoster@gmail.com</electronicMailAddress>            <userId directory="http://scholar.google.com/citations?user=">_DoITUgAAAAJ&amp;hl=en</userId>
            </contact>
            <contact>
            <individualName>
<givenName>Luis</givenName>                    <surName>Gonzalez Torres</surName>
            </individualName>
<organizationName>IUCN/SSC Cuban Plant Specialist Group</organizationName><positionName>President</positionName><electronicMailAddress>luis@planta.ngo</electronicMailAddress>            </contact>
            <methods>
                    <methodStep>
                        <description>
                            <para>Comprehensive search for alien invasive plants in scientific publications and technical reports of research projects about (or including) plant composition or vegetation information at local or regional scale, also research results focused on alien invasive plants beginning with technical reports of research projects on invasive species like Gonzalez-Oliva &amp; Regalado (2014). After gather the occurrence information, were georreferenced the localities, and as last step taxonomic information was update of each record.</para>
                        </description>
                    </methodStep>
                    <sampling>
                        <studyExtent>
                            <description>
                                <para>Archipielago of Cuba, between 1980 and 2023</para>
                            </description>
                        </studyExtent>
                        <samplingDescription>
                            <para>Comprenhensive search in local literature, mostly scientific,  looking for records of any alien invasive plant in Cuba. Occurrences information gathered from literature, in addition to field records registered by project personal, were used for prepare the dataset.</para>
                        </samplingDescription>
                    </sampling>
            </methods>

            <project id="BID-CA2020-001-NAC">
                <title>Mobilizing Cuban plant information from the IUCN/SSC Cuban Plant Specialist Group</title>
                    <personnel>
            <individualName>
<givenName>Lisbet</givenName>                    <surName>Gonzalez-Oliva</surName>
            </individualName>
            <role>PRINCIPAL_INVESTIGATOR</role>
                    </personnel>
                    <personnel>
            <individualName>
<givenName>Luis</givenName>                    <surName>Gonzalez Torres</surName>
            </individualName>
            <role>POINT_OF_CONTACT</role>
                    </personnel>
                    <personnel>
            <individualName>
<givenName>Ramona</givenName>                    <surName>Oviedo</surName>
            </individualName>
            <role>CONTENT_PROVIDER</role>
                    </personnel>
                    <personnel>
            <individualName>
<givenName>María Antonia</givenName>                    <surName>Castañeira</surName>
            </individualName>
            <role>CONTENT_PROVIDER</role>
                    </personnel>
                    <personnel>
            <individualName>
<givenName>Cynthia</givenName>                    <surName>Rodríguez Alfaro</surName>
            </individualName>
            <role>ORIGINATOR</role>
                    </personnel>
                    <personnel>
            <individualName>
<givenName>Alina</givenName>                    <surName>Cuza</surName>
            </individualName>
            <role>ORIGINATOR</role>
                    </personnel>
                    <personnel>
            <individualName>
<givenName>Ernesto</givenName>                    <surName>Testé</surName>
            </individualName>
            <role>CONTENT_PROVIDER</role>
                    </personnel>
                    <personnel>
            <individualName>
<givenName>Diana</givenName>                    <surName>Rodríguez-Cala</surName>
            </individualName>
            <role>CONTENT_PROVIDER</role>
                    </personnel>
                <abstract>
                    <para>This project try to improve Cuban plant data accessibility for conservation planning, policymaking and decision-making by organizing, consolidating and publishing CubanPSG data assessing biodiversity data user needs training students, partners and stakeholders on data mobilization making CubanPSG data available to the organizations devoted to the preservation of Cuban plant diversity and the public via GBIF and the CubanPSG websites. The project will mobilize data from at least 6,132 species conservation assessments, which include more than 18,800 occurrence records of native species, over 4,000 unpublished and undigitized occurrences of invasive species, and 16,600 unpublished digitized occurrence records from 368 conservation assessments of native species. By publishing the mobilized data through GBIF.org and its own website, the CubanPSG will promote the use the data in conservation planning, policymaking and decision-making through close collaboration with biodiversity stakeholders and other data holders.</para>
                </abstract>
                <funding>
                    <para>This project is funded by the European Union, supported by GBIF funded under the BID programme (Biodiversity Information for Development) - BID-CA2020-001-NAC. Also is co-funded by Planta! - Plantlife Conservation Society.</para>
                </funding>
            </project>
    </dataset>

    <additionalMetadata>
        <metadata>
            <gbif>
                <dateStamp>2023-07-06T00:44:44Z</dateStamp>
                <citation>Gonzalez-Oliva L, Rodríguez Alfaro C, Oviedo R (2023). Distribution of Alien Invasive Plants in Cuba. IUCN/SSC Cuban Plant Specialist Group. Occurrence dataset https://doi.org/10.15468/yvbkp3 accessed via GBIF.org on 2023-07-06.</citation>
                    <bibliography>
                <citation>Acevedo, C. 2013. Lista florística del archipiélago de los Jardines de la Reina, Cuba. Revista Cubana De Ciencias Biológicas 2(3): 62-72</citation>
                <citation>Acosta, Z. &amp; García-Beltrán, J.A. 2021. Flora de las Sierras de Guane y de Paso Real, Pinar del Río, Cuba Revista del Jardín Botánico Nacional 42: 137-155</citation>
                <citation>Balatová Tuclacková, E., &amp; Capote, R. 1985. Contribution to the Knowledge of Some Savanna and Forb-rich Communities on the Isla de la Juventud (Cuba). Folia Geobot. Phytotax. Praha 20: 17–39</citation>
                <citation>Balatova, E. &amp; Capote, R. 1992. Contribution to the Knowledge of the Savanna and Forb-rich Communities of Pinar del Rio Province (Cuba). Phytotaxa 27 (3): 225-336</citation>
                <citation>Barrios, D. 2018. Inventario florístico rápido en el monte Sotolongo, Quivicán, Mayabeque. Bissea 12(1):1</citation>
                <citation>Berazaín, R. 1981. La zona de vegetación serpentinícola del Jardín Botánico Nacional. Revista del Jardín Botánico Nacional 2(2): 151-181</citation>
                <citation>Berazaín, R. 1987. Notas sobre la vegetación y flora de la Sierra de Cajálbana y Sierra Preluda (Pinar del Río) Revista del Jardín Botánico Nacional 8(3): 39-68</citation>
                <citation>Berazaín, R., Rankin, R., Arias, I. &amp; Gutiérrez, J.E. 1985. Notas sobre la vegetación de serpentina en Camagüey. Revista del Jardín Botánico Nacional 6(2): 63-78</citation>
                <citation>Berazaín, R., Sánchez, C., Rankin, R. 1985. Breve reseña de los pinares en Sumidero, Pinar del Río. Revista del Jardín Botánico Nacional 6: 99-107</citation>
                <citation>Bisse, J., Gutiérrez, J., Arias, L. &amp; Rankin, R. 1985. Observaciones florísticas en la Sierra del Frijol (Provincia Guantánamo). Revista del Jardín Botánico Nacional 6(1): 83-97</citation>
                <citation>Bisse, J., Sánchez, C. &amp; Rankin, R. 1984. Breve caracterización de la flora y vegetación de los mogotes de Sumidero (Pinar del Río). Revista del Jardín Botánico Nacional 5(2): 77-97</citation>
                <citation>Borroto-Páez, R., Labrada, M. A., Mancina, C. &amp; Oviedo, R. 2007. Valoración rápida de la biodiversidad en cayos al sureste de la Ciénaga de Zapata (Cuba). Orsis 22: 9-33</citation>
                <citation>Brooks Laverdeza, R. M., Acosta Cantillo, F., Deroncelé Ruano, M., Blanco Ojeda, J., &amp; Pérez Verdecia, N. A. 2019. Espermatófitos de la Reserva Natural El Retiro, Santiago de Cuba. Revista del Jardín Botánico Nacional 40: 59–86</citation>
                <citation>Cantos Cevallos, G., Sánchez Fonseca, J., González, E., Álvarez, P., &amp; Telo, L. 2018. Ecología y manejo silvícola para la rehabilitación del bosque pluvisilva de baja altitud sobre complejo metamórfico. Revista Cubana de Ciencias Forestales 6(1): 340–351</citation>
                <citation>Capote, R.P., García, E.E. &amp; Sánchez, C. 1983. La vegetación de la estación ecológica Sierra del Rosario. Revista del Jardín Botánico Nacional 4(2): 97-143</citation>
                <citation identifier="https://www.jstor.org/stable/42597246">Castañeda Noa, I. 2006. Flora del Área Protegida Mogotes de Jumagua, Villa Clara, Cuba. Revista Del Jardín Botánico Nacional 27: 47–59</citation>
                <citation>Castell Puchades, Miguel Ángel Almarales Castro, Abel Acosta Cantillo, F. 2016. Diversidad florística del Paisaje Natural Protegido Estrella-Aguadores, Santiago de Cuba, Cuba. Caldasia 38(2): 314–332. https://dx.doi.org/10.15446/caldasia.v38n2.61209</citation>
                <citation>Claro, A. &amp; Rodríguez, L. 1989. Estudio florístico de la vegetación xerofítica del norte de Matanzas. Revista del Jardín Botánico Nacional 10(2): 129-145</citation>
                <citation>Corona-Rodríguez, A. &amp; Peñalver-Jaime, A.M. 2017. Caracterización de la vegetación de un mogote de Palma del Perro, municipio de Guisa, provincia Granma. REDEL. Revista Granmense de Desarrollo Local 1(3): 300-312</citation>
                <citation identifier="https://www.redalyc.org/articulo.oa?id=181353794005">Costa-Acosta, J., Tamayo-Fonseca, J. A., &amp; Ocano-Busía, C. A. 2017. Notas sobre la flora de Managuano, Niquero, Granma, Cuba. Ciencia en su PC, (4):1-22. https://www.redalyc.org/articulo.oa?id=181353794005</citation>
                <citation>Del Risco Rodríguez, E., Barreto Valdés, A., Salgueiro, N. E., Herrera Oliver, P., &amp; Oviedo Prieto, R. 1999. Notas sobre la flora y vegetación de Punta de Macurijes y sus alrededores, SW municipio Vertientes, Camagüey, Cuba. Acta Botánica Cubana 173: 1–6. http://repositorio.geotech.cu/jspui/handle/1234/3130</citation>
                <citation>Díaz, M. A., González, L., Leiva A. T., Medina, A. R 1981. Contribución al estudio de los ecosistemas de &quot;arenas blancas&quot; en la provincia de Pinar del Río. Revista Jardín Botánico Nacional 2(2): 115-149</citation>
                <citation>Dupotey, H. M., Ríos, H. G., Corona, A. V., &amp; Iglesias, J. A. B. 2005. Estudio dasométrico de los bosques pluvisilvias de la empresa forestal integral Baracoa. Revista Forestal Baracoa 24(2)</citation>
                <citation>Elenevki, A., Méndez, I.E., Trujillo, R., Martínez, V. &amp; del Risco, R. 1988. Inventario florístico de Cayo Sabinal. Revista del Jardín Botánico Nacional 9(2): 51-63</citation>
                <citation>Esquivel, M. , Shagarodsky, T., Espinosa,  J.,  Rodríguez, N. 1990. La Expedición INIFAT&apos;87 a la provincia de Guantánamo, Cuba. Revista del Jardín Botánico Nacional 11: 155-158</citation>
                <citation>Faife-Cabrera, M., Pérez-Obregón, A., &amp; González-Leiva, L. 2020. Diversidad florística de cayo Paredón Grande, Ciego de Ávila, Cuba. Acta Botánica Cubana, 219(2). http://www.revistasgeotech.com/index.php/abc/article/view/331</citation>
                <citation>Falcón Méndez, A., Junco Horta, J. Z., Domínguez González, A., Rosete Blandariz, S., &amp; Rosa Angulo, R. 2015. Flora y vegetación de Lomas de La Canoa, Reserva de la Biosfera Buenavista, Cuba. Revista Cubana de Ciencias Forestales 3(1)</citation>
                <citation identifier="http://www.scielo.org.mx/scielo.php?script=sci_arttext&amp;pid=S0065-17372007000200004&amp;lng=es&amp;tlng=en.">Fernández-Hernández, D.M. 2007. Butterflies of the agricultural experiment station of tropical roots and tubers, and Santa Ana, Camagüey, Cuba: an annotated list. Acta zoológica mexicana 23(2): 43-75. http://www.scielo.org.mx/scielo.php?script=sci_arttext&amp;pid=S0065-17372007000200004&amp;lng=es&amp;tlng=en</citation>
                <citation>Figueredo, L. M., Acosta Cantillo, F., Castell Puchades, M. Á., &amp; Polanco Durán, G. 2020. Diversidad florística de la comunidad de Verraco, reserva de la biosfera Baconao, Cuba. Foresta Veracruzana 15(1): 1405–7247. http://www.redalyc.org/articulo.oa?id=49728291002</citation>
                <citation>Figueredo, L.M. 2015. Diversidad florística de las terrazas costeras de la reserva de la biosfera Baconao. Propuesta de conservación. Tesis doctoral, Universidad de Alicante -Universidad de Alicante. http://hdl.handle.net/10045/50224</citation>
                <citation>Gallardo Cruz, A. D. la C., &amp; Acosta Ramos, Z. 2019. Caracterización del bosque de pinos sobre arenas cuarcíticas de la Reserva Ecológica Los Pretiles, Pinar del Río, Cuba, Revista Cubana De Ciencias Forestales 7(1): 125–144</citation>
                <citation identifier="https://revistasgeotech.com/index.php/abc/article/view/197">García-Lahera, J. P., Ceballo, O., Pulido, J., Mederos, E. L. &amp; Sañudo, R. 2017. Flora y vegetación de la propuesta de área protegida Delta del Agabama-Casilda, Trinidad, Sancti Spíritus, Cuba. Acta Botánica Cubana 206(3): 143-166</citation>
                <citation>García-Lahera, J. P., Orozco Morgado, A., &amp; Bécquer, E. R. 2001. Estudio de la flora y vegetación de una localidad cársica de la Reserva Ecológica “Alturas de Banao”, Sancti Spiritus. Revista Del Jardín Botánico Nacional 22(1): 49–65</citation>
                <citation identifier="http://repositorio.geotech.cu/jspui/handle/1234/632">Garcia, E. E. &amp; Herrera, P. P. 2010. Flora, vegetación y modificaciones ecólogo paisajísticas del Archipiélago de los Canarreos, Cuba. Acta Botánica Cubana 209:1-24</citation>
                <citation>García, E. E. &amp; Herrera, P. P. 2011. Dinámica de la vegetación, especies expansivas y especies invasoras de bosques semideciduos y de ciénaga: llanura cársica del sur de Isla de la Juventud, Cuba. Acta Botánica Cubana 214: 1-23</citation>
                <citation>García, E.E., Capote, R.P., Herrera, P., Surlí, M. 1985. La vegetación del Sur de Isla de la Juventud. Revista del Jardín Botánico Nacional 6(2): 79-94</citation>
                <citation>Gómez Hechavarría, J. L., &amp; Cuellar Araújo, N. 2012. Flora de las serpentinitas de San Andrés, Holguín, Cuba. Revista Del Jardín Botánico Nacional 32/33: 111–124</citation>
                <citation>Gómez, J.L., Falcón, B., de Vales, D., Figueroa, N. &amp; Valdés, R. 2018. Inventario florístico rápido en alrededores de la Bahía de Taco, Baracoa, Guantánamo. Bissea 12(2): 1</citation>
                <citation>Gómez, J.L., Falcón, B., de Vales, D., Figueroa, N. &amp; Valdés, R. 2018. Inventario florístico rápido en la altiplanicie de Mina Iberia, Baracoa, Guantánamo. Bissea 12(3): 1</citation>
                <citation>Gómez, J.L., Falcón, B., de Vales, D., Figueroa, N. &amp; Valdés, R. 2018. Inventario florístico rápido en las serpentinitas de Yamanigüey, Moa, Holguín. Bissea 12(4): 1</citation>
                <citation>Gómez, M., Méndez, I., Catasús, L. 1996-1997. Gramíneas espontáneas o promisorias como pastos y/o forrajes en la provincia de Camaguey. Revista del Jardín Botánico Nacional 17/18: 117-122</citation>
                <citation>González Gutiérrez, P. A. 2015. Reporte de exploraciones botánicas en localidades de Gibara, provincia Holguín, Cuba. Revista Del Jardín Botánico Nacional 36: 103–111</citation>
                <citation>González Gutiérrez, P. A., Gómez Hechavarria, J. L., Leyva Bermúdez, O., &amp; Hernández, Y. 2015. Flora de la Reserva Florística Manejada cabo Lucrecia-punta de Mulas, Banes, Holguín. Revista Del Jardín Botánico Nacional 36: 65–77</citation>
                <citation identifier="https://www.jstor.org/stable/26296182">González Gutiérrez, P. A., Suárez Terán, S. I., Bermúdez, O. L., Gómez Hechavarría, J. L., &amp; Carmenate Reyes, W. 2017. Flora y vegetación de la Reserva Ecológica Caletones, Gibara, Holguín, Cuba. Revista Del Jardín Botánico Nacional 38: 15–40</citation>
                <citation identifier="http://repositorio.geotech.cu/jspui/handle/1234/3456">González Gutiérrez, P. A., Suárez Terán, S. I., Raydon Almaguer, A., &amp; Vega Torres, A. 2003. Vegetación y flora de la localidad Bahía de Cananova - Bahía de Cebollas, Frank País, Holguín. Acta Botánica Cubana 193: 1–13</citation>
                <citation>González Gutiérrez, P. A., SuárezTerán, S. L., Sigarreta Vilches, S., Fernández Velázquez, A., &amp; Laffita Gámez, O. 2004. Flora y vegetación de Caletica, Rafael Freyre, Holguín. Revista Del Jardín Botánico Nacional 25: 131–140</citation>
                <citation identifier="https://www.jstor.org/stable/42597245">González Gutiérrez, P. A., Verdecía Góngora, J. L., Leiva, O., Matos, A., &amp; Peña, R. 2006. Apuntes sobre la flora y la vegetación del sector costero Corinthia-Barrederas, Frank País, Holguín. Revista Del Jardín Botánico Nacional 27: 33–45</citation>
                <citation>González Gutiérrez, Pedro A. Carmenate Reyes, W. 2018. Inventarios florísticos en localidades de la península El Ramón, Antilla, provincia Holguín, Cuba. Revista Del Jardín Botánico Nacional 39: 59–73</citation>
                <citation identifier="http://dx.doi.org/10.13140/RG.2.2.12541.84966">González-Oliva L., Regalado L. (eds.) 2014. Especies invasoras en Cuba. Informe final del proyecto Especies Invasoras en la República de Cuba, códigos AMA-PNAP-DB-1107 (en 2014), DB-1107 (entre 2011-2013). Instituto de Ecología y Sistemática CITMA, Cuba.</citation>
                <citation identifier="https://www.researchgate.net/publication/305540779_Inventario_de_flora_invasora_en_la_region_ultramafica_de_Cajalbana_Cuba">González-Oliva, L., Regalado, L., Hernández, A., Oviedo, R., &amp; Núñez, R. (2016). Inventario de flora invasora en la región ultramáfica de Cajálbana, Cuba. Revista Cubana de Ciencias Biológicas 5(1):113-121</citation>
                <citation>González-Torres et al. 2008. Nueva planta invasora en Cuba. Bissea 2(2)</citation>
                <citation>Gutiérrez-Amaro, J. 1980. La Sierra del Turquino. Informe florístico. Revista del Jardín Botánico Nacional 1(2/3): 83-89</citation>
                <citation>Hernández E.E. 1985. Las Palmas en el Jardín Botánico Nacional. Revista del Jardín Botánico Nacional 6(1): 9-17</citation>
                <citation>Hernández Sabourín, E., González Peña, F., &amp; Tamayo Reyes, M. 2019. Flora y Vegetación del Parque Nacional Desembarco del Granma: Sus potencialidades docentes. Revista ECOVIDA 8(2): 213-227. https://revistaecovida.upr.edu.cu/index.php/ecovida/article/view/139</citation>
                <citation>Izquierdo Medero, K., Cáceres Rodríguez, A. M., Márquez Lam, C. A., Fajardo Valdés, A., &amp; Pimentel Chirino, A. 2017. Estado actual de la población de Quercus sagrana (Fagaceae) en el encinar de Manuel Lazo, Pinar del Río, Cuba. Acta Botánica Cubana 216(3). https://revistasgeotech.com/index.php/abc/article/view/196</citation>
                <citation>Leiva, A. 1980. Plantas Cubanas en el Jardín Botánico Nacional. Revista del Jardín Botánico Nacional 1(2/3): 91-114</citation>
                <citation>Leiva, A. 1995. Creación y exposición de la vegetación nativa de Cuba en el Jardín Botánico Nacional y su contribución a la conservación de plantas raras y amenazadas. Revista del Jardín Botánico Nacional 16: 175-183</citation>
                <citation>León Cabrera, J., &amp; Vitlloch Ramos, A. L. 2020. Flora y vegetación del Caletón de Don Bruno, Cienfuegos , Cuba. Centro Agrícola 47(4): 42–53</citation>
                <citation>Marquez et al. 2013. Primer reporte de Scaevola sericea y S. plumieri (Goodeniaceae) en la península de Guanahacabibes, Cuba. Acercamiento a la historia natural de una invasión biológica enun área protegida. ECOVIDA 4(1)</citation>
                <citation>Martínez López, Y., González Gomes, L. A., Martínez Rodríguez, E., Benigno Paes, J., Correa Méndez, F., &amp; Ferreira da Silva, L. 2018. Percepción comunitaria sobre la extensión forestal para la conservación de la cuenca del río Toa, Cuba. UNED Research Journal / Cuadernos de Investigación UNED 10(1): 166-171. https://doi.org/10.22458/urj.v10i1.2021</citation>
                <citation>Martínez Quesada, E. (2012). Riqueza de especies y endemismo de las espermatófitas en las pluvisilvas de la Región Oriental de Cuba. Revista Del Jardín Botánico Nacional, 32–33, 79–109. http://www.jstor.org/stable/23725917</citation>
                <citation>Martínez Quesada, E. (2021). Inventario florístico rápido en cayo Guajaba, archipiélago Sabana-Camagüey. Acta Botánica Cubana, 220. http://revistasgeotech.com/index.php/abc/article/view/392</citation>
                <citation>Martínez Quesada, E. 2020. Vegetación y flora asociada de los principales Cayos del Archipiélago de los Jardines de la Reina, Cuba. Revista Del Jardín Botánico Nacional 41: 175-188</citation>
                <citation>Martínez Quesada, E., &amp; Reyes Domínguez, O. J. 2015. Caracterización de la vegetación de la meseta de San Felipe en Camagüey, Cuba, con propósitos de conservación. Revista Del Jardín Botánico Nacional 36: 19–30</citation>
                <citation>Martínez-Quesada, E. 2011. Estudio y evaluación de las comunidades vegetales en la playa Santa Lucía (Cuba), antes y después del paso del huracán Ike. Caldasia, 33(1): 139–153</citation>
                <citation>Martínez, J.I., Batista, R. 1992. Los Jardines de Casas Museos Coloniales de La Habana Vieja, Cuba. Revista del Jardín Botánico Nacional 13: 129-135</citation>
                <citation identifier="https://www.jstor.org/stable/42597198">Matos Mederos, J., Torres Bilbao, A., &amp; Rosada Alfonso, O. 2002. Caracterización florística y fisonómica de las sabanas de la reserva manejada de flora “Monte Ramonal”. Revista del Jardín Botánico Nacional 23(2): 137–16</citation>
                <citation>Méndez Barceló, A., 2008. Lista preliminar de órdenes y familias de insectos en la cuenca hidrográfica de La Cana, Las Tunas. Fitosanidad 12(3): 135-142 https://www.redalyc.org/articulo.oa?id=209115572011	13</citation>
                <citation>Méndez Orozco, O. R., Faife Cabrera, M., &amp; Castañeda Noa, I. 2015. Flora y vegetación de las serpentinas ubicadas al suroeste de Santa Clara, Villa Clara, Cuba. Revista Del Jardín Botánico Nacional 36: 55–64</citation>
                <citation identifier="https://www.jstor.org/stable/42597046">Méndez Santos, I. E., &amp; Risco Villalobo, R. A. 1999. Apuntes sobre la flora y vegetación de la Península de Pastelillo y la Cayería de los Ballenatos, Nuevitas, Camagüey. Revista Del Jardín Botánico Nacional 20: 41–56</citation>
                <citation>Mendéz, I., Catasús, L., Caballero, R., Risco, R.1989. Contribución al conocimiento de las Gramíneas de la Meseta de San Felipe. Revista del Jardín Botánico Nacional 10: 109-112</citation>
                <citation>Mendéz, I., Gómez, M., Catasús, L. 1992. Notas sobre la Flora y Vegetación de la Provincia de Camaguey-III: Poaceae. Revista del Jardín Botánico Nacional 13: 63-71</citation>
                <citation identifier="https://www.jstor.org/stable/42596879">Méndez, I.E., Gueorguievich, A., Risco, R., Martínez, V. &amp; Trujillo, R. 1989. Contribución al conocimiento de la flora y vegetación de la Sierra de Cubitas (Camagüey). Revista del Jardín Botánico Nacional 10(2): 147-173</citation>
                <citation>Méndez, I.E., Martínez, V., Caballero, R., Risco, R., Morales, J., Mena, J., Reyes, D., Mercado, A., Mustelier, K., Motito, A.E. &amp; Gómez, M. 1990. Valoración de la propuesta de Reserva Natural Hoyo de Bonet, Sierra de Cubitas, Camagüey. Revista del Jardín Botánico Nacional 11: 135-153</citation>
                <citation>Méndez, I.E., Trujillo, R. &amp; Martínez, V. 1986. Inventario Florístico del Cerro de Tuabaquey (Sierra de Cubitas, Camagüey). Revista del Jardín Botánico Nacional 7(2): 67-78</citation>
                <citation>Menéndez, R., Castilla, R., Pelicié, O., Reyes, D., Berazaín, R.,  Kuznetzov, L. A.  1986. Introducción al estudio de la vegetación y la flora de la parte costera de la región de Baconao. Revista del Jardín Botánico Nacional 7: 37-47</citation>
                <citation>Mesa, I. 2010. Especies vegetales invasoras y expansivas en el cultivo de arroz (Oryza sativa L.) y su entorno en el Occidente de Cuba. Estudio de caso: Ciénaga de Zapata. Tesis de Diploma en opción al Título de Ingeniero Agrónomo. Universidad Agraria de La Habana &quot;Fructuoso Rodríguez Pérez&quot;. 52pp.</citation>
                <citation identifier="https://www.jstor.org/stable/42596702">Mielcarek, R. 1983. Breve análisis de la flora ruderal de calles, caminos y sus orillas de la Ciudad de La Habana. Revista del Jardín Botánico Nacional 4: 111-174</citation>
                <citation>Mijans Valdés, D., Mitjans Moreno, B., Bonilla Vichot, M. 2014. Composición florística del Monumento Nacional “Bosque de Piedra Isabel Rubio”. Revista Cubana de Ciencias Forestales, 2(2): 150-164. https://cfores.upr.edu.cu/index.php/cfores/article/view/89</citation>
                <citation>Montejo, L. A., Muñoz, B. C., Sánchez, J. A., &amp; Gamboa, A. 2014. Variabilidad seminal entre las especies de un bosque siempreverde tropical de la Sierra del Rosario, Cuba. Bosque 35(1): 37–47. doi:10.4067/S0717-92002014000100004</citation>
                <citation>Morales Martínez, A., &amp; Montero Díaz, A. 2020. Estudio florístico de la Reserva Ecológica La Coca, provincias La Habana y Mayabeque , Cuba. Revista Del Jardín Botánico Nacional 41: 189–208</citation>
                <citation>Moreno, V., Hernández, J.A., Miranda, N. 1996-1997. Plantas vasculares en un bosque natural destinado al establecimiento de helechos en el Jardín Botánico Nacional. Revista del Jardín Botánico Nacional 17/18: 97-104</citation>
                <citation>Moreno, V., Miranda, N. 1996-1997. Regeneración de Brosimum alicastrum Sw., Trophis racemosa (L.) Urb. y otras plantas de interés en un bosque semideciduo joven en el Jardín Botánico Nacional de Cuba. Revista del Jardín Botánico Nacional 17/18: 91-95</citation>
                <citation>Moreno, V., Zayas, A. 1992. Reintroducción de Rheedia aristata Griseb. en Río Hondo, La Habana. Revista del Jardín Botánico Nacional 13: 95-97</citation>
                <citation>Noa, A. &amp; Castañeda-Noa, I. 1998. Flora de las serpentinitas de Santa Clara. Revista del Jardín Botánico Nacional 19: 67-87</citation>
                <citation identifier="http://scielo.sld.cu/scielo.php?script=sci_arttext&amp;pid=S0864-03942013000200002&amp;lng=es&amp;nrm=iso">Oquendo, G., Machado, R., Corella, P., Pupo, N., Olivera, Y., Iglesias, J., &amp; Swaby, Y. 2013. Prospección y colecta de especies forrajeras en formaciones vegetales del municipio Rafael Freyre, Holguín, Cuba. Pastos y Forrajes 36(2): 159-168</citation>
                <citation>Oviedo, R., Fernández, M. &amp; Vales, M.A. 1988. Estudio florístico de Cayo Alfiler, Finca Toscano, Pinar del Río Revista del Jardín Botánico Nacional 9(3): 75-84</citation>
                <citation>Oviedo, R., Traveset, A., Valido, A., &amp; Brull, G. (2009). Sobre la presencia de Cneorum (Cneoraceae) en Cuba: ¿ejemplo de disyunción biogeográfica Mediterráneo-Caribe? Anales del Jardín Botánico de Madrid 66(1): 25–33. doi:10.3989/ajbm.2197</citation>
                <citation identifier="http://repositorio.geotech.cu/jspui/handle/1234/772">Parada Isada, A., E. Socarrás Torres, M. López Rojas, R. Gómez Fernández, A. Aguilar Velis, L. Menéndez Carrera y J. M. Guzmán Menéndez. 2006. Biota terrestre del norte de la provincia Ciego de Ávila. En: Ecosistemas costeros: biodiversidad y gestión de recursos naturales. Compilación por el XV Aniversario del CIEC. Sección I. Ecosistema del norte de la provincia Ciego de Ávila. CIEC. Editorial CUJAE. ISBN: 959-261-254-4</citation>
                <citation>Pérez Camacho, J. de los Á., Cruz, M. V., González, M. T., Oliver, P. H., &amp; Oviedo, R. 2018. Diversidad florística en sitios conservado y afectados por el uso del suelo en San Ubaldo-Sabanalamar (Pinar del Río, Cuba). Acta Botánica Cubana 217(3): 212–226</citation>
                <citation>Pérez Verdecia, N. A. 2017. Licófitos y helechos (Lycophytamonilophyta) d El Cañón, Sierra de Boniato, Santiago de Cuba, Cuba. Foresta Veracruzana 19(2): 1405–7247. http://www.redalyc.org/articulo.oa?id=49753656009</citation>
                <citation>Plascencia, J.M. 2008. Flora acuática de la provincia de Camagüey, Cuba. Polibotánica (25): 17-28. Recuperado de http://www.scielo.org.mx/scielo.php?script=sci_arttext&amp;pid=S1405-27682008000100003&amp;lng=es&amp;tlng=es</citation>
                <citation>Ramírez, J., &amp; Castañeda-Noa, I. 2017. Caracterización de la flora sobre serpentina al norte de la provincia de Sancti Spíritus, Cuba. Acta Botánica Cubana 216(2):103-115</citation>
                <citation>Rankin, R. 1992. La zona de plantas medicinales del Jardín Botánico Nacional de Cuba. Revista del Jardín Botánico Nacional 13: 107-113</citation>
                <citation>Ricardo, N. García, E. E.,  Capote, R., Vilamajó, D., Vandama, R. 1987. Flora y vegetación de las alturas mogotiformes de La Habana. Revista del Jardín Botánico Nacional  8: 33-52</citation>
                <citation>Ricardo, N. García, R. Lauzán, M. 1990. Comunidades sinantrópicas en la Reserva de la Biosfera de Sierra del Rosario, Cuba II. Sabana sobre serpentinita. Revista del Jardín Botánico Nacional 11: 75-90</citation>
                <citation>Ricardo, N., Vandana R., Jiménez Y., Caballero R., Vilamajó D. and Lauzán M. 1989. Reporte de nuevas comunidades ruderales de Cuba I, con dominancia de Viguiera dentata (Cav.) Spreng. Revista del Jardín Botánico Nacional 10: 175-191</citation>
                <citation identifier="https://rc.upr.edu.cu/jspui/bitstream/DICT/2184/1/Jos%C3%A9%20Luis%20Rodr%C3%ADguez%20Sosa.pdf">Rodríguez 2015. Contribución a la conservación de Juglans jamaicensis C. DC., en el Parque Nacional Turquino. Tesis de doctorado. Universidad de Pinar del Río “Hermanos Saíz Montes de Oca”, Cuba</citation>
                <citation>Rodríguez García, J.C., Barrero Medel, H., Rodríguez García, J. M. 2017. Modelo de crecimiento para Caesalpinia violacea (Mimosaceae) en la Empresa Forestal Integral (EFI) Guanahacabibes, Pinar del Río, Cuba. Revista ECOVIDA, [S.l.], v. 7, n. 1, p. 20-40, july 2017. ISSN 2076-281X. https://revistaecovida.upr.edu.cu/index.php/ecovida/article/view/108</citation>
                <citation>Rodríguez García, J.C., Barrero Medel, H., Rodríguez García, J. M. 2017. Turno técnico forestal para Acacia mangium (Mimosaceae) en la provincia Pinar del Río, Cuba. Revista ECOVIDA, [S.l.], v. 7, n. 1, p. 69-82, july 2017. ISSN 2076-281X. https://revistaecovida.upr.edu.cu/index.php/ecovida/article/view/112</citation>
                <citation>Rodríguez Villalobos, A., &amp; Urquiola Cruz, A. J. 1999. Flora y vegetación de la reserva de San Marcos. Instituto Superior Pedagógico de Pinar del Río “Rafael María de Mendive.”</citation>
                <citation identifier="https://www.jstor.org/stable/43840203">Rodríguez-Cala D. &amp; González-Oliva L. 2015. Invasión e impacto de Tithonia diversifolia (Asteraceae) en el Paisaje Natural Protegido Topes de Collantes, Cuba. Revista del Jardín Botánico Nacional 36: 151-162</citation>
                <citation>Rodríguez-Izquierdo, L., Luis Rodríguez-Jiménez, S., Lidia Macías-Figueroa, O., Benavides-Martell, B., Amaya-Martínez, O., Perdomo-Pujol, R., Pardo-Mesa, R., &amp; Miyares-Rodríguez, Y. 2017. Evaluación de la producción de alimentos y energia en fincas agropecuarias de la provincia Matanzas, Cuba. Pastos y Forrajes 40(3): 222+. https://link.gale.com/apps/doc/A533094211/IFME?u=googlescholar&amp;sid=googleScholar&amp;xid=3d393372</citation>
                <citation>Rodríguez, N. N., Muñoz, S., Fernández, A. M., Orta, R. 1982. Estudio ecológico y fitogeográfico de una región xerofítica de Cuba oriental. Revista del Jardín Botánico Nacional 3(1): 65-101</citation>
                <citation identifier="http://www.jstor.org/stable/43840206">Romero-Jiménez M., Más, L.., Oviedo R.., Pegudo J. A., Arias. A., &amp; Morales L. 2015. Situación de Scaevola sericea (Goodeniaceae) en la cayería noreste de Villa Clara, Cuba. Revista Del Jardín Botánico Nacional 36: 181–187.</citation>
                <citation>Romero-Jiménez, M., Castañeda-Noa, I. &amp; Más-Castellanos, L. 2015. Origen y estado actual de la flora espermatófita en áreas naturales de cayo Las Brujas, Villa Clara. Revista del Jardín Botánico Nacional 36: 31-46</citation>
                <citation identifier="http://repositorio.geotech.cu/jspui/handle/1234/1179">Rossis, R., Ricardo, N. E. &amp; Bastart, J. A. 2008. Caracterización de la flora y la vegetación de la Cuenca del Río Cojímar, Ciudad de La Habana, Cuba. Acta Botánica Cubana 200: 14-23</citation>
                <citation>Sánchez Abad, N. L., Oviedo Prieto, R., &amp; Berazaín Iturralde, R. 2008. Flora y vegetación de la Cuaba, Baracoa, Guantánamo. Jardín Botánico Nacional. Universidad de La Habana</citation>
                <citation>Sariego Frómeta S., Marín Morán J. E., Reyes Tur B., Castell Puchades M.Á., Sariego Tamayo O. R. 2022. Subnicho estructural de Parachondria neglectus (Littorinimorpha: Annulariidae) en Manzanillo, Cuba. Rev Cubana Ciencias 10( 1 ): 107-120. http://scielo.sld.cu/scielo.php?script=sci_arttext&amp;pid=S2310-34692022000100107&amp;lng=es</citation>
                <citation>Sierra, J., Morales, R., Hernández, E.E. 1988. La colección viva de Begonias del Jardín Botánico Nacional. Características, uso y estado actual. Revista del Jardín Botánico Nacional 9: 75-80</citation>
                <citation>Sotillo, A., Menéndez, L., Guzmán, J. M. &amp; González, A. 2016. Flora asociada al carso en el sureste de cayo Romano, archipiélago Sabana-Camagüey, Cuba. Acta Botánica Cubana 215(1): 48-60</citation>
                <citation identifier="https://www.jstor.org/stable/43840205">Testé E., González-Oliva L. &amp; Márquez A. 2015. Invasión actual y potencial del árbol tóxico Rhus succedanea (Anacardiaceae) en el Paisaje Natural Protegido Topes de Collantes, Cuba. Revista del Jardín Botánico Nacional 36: 173-180</citation>
                <citation>Urquiola, A. R., Bermúdez, E. P., Faite Cabrera, M., Díaz Ramírez, L., Urquiola Cabrera, A., González Pumaniega, M., Rivero Rodríguez, Y., Chirino Pumaniega, G., Soto Fernández, O., Morejón Hernández, R., Vales González, A., Oviedo Prieto, R., González Geigel, L. C., Urquiola Cruz, A. J., Leiva Sánchez, A. T., Warren Wiley, J., &amp; Ibarra Martín, M. E. 2001. Estudio cualitativo del Complejo vegetación de mogote en Sierra del Infierno, Pinar del Río. Revista Del Jardín Botánico Nacional 22(2): 165–193</citation>
                <citation>Valdés-Lafont, O. &amp; Capote, R.P. 1989. El distrito Sagüense (Cuba Central): contribución al conocimiento de sus características fitogeográficas. Revista del Jardín Botánico Nacional 10(3): 229-250</citation>
                <citation identifier="http://www.jstor.org/stable/23725920">Ventosa Rodríguez, I., &amp; Fuentes Marrero, I. M. 2012. Flora espermatófita y las formaciones vegetales de la Sierra de la Güira, Pinar del Río, Cuba. Revista Del Jardín Botánico Nacional 32/33: 145–162. http://www.jstor.org/stable/23725920</citation>
                <citation>Villate, M., Pérez, J.A., Ricardo, N.E., Herrera, P.P., Vento, A. D., González, E., Alfonso, J. &amp; Acosta, Z. 2016. Actualización de la flora en la Reserva Florística Manejada San Ubaldo-Sabanalamar, Pinar del Río, Cuba. Acta Botánica Cubana 215(1): 80-100</citation>
                <citation identifier="https://doi.org/10.3372/cubalist.2022.1">Greuter W. &amp; Rankin-Rodríguez R. (2022) Plantas Vasculares de Cuba. Inventario. Tercera edición, actualizada, de Espermatófitos de Cuba. Botanischer Garten &amp; Botanisches Museum Berlin, Jardín Botánico Nacional, Universidad de La Habana.</citation>
                    </bibliography>
            </gbif>
        </metadata>
    </additionalMetadata>

</eml:eml>
