<?xml version="1.0" encoding="utf-8"?>
<eml:eml xmlns:eml="eml://ecoinformatics.org/eml-2.1.1" xmlns:xsi="http://www.w3.org/2001/XMLSchema-instance"
         xsi:schemaLocation="eml://ecoinformatics.org/eml-2.1.1 http://rs.gbif.org/schema/eml-gbif-profile/1.2/eml.xsd"
packageId="63e9e22d-a649-4087-b39e-acb1651af077"  system="http://gbif.org" scope="system"
xml:lang="en">

    <dataset>
            <alternateIdentifier>10.15468/s5auru</alternateIdentifier>
        <title>Geneva Herbarium – De Candolle&apos;s Prodromus (G-DC)</title>
            <associatedParty>
            <individualName>
                    <surName>Raoul Palese</surName>
            </individualName>
<electronicMailAddress>raoul.palese@ville-ge.ch</electronicMailAddress>            <role>TECHNICAL_POINT_OF_CONTACT</role>
            </associatedParty>
        <language>en</language>
            <abstract>
                    <para>This herbarium includes the specimens used for the preparation of the 17 volumes of the “Prodrome” (1824-1873), and its continuation: the “Monographiae Phanerogamarium” (1874-1896) as well as the Casimir De Candolle collection of Piperaceae. Other collections within the original herbarium of the De Candolle family have been incorporated into the General Collection-G.</para>
            </abstract>
            <intellectualRights>
                    <para>This work is licensed under a <ulink url="http://creativecommons.org/licenses/by-nc/4.0/legalcode"><citetitle>Creative Commons Attribution Non Commercial (CC-BY-NC) 4.0 License</citetitle></ulink>.</para>
            </intellectualRights>
            <distribution scope="document">
                <online>
                    <url function="information">http://www.ville-ge.ch/cjb/bd.php#catherb</url>
                </online>
            </distribution>
            <contact>
            <individualName>
                    <surName>Laurent Gautier</surName>
            </individualName>
<electronicMailAddress>herb-phanero.cjb@ville-ge.ch</electronicMailAddress>            </contact>

    </dataset>

    <additionalMetadata>
        <metadata>
            <gbif>
                <dateStamp>2023-07-06T00:44:44Z</dateStamp>
                <citation>Conservatoire et Jardin botaniques de la Ville de Genève - G. Geneva Herbarium – De Candolle&apos;s Prodromus (G-DC). Occurrence dataset https://doi.org/10.15468/s5auru accessed via GBIF.org on 2023-07-06.</citation>
                    <resourceLogoUrl>http://data.gbif.ch/gbif-portal/institutions/23/logo</resourceLogoUrl>
            </gbif>
        </metadata>
    </additionalMetadata>

</eml:eml>
