<?xml version="1.0" encoding="utf-8"?>
<eml:eml xmlns:eml="eml://ecoinformatics.org/eml-2.1.1" xmlns:xsi="http://www.w3.org/2001/XMLSchema-instance"
         xsi:schemaLocation="eml://ecoinformatics.org/eml-2.1.1 http://rs.gbif.org/schema/eml-gbif-profile/1.2/eml.xsd"
packageId="6a9821e5-2442-4b93-a040-152aecf95d83"  system="http://gbif.org" scope="system"
xml:lang="en">

    <dataset>
            <alternateIdentifier>10.15468/esrzfs</alternateIdentifier>
                <alternateIdentifier>https://science-net.kahaku.go.jp/ipt2/resource?r=snet-1081-101</alternateIdentifier>
                <alternateIdentifier>6a9821e5-2442-4b93-a040-152aecf95d83</alternateIdentifier>
                <alternateIdentifier>http://science-net.kahaku.go.jp/ipt2/resource?r=snet-1081-101</alternateIdentifier>
        <title>Vascular plant specimens of Omachi Alpine Museum</title>
            <creator>
            <individualName>
<givenName>Satoshi</givenName>                    <surName>Chiba</surName>
            </individualName>
<organizationName>Omachi Alpine Museum</organizationName><positionName>curator</positionName>            <address>
<country>JAPAN</country>            </address>
<electronicMailAddress>chiba-satoshi@city.omachi.nagano.jp</electronicMailAddress>            </creator>
            <metadataProvider>
            <individualName>
<givenName>Satoshi</givenName>                    <surName>Chiba</surName>
            </individualName>
<organizationName>Omachi Alpine Museum</organizationName><positionName>curator</positionName>            <address>
<country>JAPAN</country>            </address>
<electronicMailAddress>chiba-satoshi@city.omachi.nagano.jp</electronicMailAddress>            </metadataProvider>
            <pubDate>
                2023-03-22
            </pubDate>
        <language>ENGLISH</language>
            <abstract>
                    <para>Vascular plant specimens deposited at Omachi Alpine Museum (OAM)</para>
            </abstract>
                <keywordSet>
                        <keyword>Occurrence</keyword>
                        <keywordThesaurus>GBIF Dataset Type Vocabulary: http://rs.gbif.org/vocabulary/gbif/dataset_type_2015-07-10.xml</keywordThesaurus>
                </keywordSet>
            <intellectualRights>
                    <para>This work is licensed under a <ulink url="http://creativecommons.org/licenses/by/4.0/legalcode"><citetitle>Creative Commons Attribution (CC-BY) 4.0 License</citetitle></ulink>.</para>
            </intellectualRights>
            <maintenance>
                <description>
                    <para></para>
                </description>
                <maintenanceUpdateFrequency>unkown</maintenanceUpdateFrequency>
            </maintenance>
            <contact>
            <individualName>
<givenName>Satoshi</givenName>                    <surName>Chiba</surName>
            </individualName>
<organizationName>Omachi Alpine Museum</organizationName><positionName>curator</positionName>            <address>
<country>JAPAN</country>            </address>
<electronicMailAddress>chiba-satoshi@city.omachi.nagano.jp</electronicMailAddress>            </contact>

    </dataset>

    <additionalMetadata>
        <metadata>
            <gbif>
                <dateStamp>2023-07-06T00:44:46Z</dateStamp>
                <citation>Chiba S (2023). Vascular plant specimens of Omachi Alpine Museum. Version 1.5. National Museum of Nature and Science, Japan. Occurrence dataset https://doi.org/10.15468/esrzfs accessed via GBIF.org on 2023-07-06.</citation>
            </gbif>
        </metadata>
    </additionalMetadata>

</eml:eml>
