<?xml version="1.0" encoding="utf-8"?>
<eml:eml xmlns:eml="eml://ecoinformatics.org/eml-2.1.1" xmlns:xsi="http://www.w3.org/2001/XMLSchema-instance"
         xsi:schemaLocation="eml://ecoinformatics.org/eml-2.1.1 http://rs.gbif.org/schema/eml-gbif-profile/1.2/eml.xsd"
packageId="6cb64442-84fe-4f9f-be21-0ab7ff7cd06c"  system="http://gbif.org" scope="system"
xml:lang="en">

    <dataset>
            <alternateIdentifier>10.15468/bbwdh7</alternateIdentifier>
                <alternateIdentifier>https://armenia.ipt.gbif.no/resource?r=obs_ala_avagyan</alternateIdentifier>
                <alternateIdentifier>6cb64442-84fe-4f9f-be21-0ab7ff7cd06c</alternateIdentifier>
        <title>Field observations in the framework of CESP2021-010:Mentoring GBIF Armenia – GBIF France and GIZ-83406212:Biodiversity Data Digitization, Mobilization and Management in Armenia</title>
            <creator>
            <individualName>
<givenName>Ala</givenName>                    <surName>Avagyan</surName>
            </individualName>
<organizationName>Scientific Center of Agrobiotechnology&quot; Branch of ANAU Foundation</organizationName><positionName>Student</positionName>            <address>
<country>ARMENIA</country>            </address>
            </creator>
            <creator>
            <individualName>
<givenName>Arman</givenName>                    <surName>Hovakimyan</surName>
            </individualName>
<organizationName>Scientific Center of Agrobiotechnology&quot; Branch of ANAU Foundation</organizationName><positionName>Student</positionName>            <address>
<country>ARMENIA</country>            </address>
            </creator>
            <creator>
            <individualName>
<givenName>Artyom</givenName>                    <surName>Gasparyan</surName>
            </individualName>
<organizationName>Scientific Center of Agrobiotechnology&quot; Branch of ANAU Foundation</organizationName><positionName>Student</positionName>            </creator>
            <creator>
            <individualName>
<givenName>Diana</givenName>                    <surName>Sumbulyan</surName>
            </individualName>
<organizationName>Scientific Center of Agrobiotechnology&quot; Branch of ANAU Foundation</organizationName><positionName>Student</positionName>            <address>
<country>ARMENIA</country>            </address>
            </creator>
            <creator>
            <individualName>
<givenName>Maria</givenName>                    <surName>Krtikashyan</surName>
            </individualName>
<organizationName>Scientific Center of Agrobiotechnology&quot; Branch of ANAU Foundation</organizationName><positionName>Student</positionName>            <address>
<country>ARMENIA</country>            </address>
            </creator>
            <metadataProvider>
            <individualName>
<givenName>Armine</givenName>                    <surName>Abrahamyan</surName>
            </individualName>
<organizationName>GBIF Armenia</organizationName><positionName>Researcher</positionName><electronicMailAddress>arm_abrahamyan@yahoo.com</electronicMailAddress>            </metadataProvider>
            <associatedParty>
            <individualName>
                    <surName>GBIF France</surName>
            </individualName>
<organizationName>GBIF France</organizationName><positionName>IT support</positionName>            <address>
<deliveryPoint>43 rue Buffon</deliveryPoint><city>Paris</city><administrativeArea>Île-de-France</administrativeArea><postalCode>75005</postalCode><country>FRANCE</country>            </address>
<phone>+33140798065</phone><electronicMailAddress>connexion@gbif.fr</electronicMailAddress><onlineUrl>http://www.gbif.fr</onlineUrl>            <role>DISTRIBUTOR</role>
            </associatedParty>
            <pubDate>
                2022-11-29
            </pubDate>
        <language>ENGLISH</language>
            <abstract>
                    <para>Data mobilized through the CESP2021-010:Mentoring GBIF Armenia – GBIF France and  
GIZ-83406212:Biodiversity Data Digitization, Mobilization and Management in Armenia projects. </para>
            </abstract>
                <keywordSet>
                        <keyword>Occurrence</keyword>
                        <keywordThesaurus>GBIF Dataset Type Vocabulary: http://rs.gbif.org/vocabulary/gbif/dataset_type_2015-07-10.xml</keywordThesaurus>
                </keywordSet>
            <intellectualRights>
                    <para>This work is licensed under a <ulink url="http://creativecommons.org/licenses/by/4.0/legalcode"><citetitle>Creative Commons Attribution (CC-BY) 4.0 License</citetitle></ulink>.</para>
            </intellectualRights>
            <maintenance>
                <description>
                    <para></para>
                </description>
                <maintenanceUpdateFrequency>unkown</maintenanceUpdateFrequency>
            </maintenance>
            <contact>
            <individualName>
<givenName>Armine</givenName>                    <surName>Abrahamyan</surName>
            </individualName>
<organizationName>GBIF Armenia</organizationName><positionName>Researcher</positionName>            <address>
<country>ARMENIA</country>            </address>
<electronicMailAddress>arm_abrahamyan@yahoo.com</electronicMailAddress>            </contact>

            <project id="CESP2021-010">
                <title>Mentoring GBIF Armenia – GBIF France | GIZ-83406212:Biodiversity Data Digitization, Mobilization and Management in Armenia</title>
                    <personnel>
            <individualName>
<givenName>Armine</givenName>                    <surName>Abrahamyan</surName>
            </individualName>
            <role>POINT_OF_CONTACT</role>
                    </personnel>
                <abstract>
                    <para></para>
                </abstract>
                <funding>
                    <para></para>
                </funding>
            </project>
    </dataset>

    <additionalMetadata>
        <metadata>
            <gbif>
                <dateStamp>2023-07-06T00:44:47Z</dateStamp>
                <citation>Avagyan A, Hovakimyan A, Gasparyan A, Sumbulyan D, Krtikashyan M, Abrahamyan A (2022). Field observations in the framework of CESP2021-010:Mentoring GBIF Armenia – GBIF France and GIZ-83406212:Biodiversity Data Digitization, Mobilization and Management in Armenia. Version 1.1. &quot;Scientific Center of Agrobiotechnology&quot; Branch of ANAU Foundation. Occurrence dataset https://doi.org/10.15468/bbwdh7 accessed via GBIF.org on 2023-07-06.</citation>
            </gbif>
        </metadata>
    </additionalMetadata>

</eml:eml>
