<?xml version="1.0" encoding="utf-8"?>
<eml:eml xmlns:eml="eml://ecoinformatics.org/eml-2.1.1" xmlns:xsi="http://www.w3.org/2001/XMLSchema-instance"
         xsi:schemaLocation="eml://ecoinformatics.org/eml-2.1.1 http://rs.gbif.org/schema/eml-gbif-profile/1.2/eml.xsd"
packageId="702f9ad3-9ff5-4fa5-8b9d-88b35af3da5b"  system="http://gbif.org" scope="system"
xml:lang="en">

    <dataset>
            <alternateIdentifier>10.15553/c2015v701a10</alternateIdentifier>
                <alternateIdentifier>702f9ad3-9ff5-4fa5-8b9d-88b35af3da5b</alternateIdentifier>
                <alternateIdentifier>10.15468/av4262</alternateIdentifier>
                <alternateIdentifier>1503FD6DCB3E3129FF8DF74D683A055A</alternateIdentifier>
        <title>Notes à la flore de Corse, XXV</title>
            <creator>
            <individualName>
<givenName>Daniel</givenName>                    <surName>Jeanmonod</surName>
            </individualName>
            </creator>
            <metadataProvider>
            <individualName>
                    <surName>carolina</surName>
            </individualName>
<organizationName>Plazi</organizationName>            </metadataProvider>
            <associatedParty>
<organizationName>Plazi</organizationName>            <address>
<city>Bern</city><country>SWITZERLAND</country>            </address>
<electronicMailAddress>info@plazi.org</electronicMailAddress><onlineUrl>http://plazi.org/</onlineUrl>            <role>PUBLISHER</role>
            </associatedParty>
            <pubDate>
                2015-06-01
            </pubDate>
        <language>FRENCH</language>
            <abstract>
                    <para>This dataset contains the digitized treatments in Plazi based on the original journal article Jeanmonod, Daniel (2015): Notes à la flore de Corse, XXV. Candollea 70 (1): 109-140, DOI: 10.15553/c2015v701a10</para>
            </abstract>
            <intellectualRights>
                    <para>To the extent possible under law, the publisher has waived all rights to these data and has dedicated them to the <ulink url="http://creativecommons.org/publicdomain/zero/1.0/legalcode"><citetitle>Public Domain (CC0 1.0)</citetitle></ulink>. Users may copy, modify, distribute and use the work, including for commercial purposes, without restriction.</para>
            </intellectualRights>
            <distribution scope="document">
                <online>
                    <url function="information">http://tb.plazi.org/GgServer/summary/1503FD6DCB3E3129FF8DF74D683A055A</url>
                </online>
            </distribution>
            <contact>
            <individualName>
<givenName>Guido</givenName>                    <surName>Sautter</surName>
            </individualName>
<electronicMailAddress>gsautter@gmail.com</electronicMailAddress><onlineUrl>http://plazi.org</onlineUrl>            </contact>

    </dataset>

    <additionalMetadata>
        <metadata>
            <gbif>
                <dateStamp>2023-07-06T00:44:49Z</dateStamp>
                <citation>Jeanmonod D, carolina (2015). Notes à la flore de Corse, XXV. Plazi.org taxonomic treatments database. Checklist dataset https://doi.org/10.15553/c2015v701a10 accessed via GBIF.org on 2023-07-06.</citation>
            </gbif>
        </metadata>
    </additionalMetadata>

</eml:eml>
