<?xml version="1.0" encoding="utf-8"?>
<eml:eml xmlns:eml="eml://ecoinformatics.org/eml-2.1.1" xmlns:xsi="http://www.w3.org/2001/XMLSchema-instance"
         xsi:schemaLocation="eml://ecoinformatics.org/eml-2.1.1 http://rs.gbif.org/schema/eml-gbif-profile/1.2/eml.xsd"
packageId="7122c31d-d37a-4fb8-ac1e-d17760ba7edf"  system="http://gbif.org" scope="system"
xml:lang="en">

    <dataset>
            <alternateIdentifier>10.15468/a5cfpz</alternateIdentifier>
                <alternateIdentifier>https://cch2.org/portal/collections/misc/collprofiles.php?collid=52</alternateIdentifier>
        <title>CATA - Catalina Island Conservancy Herbarium Vascular Plants</title>
            <creator>
<organizationName>CCH2 Portal</organizationName><electronicMailAddress>jyost@calpoly.edu</electronicMailAddress><onlineUrl>https://cch2.org/portal/index.php</onlineUrl>            </creator>
            <metadataProvider>
<organizationName>CCH2 Portal</organizationName><electronicMailAddress>jyost@calpoly.edu</electronicMailAddress><onlineUrl>https://cch2.org/portal/index.php</onlineUrl>            </metadataProvider>
            <associatedParty>
            <individualName>
<givenName>Ryan</givenName>                    <surName>Murdoff</surName>
            </individualName>
<positionName>Curator, Plant Conservation Manager</positionName><electronicMailAddress>rmurdoff@catalinaconservancy.org</electronicMailAddress>            <role>CONTENT_PROVIDER</role>
            </associatedParty>
            <associatedParty>
            <individualName>
<givenName>Roya</givenName>                    <surName>Miller</surName>
            </individualName>
<electronicMailAddress>RMiller@catalinaconservancy.org</electronicMailAddress>            <role>CONTENT_PROVIDER</role>
            </associatedParty>
            <associatedParty>
            <individualName>
<givenName>Lauren</givenName>                    <surName>Dennhardt</surName>
            </individualName>
<electronicMailAddress>LDennhardt@catalinaconservancy.org</electronicMailAddress>            <role>CONTENT_PROVIDER</role>
            </associatedParty>
            <pubDate>
                2023-06-03
            </pubDate>
        <language>ENGLISH</language>
            <abstract>
                    <para>The Catalina Island Conservancy Herbarium houses about 2,000 vascular plant specimens. All specimens were collected on Santa Catalina Island. 73% of the specimens were collected in the 1970&amp;#39;s and 1990&amp;#39;s by Mark L. Hoefs.</para>
            </abstract>
            <intellectualRights>
                    <para>This work is licensed under a <ulink url="http://creativecommons.org/licenses/by-nc/4.0/legalcode"><citetitle>Creative Commons Attribution Non Commercial (CC-BY-NC) 4.0 License</citetitle></ulink>.</para>
            </intellectualRights>
            <contact>
<organizationName>CATA - Catalina Island Conservancy Herbarium Vascular Plants</organizationName><electronicMailAddress>rmurdoff@catalinaconservancy.org</electronicMailAddress><onlineUrl>http://www.catalinaconservancy.org/index.php?s=about&amp;p=about_cic</onlineUrl>            </contact>

    </dataset>

    <additionalMetadata>
        <metadata>
            <gbif>
                <dateStamp>2023-07-06T00:44:49Z</dateStamp>
                <citation>Catalina Island Conservancy (2023). CATA - Catalina Island Conservancy Herbarium Vascular Plants. Occurrence dataset https://doi.org/10.15468/a5cfpz accessed via GBIF.org on 2023-07-06.</citation>
            </gbif>
        </metadata>
    </additionalMetadata>

</eml:eml>
