<?xml version="1.0" encoding="utf-8"?>
<eml:eml xmlns:eml="eml://ecoinformatics.org/eml-2.1.1" xmlns:xsi="http://www.w3.org/2001/XMLSchema-instance"
         xsi:schemaLocation="eml://ecoinformatics.org/eml-2.1.1 http://rs.gbif.org/schema/eml-gbif-profile/1.2/eml.xsd"
packageId="7a506a42-f762-11e1-a439-00145eb45e9a"  system="http://gbif.org" scope="system"
xml:lang="en">

    <dataset>
            <alternateIdentifier>10.15468/gelr6b</alternateIdentifier>
                <alternateIdentifier>https://science-net.kahaku.go.jp/ipt2/resource?r=snet-1022-101</alternateIdentifier>
                <alternateIdentifier>http://science-net.kahaku.go.jp/ipt2/resource?r=snet-1022-101</alternateIdentifier>
                <alternateIdentifier>http://gbif.science-net.kahaku.go.jp:8081/ipt2/resource?r=snet-1022-101</alternateIdentifier>
                <alternateIdentifier>7a506a42-f762-11e1-a439-00145eb45e9a</alternateIdentifier>
                <alternateIdentifier>11272</alternateIdentifier>
        <title>Vascular plant specimens of Akita Prefectural Museum</title>
            <creator>
            <individualName>
<givenName>Kazushi</givenName>                    <surName>Umetsu</surName>
            </individualName>
<organizationName>Akita Prefectural Museum</organizationName><positionName>technical</positionName>            <address>
<country>JAPAN</country>            </address>
<electronicMailAddress>info@akihaku.jp</electronicMailAddress>            </creator>
            <metadataProvider>
            <individualName>
<givenName>Yumi</givenName>                    <surName>Fujinaka</surName>
            </individualName>
<organizationName>Akita Prefectural Museum</organizationName><positionName>Administrative</positionName>            <address>
<country>JAPAN</country>            </address>
<electronicMailAddress>info@akihaku.jp</electronicMailAddress>            </metadataProvider>
            <pubDate>
                2023-03-20
            </pubDate>
        <language>ENGLISH</language>
            <abstract>
                    <para>Vascular plant specimens, deposited in Akita Prefectural Museum</para>
            </abstract>
                <keywordSet>
                        <keyword>Occurrence</keyword>
                        <keywordThesaurus>GBIF Dataset Type Vocabulary: http://rs.gbif.org/vocabulary/gbif/dataset_type_2015-07-10.xml</keywordThesaurus>
                </keywordSet>
            <intellectualRights>
                    <para>This work is licensed under a <ulink url="http://creativecommons.org/licenses/by/4.0/legalcode"><citetitle>Creative Commons Attribution (CC-BY) 4.0 License</citetitle></ulink>.</para>
            </intellectualRights>
            <distribution scope="document">
                <online>
                    <url function="information">http://www.akihaku.jp/english-page.htm</url>
                </online>
            </distribution>
            <maintenance>
                <description>
                    <para></para>
                </description>
                <maintenanceUpdateFrequency>unkown</maintenanceUpdateFrequency>
            </maintenance>
            <contact>
            <individualName>
<givenName>Yumi</givenName>                    <surName>Fujinaka</surName>
            </individualName>
<organizationName>Akita Prefectural Museum</organizationName><positionName>Administrative</positionName>            <address>
<country>JAPAN</country>            </address>
<electronicMailAddress>info@akihaku.jp</electronicMailAddress>            </contact>

    </dataset>

    <additionalMetadata>
        <metadata>
            <gbif>
                <dateStamp>2023-07-06T00:44:52Z</dateStamp>
                <citation>Umetsu K, Fujinaka Y (2023). Vascular plant specimens of Akita Prefectural Museum. National Museum of Nature and Science, Japan. Occurrence dataset https://doi.org/10.15468/gelr6b accessed via GBIF.org on 2023-07-06.</citation>
            </gbif>
        </metadata>
    </additionalMetadata>

</eml:eml>
