<?xml version="1.0" encoding="utf-8"?>
<eml:eml xmlns:eml="eml://ecoinformatics.org/eml-2.1.1" xmlns:xsi="http://www.w3.org/2001/XMLSchema-instance"
         xsi:schemaLocation="eml://ecoinformatics.org/eml-2.1.1 http://rs.gbif.org/schema/eml-gbif-profile/1.2/eml.xsd"
packageId="7aded4b2-f762-11e1-a439-00145eb45e9a"  system="http://gbif.org" scope="system"
xml:lang="en">

    <dataset>
            <alternateIdentifier>10.15468/n1fv2k</alternateIdentifier>
                <alternateIdentifier>https://science-net.kahaku.go.jp/ipt2/resource?r=snet-1028-101</alternateIdentifier>
                <alternateIdentifier>http://science-net.kahaku.go.jp/ipt2/resource?r=snet-1028-101</alternateIdentifier>
                <alternateIdentifier>http://gbif.science-net.kahaku.go.jp:8081/ipt2/resource?r=snet-1028-101</alternateIdentifier>
                <alternateIdentifier>7aded4b2-f762-11e1-a439-00145eb45e9a</alternateIdentifier>
                <alternateIdentifier>11422</alternateIdentifier>
        <title>Herbarium, University Archives and Collections, Fukushima University, Japan (FKSE)</title>
            <creator>
            <individualName>
<givenName>Takahide</givenName>                    <surName>Kurosawa</surName>
            </individualName>
<organizationName>Herbarium, University Archives and Collections, Fukushima University</organizationName><positionName>Professor, Collection Director</positionName>            <address>
<country>JAPAN</country>            </address>
<electronicMailAddress>kurosawa@sss.fukushima-u.ac.jp</electronicMailAddress>            </creator>
            <metadataProvider>
            <individualName>
<givenName>Takahide</givenName>                    <surName>Kurosawa</surName>
            </individualName>
<organizationName>Herbarium, University Archives and Collections, Fukushima University</organizationName><positionName>Professor, Collection Director</positionName>            <address>
<country>JAPAN</country>            </address>
<electronicMailAddress>kurosawa@sss.fukushima-u.ac.jp</electronicMailAddress>            </metadataProvider>
            <pubDate>
                2023-03-22
            </pubDate>
        <language>ENGLISH</language>
            <abstract>
                    <para>Ca. 80,000 sheets of plant specimen collected in mainly Fukushima Prefecture, Japan.</para>
            </abstract>
                <keywordSet>
                        <keyword>Occurrence</keyword>
                        <keywordThesaurus>GBIF Dataset Type Vocabulary: http://rs.gbif.org/vocabulary/gbif/dataset_type_2015-07-10.xml</keywordThesaurus>
                </keywordSet>
            <intellectualRights>
                    <para>This work is licensed under a <ulink url="http://creativecommons.org/licenses/by/4.0/legalcode"><citetitle>Creative Commons Attribution (CC-BY) 4.0 License</citetitle></ulink>.</para>
            </intellectualRights>
            <maintenance>
                <description>
                    <para></para>
                </description>
                <maintenanceUpdateFrequency>unkown</maintenanceUpdateFrequency>
            </maintenance>
            <contact>
            <individualName>
<givenName>Takahide</givenName>                    <surName>Kurosawa</surName>
            </individualName>
<organizationName>Herbarium, University Archives and Collections, Fukushima University</organizationName><positionName>Professor, Collection Director</positionName>            <address>
<country>JAPAN</country>            </address>
<electronicMailAddress>kurosawa@sss.fukushima-u.ac.jp</electronicMailAddress>            </contact>

    </dataset>

    <additionalMetadata>
        <metadata>
            <gbif>
                <dateStamp>2023-07-06T00:44:53Z</dateStamp>
                <citation>Kurosawa T (2023). Herbarium, University Archives and Collections, Fukushima University, Japan (FKSE). National Museum of Nature and Science, Japan. Occurrence dataset https://doi.org/10.15468/n1fv2k accessed via GBIF.org on 2023-07-06.</citation>
            </gbif>
        </metadata>
    </additionalMetadata>

</eml:eml>
