<?xml version="1.0" encoding="utf-8"?>
<eml:eml xmlns:eml="eml://ecoinformatics.org/eml-2.1.1" xmlns:xsi="http://www.w3.org/2001/XMLSchema-instance"
         xsi:schemaLocation="eml://ecoinformatics.org/eml-2.1.1 http://rs.gbif.org/schema/eml-gbif-profile/1.2/eml.xsd"
packageId="834c9918-f762-11e1-a439-00145eb45e9a"  system="http://gbif.org" scope="system"
xml:lang="es">

    <dataset>
            <alternateIdentifier>10.15468/mug7kr</alternateIdentifier>
                <alternateIdentifier>https://ipt.gbif.es/resource?r=ma-fanero</alternateIdentifier>
                <alternateIdentifier>http://ipt.gbif.es/resource?r=ma-fanero</alternateIdentifier>
                <alternateIdentifier>834c9918-f762-11e1-a439-00145eb45e9a</alternateIdentifier>
                <alternateIdentifier>240</alternateIdentifier>
        <title>CSIC-Real Jardín Botánico-Colección de Plantas Vasculares (MA)</title>
            <creator>
            <individualName>
                    <surName>CSIC-Real Jardín Botánico</surName>
            </individualName>
<organizationName>REAL JARDÍN BOTÁNICO-CSIC</organizationName><positionName>Institution</positionName>            <address>
<deliveryPoint>Plaza de Murillo, 2. 28014 Madrid</deliveryPoint><city>MADRID</city><administrativeArea>MADRID</administrativeArea><postalCode>28014</postalCode><country>SPAIN</country>            </address>
<phone>+34914203585</phone><electronicMailAddress>medina@rjb.csic.es</electronicMailAddress><onlineUrl>http://www.rjb.csic.es/</onlineUrl>            </creator>
            <metadataProvider>
            <individualName>
                    <surName>CSIC-Real Jardín Botánico</surName>
            </individualName>
<organizationName>REAL JARDÍN BOTÁNICO-CSIC</organizationName><positionName>Institution</positionName>            <address>
<deliveryPoint>Plaza de Murillo, 2. 28014 Madrid</deliveryPoint><city>MADRID</city><administrativeArea>MADRID</administrativeArea><postalCode>28014</postalCode><country>SPAIN</country>            </address>
<phone>+34914203585</phone><electronicMailAddress>medina@rjb.csic.es</electronicMailAddress><onlineUrl>http://www.rjb.csic.es/</onlineUrl>            </metadataProvider>
            <metadataProvider>
            <individualName>
<givenName>Felipe</givenName>                    <surName>Castilla</surName>
            </individualName>
<organizationName>GBIF Spain</organizationName>            <address>
<deliveryPoint>Plaza de Murillo, 2. 28014 Madrid</deliveryPoint><city>MADRID</city><administrativeArea>MADRID</administrativeArea><postalCode>28014</postalCode><country>SPAIN</country>            </address>
<phone>+34914203017</phone><electronicMailAddress>felipe.castilla@gbif.es</electronicMailAddress><onlineUrl>https://www.gbif.es/</onlineUrl>            </metadataProvider>
            <associatedParty>
            <individualName>
<givenName>Leopoldo</givenName>                    <surName>Medina</surName>
            </individualName>
<organizationName>REAL JARDÍN BOTÁNICO-CSIC</organizationName><positionName>Curator</positionName>            <address>
<deliveryPoint>Plaza de Murillo, 2. 28014 Madrid</deliveryPoint><city>MADRID</city><administrativeArea>MADRID</administrativeArea><postalCode>28014</postalCode><country>SPAIN</country>            </address>
<phone>+34914203585</phone><electronicMailAddress>medina@rjb.csic.es</electronicMailAddress><onlineUrl>http://www.rjb.csic.es/</onlineUrl>            <role>CURATOR</role>
            </associatedParty>
            <associatedParty>
            <individualName>
<givenName>Katia</givenName>                    <surName>Cezón</surName>
            </individualName>
<organizationName>GBIF Spain</organizationName>            <address>
<deliveryPoint>Real Jardín Botánico; Pz. De Murillo 1</deliveryPoint><city>Madrid</city><administrativeArea>Madrid</administrativeArea><postalCode>28814</postalCode><country>SPAIN</country>            </address>
<phone>+34914203017</phone><electronicMailAddress>katia@gbif.es</electronicMailAddress><onlineUrl>https://www.gbif.es/</onlineUrl>            <userId directory="http://orcid.org/">0000-0003-3077-6136</userId>
            <role>PUBLISHER</role>
            </associatedParty>
            <associatedParty>
            <individualName>
<givenName>Carmen</givenName>                    <surName>Lujano</surName>
            </individualName>
<organizationName>GBIF Spain</organizationName>            <address>
<deliveryPoint>Real Jardín Botánico; Pz. De Murillo 1</deliveryPoint><city>Madrid</city><administrativeArea>Madrid</administrativeArea><postalCode>28814</postalCode><country>SPAIN</country>            </address>
<phone>+34914203017</phone><electronicMailAddress>mcarmen@gbif.es</electronicMailAddress><onlineUrl>https://www.gbif.es/</onlineUrl>            <role>PROCESSOR</role>
            </associatedParty>
            <pubDate>
                2023-01-11
            </pubDate>
        <language>SPANISH</language>
            <abstract>
                    <para>Español: El herbario general de fanerogamia está formado por un 75 % de plantas ibéricas frente al 25 % de plantas de otro origen. Este herbario es el instrumento principal del proyecto &amp;#34;Flora Iberica&amp;#34; y también sostiene otras investigaciones como las prospecciones en áreas tropicales poco conocidas. En los últimos años las prospecciones realizadas en Guinea Ecuatorial y en la isla de Coiba (Panamá) son notables. El herbario general de fanerogamia está organizado por orden alfabético de especies, géneros y familias. Se divide en cuatro grupos: helechos, gimnospermas, dicotiledóneas y monocotiledóneas. Como guía básica se utiliza el trabajo de BRUMMITT, 1992 (Vascular Plant Families and Genera), con las modificaciones reflejadas en Flora Iberica. Para los helechos se utiliza el criterio de PICHI SERMOLLI (1977). Para gimnospermas, el de MELCHIOR y WERDERMANN (1954) y para monocotiledóneas el de DAHLGREN, CLIFFORD &amp;amp; YEO (1985). Existe un archivo informatizado con familias y géneros reconocidos en nuestro herbario. En cada especie, las hojas se agrupan en carteras de colores según el continente del que proceden. Los pliegos identificados solo como género o familia se colocan al final del herbario, separados en camisas con los colores de sus respectivos continentes.</para>
                    <para>English: The Real Jardín Botánico de Madrid Vascular Plant Herbarium (Spain) is the largest herbarium in Spain and one of the most representative in Europe. The herbarium houses over a million specimens. It represents all plant groups and has a particularly important collection of specimens from the Iberian Peninsula, together with type specimens of South American plants gathered during historical expeditions. It is a restricted-use public collection. Under the regulations governing the management of the CSIC&amp;#39;s collections, the Real Jardín Botánico de Madrid Herbarium is the property of the CSIC and is considered a national asset.</para>
            </abstract>
                <keywordSet>
                        <keyword>Fanerogams</keyword>
                        <keyword>Iberian Peninsula</keyword>
                        <keyword>Flora</keyword>
                        <keyword>Vascular Plants</keyword>
                        <keyword>Pteridophyta</keyword>
                        <keyword>Gymnosperms</keyword>
                        <keyword>Spain</keyword>
                        <keywordThesaurus>n/a</keywordThesaurus>
                </keywordSet>
                <keywordSet>
                        <keyword>Occurrence</keyword>
                        <keywordThesaurus>GBIF Dataset Type Vocabulary: http://rs.gbif.org/vocabulary/gbif/dataset_type.xml</keywordThesaurus>
                </keywordSet>
                <keywordSet>
                        <keyword>Specimen</keyword>
                        <keywordThesaurus>GBIF Dataset Subtype Vocabulary: http://rs.gbif.org/vocabulary/gbif/dataset_subtype.xml</keywordThesaurus>
                </keywordSet>
                <keywordSet>
                        <keyword>Occurrence</keyword>
                        <keywordThesaurus>GBIF Dataset Type Vocabulary: http://rs.gbif.org/vocabulary/gbif/dataset_type_2015-07-10.xml</keywordThesaurus>
                </keywordSet>
            <intellectualRights>
                    <para>This work is licensed under a <ulink url="http://creativecommons.org/licenses/by-nc/4.0/legalcode"><citetitle>Creative Commons Attribution Non Commercial (CC-BY-NC) 4.0 License</citetitle></ulink>.</para>
            </intellectualRights>
            <distribution scope="document">
                <online>
                    <url function="information">http://www.rjb.csic.es/jardinbotanico/jardin/index.php?Cab=109&amp;len=es&amp;Pag=187&amp;Pag=194</url>
                </online>
            </distribution>
            <coverage>
                    <geographicCoverage>
                            <geographicDescription>Europa, principalmente Península Ibérica; África, especialmente Guinea Ecuatorial; América, especialmente Panamá, Asia y Oceanía</geographicDescription>
                            <boundingCoordinates>
                                <westBoundingCoordinate>-180</westBoundingCoordinate>
                                <eastBoundingCoordinate>180</eastBoundingCoordinate>
                                <northBoundingCoordinate>90</northBoundingCoordinate>
                                <southBoundingCoordinate>-90</southBoundingCoordinate>
                            </boundingCoordinates>
                    </geographicCoverage>
                        <taxonomicCoverage>
                                <generalTaxonomicCoverage>Todo tipo de plantas vasculares.</generalTaxonomicCoverage>
                                <taxonomicClassification>
                                        <taxonRankName>Phylum</taxonRankName>
                                    <taxonRankValue>Coniferophyta</taxonRankValue>
                                </taxonomicClassification>
                                <taxonomicClassification>
                                        <taxonRankName>Phylum</taxonRankName>
                                    <taxonRankValue>Cycadophyta</taxonRankValue>
                                </taxonomicClassification>
                                <taxonomicClassification>
                                        <taxonRankName>Class</taxonRankName>
                                    <taxonRankValue>Equisetopsida</taxonRankValue>
                                </taxonomicClassification>
                                <taxonomicClassification>
                                        <taxonRankName>Phylum</taxonRankName>
                                    <taxonRankValue>Ginkgophyta</taxonRankValue>
                                </taxonomicClassification>
                                <taxonomicClassification>
                                        <taxonRankName>Phylum</taxonRankName>
                                    <taxonRankValue>Gnetophyta</taxonRankValue>
                                </taxonomicClassification>
                                <taxonomicClassification>
                                        <taxonRankName>Class</taxonRankName>
                                    <taxonRankValue>Liliatae</taxonRankValue>
                                </taxonomicClassification>
                                <taxonomicClassification>
                                        <taxonRankName>Phylum</taxonRankName>
                                    <taxonRankValue>Lycophyta</taxonRankValue>
                                </taxonomicClassification>
                                <taxonomicClassification>
                                        <taxonRankName>Class</taxonRankName>
                                    <taxonRankValue>Magnoliata</taxonRankValue>
                                </taxonomicClassification>
                                <taxonomicClassification>
                                        <taxonRankName>Phylum</taxonRankName>
                                    <taxonRankValue>Pteridophyta</taxonRankValue>
                                </taxonomicClassification>
                        </taxonomicCoverage>
            </coverage>
            <maintenance>
                <description>
                    <para></para>
                </description>
                <maintenanceUpdateFrequency>notPlanned</maintenanceUpdateFrequency>
            </maintenance>
            <contact>
            <individualName>
                    <surName>CSIC-Real Jardín Botánico</surName>
            </individualName>
<organizationName>REAL JARDÍN BOTÁNICO-CSIC</organizationName><positionName>Institution</positionName>            <address>
<deliveryPoint>Plaza de Murillo, 2. 28014 Madrid</deliveryPoint><city>MADRID</city><administrativeArea>MADRID</administrativeArea><postalCode>28014</postalCode><country>SPAIN</country>            </address>
<phone>+34914203585</phone><electronicMailAddress>medina@rjb.csic.es</electronicMailAddress><onlineUrl>http://www.rjb.csic.es/</onlineUrl>            </contact>
            <methods>
                    <methodStep>
                        <description>
                            <para></para>
                        </description>
                    </methodStep>
            </methods>

    </dataset>

    <additionalMetadata>
        <metadata>
            <gbif>
                <dateStamp>2023-07-06T00:45:06Z</dateStamp>
                <citation>CSIC-Real Jardín Botánico, Castilla F (2023). CSIC-Real Jardín Botánico-Colección de Plantas Vasculares (MA). Real Jardín Botánico (CSIC). Occurrence dataset https://doi.org/10.15468/mug7kr accessed via GBIF.org on 2023-07-06.</citation>
                    <resourceLogoUrl>https://ipt.gbif.es/logo.do?r=ma-fanero</resourceLogoUrl>
                        <collection>
                            <parentCollectionIdentifier>Not applicable</parentCollectionIdentifier>
                            <collectionIdentifier>834c9918-f762-11e1-a439-00145eb45e9a</collectionIdentifier>
                            <collectionName>CSIC-Real Jardín Botánico-Colección de Plantas Vasculares</collectionName>
                        </collection>
                        <specimenPreservationMethod>DRIED_AND_PRESSED</specimenPreservationMethod>
            </gbif>
        </metadata>
    </additionalMetadata>

</eml:eml>
