<?xml version="1.0" encoding="utf-8"?>
<eml:eml xmlns:eml="eml://ecoinformatics.org/eml-2.1.1" xmlns:xsi="http://www.w3.org/2001/XMLSchema-instance"
         xsi:schemaLocation="eml://ecoinformatics.org/eml-2.1.1 http://rs.gbif.org/schema/eml-gbif-profile/1.2/eml.xsd"
packageId="835852b2-f762-11e1-a439-00145eb45e9a"  system="http://gbif.org" scope="system"
xml:lang="es">

    <dataset>
            <alternateIdentifier>10.15468/hs9hmr</alternateIdentifier>
                <alternateIdentifier>https://ipt.gbif.es/resource?r=abh</alternateIdentifier>
                <alternateIdentifier>835852b2-f762-11e1-a439-00145eb45e9a</alternateIdentifier>
                <alternateIdentifier>251</alternateIdentifier>
        <title>Herbario ABH (Universidad de Alicante)</title>
            <creator>
            <individualName>
<givenName>Manuel Benito</givenName>                    <surName>Crespo</surName>
            </individualName>
<organizationName>Universidad de Alicante</organizationName><positionName>Director</positionName>            <address>
<deliveryPoint>Herbario ABH, Dpto. Ciencias Ambientales y Recursos Naturales, Universidad de Alicante, Apdo. 99</deliveryPoint><city>Alicante</city><administrativeArea>Alicante</administrativeArea><postalCode>ES-03080</postalCode><country>SPAIN</country>            </address>
<phone>+34 965 90 34 00 ext. 3278</phone><electronicMailAddress>crespo@ua.es</electronicMailAddress>            </creator>
            <metadataProvider>
            <individualName>
<givenName>Manuel Benito</givenName>                    <surName>Crespo</surName>
            </individualName>
<organizationName>Universidad de Alicante</organizationName><positionName>Director</positionName>            <address>
<deliveryPoint>Herbario ABH, Dpto. Ciencias Ambientales y Recursos Naturales, Universidad de Alicante, Apdo. 99</deliveryPoint><city>Alicante</city><administrativeArea>Alicante</administrativeArea><postalCode>ES-03080</postalCode>            </address>
<phone>+34 965 90 34 00 ext. 3278</phone><electronicMailAddress>crespo@ua.es</electronicMailAddress>            </metadataProvider>
            <associatedParty>
            <individualName>
<givenName>Manuel Benito</givenName>                    <surName>Crespo</surName>
            </individualName>
<organizationName>Universidad de Alicante</organizationName><positionName>Director</positionName>            <address>
<deliveryPoint>Herbario ABH, Dpto. Ciencias Ambientales y Recursos Naturales, Universidad de Alicante, Apdo. 99</deliveryPoint><city>Alicante</city><administrativeArea>Alicante</administrativeArea><postalCode>ES-03080</postalCode>            </address>
<phone>+34 965 90 34 00 ext. 3278</phone><electronicMailAddress>crespo@ua.es</electronicMailAddress>            <role>AUTHOR</role>
            </associatedParty>
            <associatedParty>
            <individualName>
<givenName>José Carlos</givenName>                    <surName>Cristóbal-Fernanz</surName>
            </individualName>
<organizationName>Universidad de Alicante</organizationName><positionName>Técnico especialista- Conservador de colecciones botánicas</positionName>            <address>
<deliveryPoint>Herbario ABH, Dpto. Ciencias Ambientales y Recursos Naturales, Universidad de Alicante, Apdo. 99</deliveryPoint><city>Alicante</city><administrativeArea>Alicante</administrativeArea><postalCode>ES-03080</postalCode>            </address>
<phone>+34 965 90 34 00 ext. 2744</phone><electronicMailAddress>jc.cristobal@ua.es</electronicMailAddress>            <role>CURATOR</role>
            </associatedParty>
            <pubDate>
                2018-11-30
            </pubDate>
        <language>SPANISH</language>
            <abstract>
                    <para>El herbario ABH (herbario oficial institucional de la UA) inició sus actividades en octubre de 1990 y fue posteriormente reconocido internacionalmente con las siglas ABH en mayo de 1993 (véase Taxon 42: 489-505. 1993) y pasó a formar parte de &amp;#39;Index Herbariorum&amp;#39; (New York Botanical Garden: ). Desde sus inicios, el herbario ABH se ha enfocado a la flora vascular del Mediterráneo y Europa, aunque como resultado de los trabajos del personal de la UA (tanto de proyectos de investigación, como de colaboraciones con otros centros), en los últimos años se ha ampliado considerablemente la representación de materiales de Sudáfrica y Sudamérica. 
   Actualmente (febrero-2014), el herbario ABH dispone de los siguientes fondos (todos informatizados en la base de datos HERBAR, adoptada por la AHIM-Asociación de Herbarios Ibero-Macaronésicos) en sus diferentes secciones:
      - ABH (colección principal): 70.239 pliegos de herbario 
      - ABH-Algae: 780 muestras (pliegos&amp;#43;frascos con líquido conservante)
      - ABH-Bryophyta: 750 muestras secas en sobres

   Más de 100 pliegos son tipos nomenclaturales (en diversas categorías) de táxones de diversas partes del mundo, principalmente Europa, África y Sudamérica. 
   Como pùede deducirse de la información anterior, la mayor parte de los fondos de ABH corresponden a material vegetal seco y prensado, existiendo asimismo algunas muestras de algas en frascos con líquido conservante.
   Entre los fondos de ABH se encuentran la colección histórica del Dr. Abelardo Rigual y la colección personal de Christian Defferrard, ambas donadas a la UA. Además, se cuenta con alrededor de 10.000 pliegos más de plantas, aún en estudio y pendientes de inclusión e informatización. 
Asimismo, se dispone de una colección específica de consulta abierta con 1.500 pliegos y muestras en frascos, principalmente para actividades divulgativas o de formación específica.</para>
            </abstract>
                <keywordSet>
                        <keyword>Occurrence</keyword>
                        <keywordThesaurus>GBIF Dataset Type Vocabulary: http://rs.gbif.org/vocabulary/gbif/dataset_type.xml</keywordThesaurus>
                </keywordSet>
                <keywordSet>
                        <keyword>espermatofitos</keyword>
                        <keyword>briófitos</keyword>
                        <keyword>algas</keyword>
                        <keyword>flora</keyword>
                        <keyword>banco de ADN</keyword>
                        <keyword>líquenes</keyword>
                        <keywordThesaurus>n/a</keywordThesaurus>
                </keywordSet>
                <keywordSet>
                        <keyword>Specimen</keyword>
                        <keywordThesaurus>GBIF Dataset Subtype Vocabulary: http://rs.gbif.org/vocabulary/gbif/dataset_subtype.xml</keywordThesaurus>
                </keywordSet>
            <additionalInfo>
                <para>El material no disponible en bases de datos en línea (GBIF, BDB, JSTOR, etc.) puede consultarse &apos;in situ&apos; (mediante cita previa) o solicitarse préstamo temporal. Antes de tomar muestras de los matgeriales deberá solicitarse permiso expreso del conservador. En todos los trabajos que deriven del estudio de materiales de la UA deberá citarse expresamente al personal del herbario ABH en los agradecimientos.</para>
            </additionalInfo>
            <intellectualRights>
                    <para>This work is licensed under a <ulink url="http://creativecommons.org/licenses/by/4.0/legalcode"><citetitle>Creative Commons Attribution (CC-BY) 4.0 License</citetitle></ulink>.</para>
            </intellectualRights>
            <distribution scope="document">
                <online>
                    <url function="information">http://www.herbariovirtual.ua.es/</url>
                </online>
            </distribution>
            <coverage>
                    <geographicCoverage>
                            <geographicDescription>Cuenca del Mediterráneo, Europa, Sudáfrica y Sudamérica, principalmente.</geographicDescription>
                            <boundingCoordinates>
                                <westBoundingCoordinate>-180</westBoundingCoordinate>
                                <eastBoundingCoordinate>180</eastBoundingCoordinate>
                                <northBoundingCoordinate>90</northBoundingCoordinate>
                                <southBoundingCoordinate>-90</southBoundingCoordinate>
                            </boundingCoordinates>
                    </geographicCoverage>
                    <temporalCoverage>
                            <rangeOfDates>
                                <beginDate>
                                    <calendarDate>                1940
</calendarDate>
                                </beginDate>
                                <endDate>
                                    <calendarDate>                2014
</calendarDate>
                                </endDate>
                            </rangeOfDates>
                    </temporalCoverage>
                        <taxonomicCoverage>
                                <generalTaxonomicCoverage>Principalmente ABH se centra en espermatófitos (ca. 70200 números), siendo el resto (ca. 1600 números) material de algas, briófitos y líquenes.</generalTaxonomicCoverage>
                                <taxonomicClassification>
                                        <taxonRankName>Kingdom</taxonRankName>
                                    <taxonRankValue>Plantae</taxonRankValue>
                                        <commonName>Plantas</commonName>
                                </taxonomicClassification>
                                <taxonomicClassification>
                                        <taxonRankName>Kingdom</taxonRankName>
                                    <taxonRankValue>Fungi</taxonRankValue>
                                        <commonName>Hongos</commonName>
                                </taxonomicClassification>
                        </taxonomicCoverage>
            </coverage>
            <purpose>
                <para>Desde sus inicios, el herbario ABH se ha enfocado a la flora vascular del Mediterráneo y Europa, aunque como resultado de los trabajos del personal de la UA (tanto de proyectos de investigación, como de colaboraciones con otros centros), en los últimos años se ha ampliado considerablemente la representación de materiales de Sudáfrica y Sudamérica. En particular, la flora del sudeste ibérico está muy bien representada, dado que disponemos de la colección personal e histórica del Dr. Abelardo Rigual Magallón, quien durante 50 años (principalmente hasta la conclusión de su tesis doctoral, en 1972) recolectó intensamente en estos territorios.</para>
            </purpose>
            <maintenance>
                <description>
                    <para></para>
                </description>
                <maintenanceUpdateFrequency>unkown</maintenanceUpdateFrequency>
            </maintenance>
            <contact>
            <individualName>
<givenName>Manuel Benito</givenName>                    <surName>Crespo</surName>
            </individualName>
<organizationName>Universidad de Alicante</organizationName><positionName>Director</positionName>            <address>
<deliveryPoint>Herbario ABH, Dpto. Ciencias Ambientales y Recursos Naturales, Universidad de Alicante, Apdo. 99</deliveryPoint><city>Alicante</city><administrativeArea>Alicante</administrativeArea><postalCode>ES-03080</postalCode><country>SPAIN</country>            </address>
<phone>+34 965 90 34 00 ext. 3278</phone><electronicMailAddress>crespo@ua.es</electronicMailAddress>            </contact>

    </dataset>

    <additionalMetadata>
        <metadata>
            <gbif>
                <dateStamp>2023-07-06T00:45:14Z</dateStamp>
                <citation>Crespo M B (2018). Herbario ABH (Universidad de Alicante). Depto. de Ciencias Ambientales y Recursos Naturales, Universidad de Alicante. Occurrence dataset https://doi.org/10.15468/hs9hmr accessed via GBIF.org on 2023-07-06.</citation>
                    <bibliography>
                <citation>Fabregat, M. (2002). La colección histórica del Dr. Abelardo Rigual en el herbario ABH: revisión nomenclatural y estudio crítico. [Col·lecció Pius Font i Quer nº 1]. Institut d&apos;Estudis Ilerdencs. Lérida.</citation>
                    </bibliography>
                        <collection>
                            <parentCollectionIdentifier>NA</parentCollectionIdentifier>
                            <collectionIdentifier>http://www.gbif.org/dataset/835852b2-f762-11e1-a439-00145eb45e9a</collectionIdentifier>
                            <collectionName>Herbario ABH (Universidad de Alicante)</collectionName>
                        </collection>
                        <specimenPreservationMethod>DRIED_AND_PRESSED</specimenPreservationMethod>
            </gbif>
        </metadata>
    </additionalMetadata>

</eml:eml>
