<?xml version="1.0" encoding="utf-8"?>
<eml:eml xmlns:eml="eml://ecoinformatics.org/eml-2.1.1" xmlns:xsi="http://www.w3.org/2001/XMLSchema-instance"
         xsi:schemaLocation="eml://ecoinformatics.org/eml-2.1.1 http://rs.gbif.org/schema/eml-gbif-profile/1.2/eml.xsd"
packageId="837acfc2-f762-11e1-a439-00145eb45e9a"  system="http://gbif.org" scope="system"
xml:lang="es">

    <dataset>
            <alternateIdentifier>10.15468/siye1z</alternateIdentifier>
                <alternateIdentifier>https://ipt.gbif.es/resource?r=hss</alternateIdentifier>
                <alternateIdentifier>837acfc2-f762-11e1-a439-00145eb45e9a</alternateIdentifier>
                <alternateIdentifier>291</alternateIdentifier>
        <title>Herbario HSS Finca La Orden-Valdesequera (CICYTEX). Junta de Extremadura</title>
            <creator>
            <individualName>
<givenName>Francisco María</givenName>                    <surName>Vázquez Pardo</surName>
            </individualName>
<organizationName>Instituto de Investigaciones Agrarías Finca La Orden - Valdesequera. CICYTEX</organizationName><positionName>Jefe de Sección Producción Forestal y Biodiversidad</positionName>            <address>
<deliveryPoint>Ctra. N-V. pto. km. 374</deliveryPoint><city>Guadajira</city><administrativeArea>Badajoz</administrativeArea><postalCode>06187</postalCode><country>SPAIN</country>            </address>
<phone>+34 924014113</phone><electronicMailAddress>frvazquez50@hotmail.com</electronicMailAddress>            <userId directory="http://orcid.org/">0000-0001-7826-8814</userId>
            </creator>
            <metadataProvider>
            <individualName>
<givenName>Francisco</givenName>                    <surName>Márquez García</surName>
            </individualName>
<organizationName>Instituto de Investigaciones Agrarías Finca La Orden - Valdesequera. CICYTEX</organizationName><positionName>Técnico</positionName>            <address>
<deliveryPoint>Ctra. N-V. pto. km. 374</deliveryPoint><city>Guadajira</city><administrativeArea>Badajoz</administrativeArea><postalCode>06187</postalCode><country>SPAIN</country>            </address>
<phone>+34 924014100</phone><electronicMailAddress>marquez_arn@yahoo.es</electronicMailAddress>            <userId directory="http://orcid.org/">0000-0002-4420-2822</userId>
            </metadataProvider>
            <associatedParty>
            <individualName>
<givenName>David</givenName>                    <surName>García Alonso</surName>
            </individualName>
<organizationName>Instituto de Investigaciones Agrarías &quot;Finca La Orden - Valdesequera&quot;. CICYTEX</organizationName><positionName>Recolector y Determinador</positionName>            <address>
<deliveryPoint>Ctra. N-V. pto. km. 374</deliveryPoint><city>Guadajira</city><administrativeArea>Badajoz</administrativeArea><postalCode>06187</postalCode><country>SPAIN</country>            </address>
<phone>924014000</phone><electronicMailAddress>davidgarciaa@juntaex.es</electronicMailAddress>            <role>PRINCIPAL_INVESTIGATOR</role>
            </associatedParty>
            <associatedParty>
            <individualName>
<givenName>María José</givenName>                    <surName>Guerra Barrena</surName>
            </individualName>
<organizationName>Instituto de Investigaciones Agrarías Finca La Orden - Valdesequera. CICYTEX</organizationName><positionName>Recolector</positionName>            <address>
<deliveryPoint>Ctra. N-V. pto. km. 374</deliveryPoint><city>Guadajira</city><administrativeArea>Badajoz</administrativeArea><postalCode>06187</postalCode><country>SPAIN</country>            </address>
<phone>924014000</phone>            <role>PRINCIPAL_INVESTIGATOR</role>
            </associatedParty>
            <associatedParty>
            <individualName>
<givenName>Francisco María</givenName>                    <surName>Vázquez Pardo</surName>
            </individualName>
<organizationName>Instituto de Investigaciones Agrarías Finca La Orden - Valdesequera. CICYTEX</organizationName><positionName>Curator</positionName>            <address>
<deliveryPoint>Ctra. N-V. pto. km. 374</deliveryPoint><city>Guadajira</city><administrativeArea>Badajoz</administrativeArea><postalCode>06187</postalCode><country>SPAIN</country>            </address>
<phone>924014000</phone><electronicMailAddress>frvazquez50@hotmail.com</electronicMailAddress>            <role>CURATOR</role>
            </associatedParty>
            <associatedParty>
            <individualName>
<givenName>Francisco</givenName>                    <surName>Márquez García</surName>
            </individualName>
<organizationName>Instituto de Investigaciones Agrarías Finca La Orden - Valdesequera. CICYTEX</organizationName><positionName>Editor</positionName>            <address>
<deliveryPoint>Ctra. N-V. pto. km. 374</deliveryPoint><city>Guadajira</city><administrativeArea>Badajoz</administrativeArea><postalCode>06187</postalCode><country>SPAIN</country>            </address>
<phone>924014000</phone><electronicMailAddress>francisco.marquezga@juntaex.es</electronicMailAddress>            <role>EDITOR</role>
            </associatedParty>
            <pubDate>
                2021-12-17
            </pubDate>
        <language>SPANISH</language>
            <abstract>
                    <para>El herbario HSS se crea en el año 1990 como resultado de los trabajos y recolecciones de materiales vegetales realizados por el Dr. Francisco María Vázquez Pardo. 
Desde su fundación hasta la actualidad el herbario HSS esta asociado a trabajos de investigación sobre la flora de ambientes adehesados, predominantes en el SW de la Península Ibérica, y la conservación de la flora endémica, rara o amenazada de Extremadura y los territorios limítrofes.
En la actualidad el herbario HSS cuenta con más de 79.000 registros, de los cuales aproximadamente 73.000 están informatizados (más del 92% de los registros de la colección).
Por otro lado, asociadas al herbario HSS existen otras colecciones de hongos (Micoteca), semillas (Carpoteca), polen (Palinoteca) y maderas (Xiloteca).</para>
            </abstract>
                <keywordSet>
                        <keyword>Occurrence</keyword>
                        <keywordThesaurus>GBIF Dataset Type Vocabulary: http://rs.gbif.org/vocabulary/gbif/dataset_type.xml</keywordThesaurus>
                </keywordSet>
                <keywordSet>
                        <keyword>Occurrence</keyword>
                        <keywordThesaurus>GBIF Dataset Type Vocabulary: http://rs.gbif.org/vocabulary/gbif/dataset_type_2015-07-10.xml</keywordThesaurus>
                </keywordSet>
                <keywordSet>
                        <keyword>Specimen</keyword>
                        <keywordThesaurus>GBIF Dataset Subtype Vocabulary: http://rs.gbif.org/vocabulary/gbif/dataset_subtype.xml</keywordThesaurus>
                </keywordSet>
                <keywordSet>
                        <keyword>Scolymus</keyword>
                        <keyword>SW Peninsula Iberica</keyword>
                        <keyword>Poaceae</keyword>
                        <keyword>Amarillydaceae</keyword>
                        <keyword>Lamiaceae</keyword>
                        <keyword>Festuca</keyword>
                        <keyword>Thymus</keyword>
                        <keyword>Flora amenazada de Extremadura</keyword>
                        <keyword>Flora invasora de Extremadura</keyword>
                        <keyword>Quercus</keyword>
                        <keyword>Orchidaceae</keyword>
                        <keyword>Asteraceae</keyword>
                        <keyword>Narcissus</keyword>
                        <keyword>Salvia</keyword>
                        <keyword>Extremadura</keyword>
                        <keyword>Stipa</keyword>
                        <keyword>Mentha</keyword>
                        <keywordThesaurus>n/a</keywordThesaurus>
                </keywordSet>
            <intellectualRights>
                    <para>This work is licensed under a <ulink url="http://creativecommons.org/licenses/by-nc/4.0/legalcode"><citetitle>Creative Commons Attribution Non Commercial (CC-BY-NC) 4.0 License</citetitle></ulink>.</para>
            </intellectualRights>
            <coverage>
                    <geographicCoverage>
                            <geographicDescription>El material vegetal conservado en el herbario HSS procede principalmente Europa, incluyen pequeñas colecciones de materiales procedentes de otros continentes (África, América del Norte, América del Sur, Asia y Oceanía).
La zona geográfica con mayor representación en el Herbario HSS corresponde a la Península Ibérica y concretamente al cuadrante Suroeste, el cual engloba las provincias españolas, Badajoz, Cáceres, Ávila, Salamanca, Huelva y Sevilla; y portuguesas, Alto Alentejo, Bajo Alentejo, Algarve y Estremadura.
Además, existe una representación importante de materiales procedentes del Norte de África, Marruecos y Túnez, vinculados al estudio de la flora de la cordillera del Atlas.</geographicDescription>
                            <boundingCoordinates>
                                <westBoundingCoordinate>-180</westBoundingCoordinate>
                                <eastBoundingCoordinate>180</eastBoundingCoordinate>
                                <northBoundingCoordinate>90</northBoundingCoordinate>
                                <southBoundingCoordinate>-90</southBoundingCoordinate>
                            </boundingCoordinates>
                    </geographicCoverage>
                    <temporalCoverage>
                            <rangeOfDates>
                                <beginDate>
                                    <calendarDate>                1991-04-01
</calendarDate>
                                </beginDate>
                                <endDate>
                                    <calendarDate>                2021
</calendarDate>
                                </endDate>
                            </rangeOfDates>
                    </temporalCoverage>
                    <temporalCoverage>
                            <rangeOfDates>
                                <beginDate>
                                    <calendarDate>                1932-03-05
</calendarDate>
                                </beginDate>
                                <endDate>
                                    <calendarDate>                1991-03-31
</calendarDate>
                                </endDate>
                            </rangeOfDates>
                    </temporalCoverage>
                        <taxonomicCoverage>
                                <generalTaxonomicCoverage>Los materiales vegetales se clasifican en función de los últimos trabajos sobre filogenia del reino vegetal (APGIII, 2009; Christenhusz &amp; al, 2011a.; 2011b; Pryer &amp; al, 2006; Smith &amp; al, 2006; Reveal &amp; Chase, 2011) y trabajos sobre la flora vegetal de la Península Ibérica y Extremadura (Castroviejo, 1984-2021; Devesa, 1995; Valdés &amp; al, 1987).
El herbario HSS incluye representantes de 3 phyllum incluidos en el reino vegetal correspondientes a las plantas vasculares: Angiospermophyta (71149 registros, 97.4%), Coniferophyta (440 registros, 0.6%) y Pteridophyta (1473 registros, 2.0%). Además, el número de familias, géneros y taxones asciende a 196, 1163 y 5413, respectivamente. Las 10 familias con mayor número de registros son: Fagaceae (8315 registros, 11.4%), Poaceae (8062 registros, 11.0%), Asteraceae (7227 registros, 9.9%), Fabaceae (5424 registros,7.4%), Lamiaceae (3883 registros, 5.3%), Caryophyllaceae (2600 registros, 3.5%), Orchidaceae (2132 registros, 3.0%), Brassicaceae (2070 registros, 2.8%), Amaryllidaceae (1458 registros, 2.0%) y Liliaceae (1379 registros, 1.8%). Y, los 10 géneros más representados son: Quercus (8227 registros,11.3%), Gagea (1265 registros,1.7%), Trifolium (1095 registros,1.5%), Narcissus (982 registros,1.3%), Bromus (958 registros,1.3%), Silene (801 registros,1.1%), Centaurea (784 registros,1.1%), Ranunculus (740 registros,1.0%), Vitis (730 registros,1.1%) y Thymus (707 registros,1.0%).</generalTaxonomicCoverage>
                                <taxonomicClassification>
                                        <taxonRankName>Kingdom</taxonRankName>
                                    <taxonRankValue>Plantae</taxonRankValue>
                                        <commonName>Vegetal</commonName>
                                </taxonomicClassification>
                                <taxonomicClassification>
                                        <taxonRankName>Phylum</taxonRankName>
                                    <taxonRankValue>Angiospermophyta</taxonRankValue>
                                        <commonName>Angiospermas</commonName>
                                </taxonomicClassification>
                                <taxonomicClassification>
                                        <taxonRankName>Phylum</taxonRankName>
                                    <taxonRankValue>Coniferophyta</taxonRankValue>
                                        <commonName>Coniferas</commonName>
                                </taxonomicClassification>
                                <taxonomicClassification>
                                        <taxonRankName>Phylum</taxonRankName>
                                    <taxonRankValue>Pteridophyta</taxonRankValue>
                                        <commonName>Helechos</commonName>
                                </taxonomicClassification>
                        </taxonomicCoverage>
            </coverage>
            <maintenance>
                <description>
                    <para></para>
                </description>
                <maintenanceUpdateFrequency>unkown</maintenanceUpdateFrequency>
            </maintenance>
            <contact>
            <individualName>
<givenName>Francisco María</givenName>                    <surName>Vázquez Pardo</surName>
            </individualName>
<organizationName>Instituto de Investigaciones Agrarías Finca La Orden - Valdesequera. CICYTEX</organizationName><positionName>Jefe de Sección Producción Forestal y Biodiversidad</positionName>            <address>
<deliveryPoint>Ctra. N-V. pto. km. 374</deliveryPoint><city>Guadajira</city><administrativeArea>Badajoz</administrativeArea><postalCode>06187</postalCode><country>SPAIN</country>            </address>
<phone>+ 34 924014113</phone><electronicMailAddress>frvazquez50@hotmail.com</electronicMailAddress>            <userId directory="http://orcid.org/">0000-0001-7826-8814</userId>
            </contact>
            <methods>
                    <methodStep>
                        <description>
                            <para>1. Recolección de material vegetal en campo con anotación localización y toma de coordenadas geográficas.
2. Prensado y secado en laboratorio.
3. Generación de etiquetas, identificación y montaje de pliegos.
4. Indexado de la información en base de datos Access.
5. Congelación del material a -40ºC durante 24-48 horas.
6. Inclusión final en el herbario</para>
                        </description>
                    </methodStep>
                    <sampling>
                        <studyExtent>
                            <description>
                                <para>El área geográfica con mayor frecuencia de muestreo se limita a la Comunidad Autónoma de Extremadura y territorios limítrofes de España (Andalucía, Castilla la Mancha y Castilla y León) y Portugal (Alto Alentejo, Bajo Alentejo, Beira Baja y Beira Alta).
La frecuencia de visitas es variable, dependiendo de las necesidades de los proyectos de investigación desarrollados en cada momento.</para>
                            </description>
                        </studyExtent>
                        <samplingDescription>
                            <para>Los materiales recolectados mediante los trabajos del personal de la Sección de Producción Forestal y Biodiversidad, del Instituto de Investigaciones Agrarias “Finca La Orden-Valdesequera” se obtienen mediante diversos métodos de muestreo, variables en función de los objetivos perseguidos en los proyectos de investigación vinculados al herbario HSS. Estos métodos se establecen en función de la información bibliográfica (Libros, artículos científicos, etc.) disponible relacionados con las actividades u objetivos que se pretenden conseguir mediante las recolecciones.</para>
                        </samplingDescription>
                    </sampling>
                    <qualityControl>
                        <description>
                            <para>Con posterioridad a cada recolección los datos de localización (provincia, municipio, localidad, coordenadas, etc.) son comprobados y corregidos mediante el uso de Sistemas de Información Geográfica en base a la cartografía topográfica nacional (MTN50, MTN25) y a las fotografías aéreas más actuales disponibles.
Por otro lado, los especímenes obtenidos mediante las recolecciones son sometidos a un proceso de secado y prensado, y un posterior proceso de congelación a -40 ºC durante 24 horas previo a su inclusión definitiva en el herbario HSS. Además, una vez incluidos en las dependencias del herbario HSS se controlan las condiciones de temperatura (aproximadamente 12ºC) y humedad (30%) y se someten a periódicos procesos de congelación a -40 ºC, con el fin de mantener los especímenes en un adecuado estado de conservación.
Además, con anterioridad a su inclusión definitiva en el herbario HSS, cada espécimen es sometido a un proceso de identificación taxonómica de acuerdo a las obras más actuales sobre flora.
Finalmente, la información relativa a cada recolección y espécimen es almacenada en una base de datos (Acess).</para>
                        </description>
                    </qualityControl>
            </methods>

    </dataset>

    <additionalMetadata>
        <metadata>
            <gbif>
                <dateStamp>2023-07-06T00:45:15Z</dateStamp>
                <citation identifier="HSS">Vázquez Pardo F M, Márquez García F (2021). Herbario HSS Finca La Orden-Valdesequera (CICYTEX). Junta de Extremadura. La Orden Estate, Dep. Forest Production and Grasslands, Agriculture and Environment Office, Regional Government of Extremadura. Occurrence dataset https://doi.org/10.15468/siye1z accessed via GBIF.org on 2023-07-06.</citation>
                    <resourceLogoUrl>http://www.gbif.es/ipt/logo.do?r=hss</resourceLogoUrl>
                        <collection>
                            <parentCollectionIdentifier>No aplica</parentCollectionIdentifier>
                            <collectionIdentifier>837acfc2-f762-11e1-a439-00145eb45e9a</collectionIdentifier>
                            <collectionName>Herbario HSS</collectionName>
                        </collection>
                        <specimenPreservationMethod>DEEP_FROZEN</specimenPreservationMethod>
            </gbif>
        </metadata>
    </additionalMetadata>

</eml:eml>
