<?xml version="1.0" encoding="utf-8"?>
<eml:eml xmlns:eml="eml://ecoinformatics.org/eml-2.1.1" xmlns:xsi="http://www.w3.org/2001/XMLSchema-instance"
         xsi:schemaLocation="eml://ecoinformatics.org/eml-2.1.1 http://rs.gbif.org/schema/eml-gbif-profile/1.2/eml.xsd"
packageId="848182d0-f762-11e1-a439-00145eb45e9a"  system="http://gbif.org" scope="system"
xml:lang="en">

    <dataset>
            <alternateIdentifier>10.15468/yhvbj8</alternateIdentifier>
                <alternateIdentifier>566</alternateIdentifier>
        <title>herbario</title>
            <associatedParty>
            <individualName>
                    <surName>Max Angulo R.</surName>
            </individualName>
<electronicMailAddress>informatica@museocostarica.go.cr</electronicMailAddress>            <role>TECHNICAL_POINT_OF_CONTACT</role>
            </associatedParty>
        <language>ENGLISH</language>
            <intellectualRights>
                    <para>This work is licensed under a <ulink url="http://creativecommons.org/licenses/by/4.0/legalcode"><citetitle>Creative Commons Attribution (CC-BY) 4.0 License</citetitle></ulink>.</para>
            </intellectualRights>
            <maintenance>
                <description>
                    <para></para>
                </description>
                <maintenanceUpdateFrequency>unkown</maintenanceUpdateFrequency>
            </maintenance>

    </dataset>

    <additionalMetadata>
        <metadata>
            <gbif>
                <dateStamp>2023-07-06T00:45:16Z</dateStamp>
                <citation>Museo Nacional de Costa Rica. herbario. Occurrence dataset https://doi.org/10.15468/yhvbj8 accessed via GBIF.org on 2023-07-06.</citation>
                    <physical>
                        <objectName>GBIF Occurrence Download</objectName>
                        <characterEncoding>UTF-8</characterEncoding>
                        <dataFormat>
                            <externallyDefinedFormat>
                                <formatName>Darwin Core Archive</formatName>
                            </externallyDefinedFormat>
                        </dataFormat>
                        <distribution>
                            <online>
                                <url function="download">http://api.gbif.org/v1/occurrence/download/request/0012242-180131172636756.zip</url>
                            </online>
                        </distribution>
                    </physical>
            </gbif>
        </metadata>
    </additionalMetadata>

</eml:eml>
