<?xml version="1.0" encoding="utf-8"?>
<eml:eml xmlns:eml="eml://ecoinformatics.org/eml-2.1.1" xmlns:xsi="http://www.w3.org/2001/XMLSchema-instance"
         xsi:schemaLocation="eml://ecoinformatics.org/eml-2.1.1 http://rs.gbif.org/schema/eml-gbif-profile/1.2/eml.xsd"
packageId="8492ecf0-f762-11e1-a439-00145eb45e9a"  system="http://gbif.org" scope="system"
xml:lang="en">

    <dataset>
            <alternateIdentifier>10.15468/cgm3js</alternateIdentifier>
                <alternateIdentifier>https://science-net.kahaku.go.jp/ipt2/resource?r=snet-1115-101</alternateIdentifier>
                <alternateIdentifier>http://science-net.kahaku.go.jp/ipt2/resource?r=snet-1115-101</alternateIdentifier>
                <alternateIdentifier>http://gbif.science-net.kahaku.go.jp:8081/ipt2/resource?r=snet-1115-101</alternateIdentifier>
                <alternateIdentifier>8492ecf0-f762-11e1-a439-00145eb45e9a</alternateIdentifier>
                <alternateIdentifier>599</alternateIdentifier>
        <title>Plant Specimens of Kurashiki Museum of Natural History</title>
            <creator>
            <individualName>
<givenName>Shungo</givenName>                    <surName>Kariyama</surName>
            </individualName>
<organizationName>Kurashiki Museum of Natural History</organizationName><positionName>Curator</positionName>            <address>
<country>JAPAN</country>            </address>
<electronicMailAddress>muskari@city.kurashiki.okayama.jp</electronicMailAddress>            </creator>
            <metadataProvider>
            <individualName>
<givenName>Shungo</givenName>                    <surName>Kariyama</surName>
            </individualName>
<organizationName>Kurashiki Museum of Natural History</organizationName><positionName>Director</positionName>            <address>
<country>JAPAN</country>            </address>
<electronicMailAddress>muskari@city.kurashiki.okayama.jp</electronicMailAddress>            </metadataProvider>
            <pubDate>
                2023-03-23
            </pubDate>
        <language>ENGLISH</language>
            <abstract>
                    <para>Plant Specimens deposited in Kurashiki Museum of Natural History, Okayama Pref., Japan.</para>
            </abstract>
                <keywordSet>
                        <keyword>Occurrence</keyword>
                        <keywordThesaurus>GBIF Dataset Type Vocabulary: http://rs.gbif.org/vocabulary/gbif/dataset_type_2015-07-10.xml</keywordThesaurus>
                </keywordSet>
            <intellectualRights>
                    <para>This work is licensed under a <ulink url="http://creativecommons.org/licenses/by/4.0/legalcode"><citetitle>Creative Commons Attribution (CC-BY) 4.0 License</citetitle></ulink>.</para>
            </intellectualRights>
            <maintenance>
                <description>
                    <para></para>
                </description>
                <maintenanceUpdateFrequency>unkown</maintenanceUpdateFrequency>
            </maintenance>
            <contact>
            <individualName>
<givenName>Shungo</givenName>                    <surName>Kariyama</surName>
            </individualName>
<organizationName>Kurashiki Museum of Natural History</organizationName><positionName>Director</positionName>            <address>
<country>JAPAN</country>            </address>
<electronicMailAddress>muskari@city.kurashiki.okayama.jp</electronicMailAddress>            </contact>

    </dataset>

    <additionalMetadata>
        <metadata>
            <gbif>
                <dateStamp>2023-07-06T00:45:16Z</dateStamp>
                <citation>Kariyama S (2023). Plant Specimens of Kurashiki Museum of Natural History. National Museum of Nature and Science, Japan. Occurrence dataset https://doi.org/10.15468/cgm3js accessed via GBIF.org on 2023-07-06.</citation>
            </gbif>
        </metadata>
    </additionalMetadata>

</eml:eml>
