<?xml version="1.0" encoding="utf-8"?>
<eml:eml xmlns:eml="eml://ecoinformatics.org/eml-2.1.1" xmlns:xsi="http://www.w3.org/2001/XMLSchema-instance"
         xsi:schemaLocation="eml://ecoinformatics.org/eml-2.1.1 http://rs.gbif.org/schema/eml-gbif-profile/1.2/eml.xsd"
packageId="857cea12-f762-11e1-a439-00145eb45e9a"  system="http://gbif.org" scope="system"
xml:lang="en">

    <dataset>
            <alternateIdentifier>10.15468/1cvts9</alternateIdentifier>
                <alternateIdentifier>1105</alternateIdentifier>
        <title>Herbarium Senckenbergianum (GLM) - Plantae</title>
            <associatedParty>
            <individualName>
                    <surName>Andreas Allspach</surName>
            </individualName>
            <address>
<deliveryPoint>Senckenberg, Senckenberganlage 25, D-60325 Frankfurt am Main, Germany</deliveryPoint>            </address>
<electronicMailAddress>info_sesam@senckenberg.de</electronicMailAddress>            <role>TECHNICAL_POINT_OF_CONTACT</role>
            </associatedParty>
        <language>en</language>
            <abstract>
                    <para>Herbarium Senckenbergianum Görlitz (GLM) - ferns and spermatophytes</para>
            </abstract>
            <intellectualRights>
                    <para>This work is licensed under a <ulink url="http://creativecommons.org/licenses/by/4.0/legalcode"><citetitle>Creative Commons Attribution (CC-BY) 4.0 License</citetitle></ulink>.</para>
            </intellectualRights>
            <distribution scope="document">
                <online>
                    <url function="information">https://www.senckenberg.de/de/institute/senckenberg-museum-fuer-naturkunde-goerlitz/abt-botanik/sekt-phanerogamen-i/sammlung/</url>
                </online>
            </distribution>
            <contact>
            <individualName>
                    <surName>Prof. Dr. Karsten Wesche</surName>
            </individualName>
            </contact>

    </dataset>

    <additionalMetadata>
        <metadata>
            <gbif>
                <dateStamp>2023-07-06T00:45:17Z</dateStamp>
                <citation>Senckenberg. Herbarium Senckenbergianum (GLM) - Plantae. Occurrence dataset https://doi.org/10.15468/1cvts9 accessed via GBIF.org on 2023-07-06.</citation>
                    <resourceLogoUrl>http://biocase.senckenberg.de/senckenberg_logo.png</resourceLogoUrl>
            </gbif>
        </metadata>
    </additionalMetadata>

</eml:eml>
