<?xml version="1.0" encoding="utf-8"?>
<eml:eml xmlns:eml="eml://ecoinformatics.org/eml-2.1.1" xmlns:xsi="http://www.w3.org/2001/XMLSchema-instance"
         xsi:schemaLocation="eml://ecoinformatics.org/eml-2.1.1 http://rs.gbif.org/schema/eml-gbif-profile/1.2/eml.xsd"
packageId="861392fa-f762-11e1-a439-00145eb45e9a"  system="http://gbif.org" scope="system"
xml:lang="en">

    <dataset>
            <alternateIdentifier>10.15468/hrvk3a</alternateIdentifier>
                <alternateIdentifier>https://science-net.kahaku.go.jp/ipt2/resource?r=snet-1019-101</alternateIdentifier>
                <alternateIdentifier>http://science-net.kahaku.go.jp/ipt2/resource?r=snet-1019-101</alternateIdentifier>
                <alternateIdentifier>http://gbif.science-net.kahaku.go.jp:8081/ipt2/resource?r=snet-1019-101</alternateIdentifier>
                <alternateIdentifier>861392fa-f762-11e1-a439-00145eb45e9a</alternateIdentifier>
                <alternateIdentifier>1800</alternateIdentifier>
        <title>Spermatophyta specimens of Iwate Prefectural Museum</title>
            <creator>
            <individualName>
<givenName>Mahoro</givenName>                    <surName>Suzuki</surName>
            </individualName>
<organizationName>Iwate Prefectural Museum</organizationName><positionName>Senior Curator</positionName>            <address>
<country>JAPAN</country>            </address>
<electronicMailAddress>suzukim@iwapmus.jp</electronicMailAddress>            </creator>
            <metadataProvider>
            <individualName>
<givenName>Mahoro</givenName>                    <surName>Suzuki</surName>
            </individualName>
<organizationName>Iwate Prefectural Museum</organizationName><positionName>Senior Curator</positionName>            <address>
<country>JAPAN</country>            </address>
<electronicMailAddress>suzukim@iwapmus.jp</electronicMailAddress>            </metadataProvider>
            <pubDate>
                2023-03-20
            </pubDate>
        <language>ENGLISH</language>
            <abstract>
                    <para>Spermatophyta (seed plants) specimens deposited in Iwate Prefectural Museum (part).</para>
            </abstract>
                <keywordSet>
                        <keyword>Occurrence</keyword>
                        <keywordThesaurus>GBIF Dataset Type Vocabulary: http://rs.gbif.org/vocabulary/gbif/dataset_type_2015-07-10.xml</keywordThesaurus>
                </keywordSet>
            <intellectualRights>
                    <para>This work is licensed under a <ulink url="http://creativecommons.org/licenses/by/4.0/legalcode"><citetitle>Creative Commons Attribution (CC-BY) 4.0 License</citetitle></ulink>.</para>
            </intellectualRights>
            <distribution scope="document">
                <online>
                    <url function="information">http://www2.pref.iwate.jp/~hp0910/en/guide/index.html</url>
                </online>
            </distribution>
            <maintenance>
                <description>
                    <para></para>
                </description>
                <maintenanceUpdateFrequency>unkown</maintenanceUpdateFrequency>
            </maintenance>
            <contact>
            <individualName>
<givenName>Mahoro</givenName>                    <surName>Suzuki</surName>
            </individualName>
<organizationName>Iwate Prefectural Museum</organizationName><positionName>Senior Curator</positionName>            <address>
<country>JAPAN</country>            </address>
<electronicMailAddress>suzukim@iwapmus.jp</electronicMailAddress>            </contact>

    </dataset>

    <additionalMetadata>
        <metadata>
            <gbif>
                <dateStamp>2023-07-06T00:45:18Z</dateStamp>
                <citation>Suzuki M (2023). Spermatophyta specimens of Iwate Prefectural Museum. National Museum of Nature and Science, Japan. Occurrence dataset https://doi.org/10.15468/hrvk3a accessed via GBIF.org on 2023-07-06.</citation>
            </gbif>
        </metadata>
    </additionalMetadata>

</eml:eml>
