<?xml version="1.0" encoding="utf-8"?>
<eml:eml xmlns:eml="eml://ecoinformatics.org/eml-2.1.1" xmlns:xsi="http://www.w3.org/2001/XMLSchema-instance"
         xsi:schemaLocation="eml://ecoinformatics.org/eml-2.1.1 http://rs.gbif.org/schema/eml-gbif-profile/1.2/eml.xsd"
packageId="86986958-f762-11e1-a439-00145eb45e9a"  system="http://gbif.org" scope="system"
xml:lang="en">

    <dataset>
            <alternateIdentifier>10.15468/sythrh</alternateIdentifier>
                <alternateIdentifier>https://science-net.kahaku.go.jp/ipt2/resource?r=snet-1099-101</alternateIdentifier>
                <alternateIdentifier>http://science-net.kahaku.go.jp/ipt2/resource?r=snet-1099-101</alternateIdentifier>
                <alternateIdentifier>http://gbif.science-net.kahaku.go.jp:8081/ipt2/resource?r=snet-1099-101</alternateIdentifier>
                <alternateIdentifier>86986958-f762-11e1-a439-00145eb45e9a</alternateIdentifier>
                <alternateIdentifier>1973</alternateIdentifier>
        <title>Plant specimens deposited in Osaka Museum of Natural History, Japan</title>
            <creator>
            <individualName>
<givenName>Masashi</givenName>                    <surName>Yokogawa</surName>
            </individualName>
<organizationName>Osaka Museum of Natural History</organizationName><positionName>Curator</positionName>            <address>
<country>JAPAN</country>            </address>
<electronicMailAddress>yokogawa@mus-nh.city.osaka.jp</electronicMailAddress>            </creator>
            <metadataProvider>
            <individualName>
<givenName>Masashi</givenName>                    <surName>Yokogawa</surName>
            </individualName>
<organizationName>Osaka Museum of Natural History</organizationName><positionName>Curator</positionName>            <address>
<country>JAPAN</country>            </address>
<electronicMailAddress>yokogawa@mus-nh.city.osaka.jp</electronicMailAddress>            </metadataProvider>
            <pubDate>
                2023-03-23
            </pubDate>
        <language>ENGLISH</language>
            <abstract>
                    <para>Plant specimens deposited in Osaka Museum of Natural History, Japan. They were collected mainly in Kinki district, and are found in the lists published by the museum</para>
            </abstract>
                <keywordSet>
                        <keyword>Occurrence</keyword>
                        <keywordThesaurus>GBIF Dataset Type Vocabulary: http://rs.gbif.org/vocabulary/gbif/dataset_type_2015-07-10.xml</keywordThesaurus>
                </keywordSet>
            <intellectualRights>
                    <para>This work is licensed under a <ulink url="http://creativecommons.org/licenses/by/4.0/legalcode"><citetitle>Creative Commons Attribution (CC-BY) 4.0 License</citetitle></ulink>.</para>
            </intellectualRights>
            <distribution scope="document">
                <online>
                    <url function="information">http://www.mus-nh.city.osaka.jp/english/index.html</url>
                </online>
            </distribution>
            <maintenance>
                <description>
                    <para></para>
                </description>
                <maintenanceUpdateFrequency>unkown</maintenanceUpdateFrequency>
            </maintenance>
            <contact>
            <individualName>
<givenName>Masashi</givenName>                    <surName>Yokogawa</surName>
            </individualName>
<organizationName>Osaka Museum of Natural History</organizationName><positionName>Curator</positionName>            <address>
<country>JAPAN</country>            </address>
<electronicMailAddress>yokogawa@mus-nh.city.osaka.jp</electronicMailAddress>            </contact>

    </dataset>

    <additionalMetadata>
        <metadata>
            <gbif>
                <dateStamp>2023-07-06T00:45:19Z</dateStamp>
                <citation>Yokogawa M (2023). Plant specimens deposited in Osaka Museum of Natural History, Japan. National Museum of Nature and Science, Japan. Occurrence dataset https://doi.org/10.15468/sythrh accessed via GBIF.org on 2023-07-06.</citation>
            </gbif>
        </metadata>
    </additionalMetadata>

</eml:eml>
