<?xml version="1.0" encoding="utf-8"?>
<eml:eml xmlns:eml="eml://ecoinformatics.org/eml-2.1.1" xmlns:xsi="http://www.w3.org/2001/XMLSchema-instance"
         xsi:schemaLocation="eml://ecoinformatics.org/eml-2.1.1 http://rs.gbif.org/schema/eml-gbif-profile/1.2/eml.xsd"
packageId="887677ec-c307-4398-8fe5-0676c40b57ca"  system="http://gbif.org" scope="system"
xml:lang="es">

    <dataset>
            <alternateIdentifier>10.15472/daaflf</alternateIdentifier>
                <alternateIdentifier>https://ipt.biodiversidad.co/sib/resource?r=sda_flora</alternateIdentifier>
                <alternateIdentifier>887677ec-c307-4398-8fe5-0676c40b57ca</alternateIdentifier>
                <alternateIdentifier>http://ipt.biodiversidad.co/sib/resource?r=sda_flora</alternateIdentifier>
        <title>Flora de los Parques Ecológicos Distritales de Humedal de Bogotá, D.C.</title>
            <creator>
            <individualName>
<givenName>Diana</givenName>                    <surName>Medellin</surName>
            </individualName>
<organizationName>Secretaria Distrital de Ambiente SDA</organizationName><positionName>Contratista</positionName>            <address>
<deliveryPoint>Av. Caracas No 54-38</deliveryPoint><city>Bogotá D.C.</city><administrativeArea>Bogotá D.C.</administrativeArea><country>COLOMBIA</country>            </address>
<electronicMailAddress>dimarmedellinz@gmail.com</electronicMailAddress>            </creator>
            <creator>
            <individualName>
<givenName>Edgar Andres</givenName>                    <surName>Espitia Villarraga</surName>
            </individualName>
<organizationName>Secretaria Distrital de Ambiente SDA</organizationName><positionName>Contratista</positionName>            <address>
<deliveryPoint>Av. Caracas No 54-38</deliveryPoint><city>Bogotá D.C.</city><administrativeArea>Bogotá D.C.</administrativeArea><country>COLOMBIA</country>            </address>
<electronicMailAddress>andresespitia1993@gmail.com</electronicMailAddress>            </creator>
            <creator>
            <individualName>
<givenName>Sandy</givenName>                    <surName>Arroyo</surName>
            </individualName>
<organizationName>Secretaria Distrital Ambiente SDA</organizationName><positionName>Coordinadora Grupo Monitoreo de Biodiversidad</positionName>            <address>
<deliveryPoint>Av. Caracas No 54-38</deliveryPoint><city>Bogotá D.C.</city><administrativeArea>Bogotá D.C.</administrativeArea><country>COLOMBIA</country>            </address>
<electronicMailAddress>sandy.arroyo@ambientebogota.gov.co</electronicMailAddress>            </creator>
            <creator>
            <individualName>
<givenName>Natalia María</givenName>                    <surName>Ramírez Martínez</surName>
            </individualName>
<organizationName>Secretaria Distrital Ambiente SDA</organizationName><positionName>Subdirectora de Ecosistemas y Ruralidad</positionName>            <address>
<deliveryPoint>Av. Caracas No 54-38</deliveryPoint><city>Bogotá D.C.</city><administrativeArea>Bogotá D.C.</administrativeArea><country>COLOMBIA</country>            </address>
            </creator>
            <creator>
            <individualName>
<givenName>Juliana</givenName>                    <surName>Rodríguez Ortíz</surName>
            </individualName>
<organizationName>Secretaria Distrital Ambiente SDA</organizationName><positionName>Coordinadora Grupo de Monitoreo de la Biodiversidad</positionName>            <address>
<deliveryPoint>Av. Caracas No 54-38</deliveryPoint><city>Bogotá D.C.</city><administrativeArea>Bogotá D.C.</administrativeArea><country>COLOMBIA</country>            </address>
<electronicMailAddress>JULIANA.RODRIGUEZ@ambientebogota.gov.co</electronicMailAddress>            </creator>
            <creator>
            <individualName>
<givenName>Mireya Patricia</givenName>                    <surName>Córdoba Sánchez</surName>
            </individualName>
<organizationName>Secretaria Distrital Ambiente SDA</organizationName><positionName>Monitor de Biodiversidad</positionName>            <address>
<deliveryPoint>Av. Caracas No 54-38</deliveryPoint><city>Bogotá D.C.</city><administrativeArea>Bogotá D.C.</administrativeArea><country>COLOMBIA</country>            </address>
            </creator>
            <creator>
            <individualName>
<givenName>Sandra Milena</givenName>                    <surName>Sierra Vega</surName>
            </individualName>
<organizationName>Secretaria Distrital Ambiente SDA</organizationName><positionName>Monitor de Biodiversidad</positionName>            <address>
<deliveryPoint>Av. Caracas No 54-38</deliveryPoint><city>Bogotá D.C.</city><administrativeArea>Bogotá D.C.</administrativeArea><country>COLOMBIA</country>            </address>
            </creator>
            <creator>
            <individualName>
<givenName>Jesús Antonio</givenName>                    <surName>Barrera Cabrera</surName>
            </individualName>
<organizationName>Secretaria Distrital Ambiente SDA</organizationName><positionName>Monitor de Biodiversidad</positionName>            <address>
<deliveryPoint>Av. Caracas No 54-38</deliveryPoint><city>Bogotá D.C.</city><administrativeArea>Bogotá D.C.</administrativeArea><country>COLOMBIA</country>            </address>
            </creator>
            <metadataProvider>
            <individualName>
<givenName>Edgar Andres</givenName>                    <surName>Espitia Villarraga</surName>
            </individualName>
<organizationName>Bogotá D.C.</organizationName><positionName>Contratista</positionName>            <address>
<deliveryPoint>Av. Caracas No 54-38</deliveryPoint><city>Bogotá D.C.</city><administrativeArea>Bogotá D.C.</administrativeArea><country>COLOMBIA</country>            </address>
<electronicMailAddress>andresespitia1993@gmail.com</electronicMailAddress>            </metadataProvider>
            <metadataProvider>
            <individualName>
<givenName>Natalia María</givenName>                    <surName>Ramírez Martínez</surName>
            </individualName>
<organizationName>Secretaria Distrital Ambiente SDA</organizationName><positionName>Subdirectora de Ecosistemas y Ruralidad</positionName>            <address>
<deliveryPoint>Av. Caracas No 54-38</deliveryPoint><city>Bogotá D.C.</city><administrativeArea>Bogotá D.C.</administrativeArea><country>COLOMBIA</country>            </address>
            </metadataProvider>
            <metadataProvider>
            <individualName>
<givenName>Yeny Rocio</givenName>                    <surName>López Perilla</surName>
            </individualName>
<organizationName>Secretaria Distrital Ambiente</organizationName><positionName>Contratista</positionName>            <address>
<deliveryPoint>Av. Caracas No 54-38</deliveryPoint><city>Bogotá D.C.</city><country>COLOMBIA</country>            </address>
<electronicMailAddress>yrocio.lopez@gmail.com</electronicMailAddress>            </metadataProvider>
            <metadataProvider>
            <individualName>
<givenName>Edgar Andres</givenName>                    <surName>Espitia Villarraga</surName>
            </individualName>
<organizationName>Secretaria Distrital Ambiente</organizationName><positionName>Contratista</positionName>            <address>
<deliveryPoint>Av. Caracas No 54-38</deliveryPoint><city>Bogotá D.C.</city><country>COLOMBIA</country>            </address>
<electronicMailAddress>andresespitia1993@gmail.com</electronicMailAddress>            </metadataProvider>
            <metadataProvider>
            <individualName>
<givenName>Diana</givenName>                    <surName>Medellin</surName>
            </individualName>
<organizationName>Secretaria Distrital Ambiente</organizationName><positionName>Contratista</positionName>            <address>
<deliveryPoint>Av. Caracas No 54-38</deliveryPoint><city>Bogotá D.C.</city><country>COLOMBIA</country>            </address>
<electronicMailAddress>dimarmedellinz@gmail.com</electronicMailAddress>            </metadataProvider>
            <associatedParty>
            <individualName>
<givenName>Adriana Lucia</givenName>                    <surName>Santa Méndez</surName>
            </individualName>
<organizationName>Secretaria Distrital de Ambiente</organizationName><positionName>Directora de Gestión Ambiental</positionName>            <address>
<deliveryPoint>Av. Caracas No 54-38</deliveryPoint><city>Bogotá D.C</city><country>COLOMBIA</country>            </address>
<electronicMailAddress>adriana.santa@ambientebogota.gov.co</electronicMailAddress>            <role>CUSTODIAN_STEWARD</role>
            </associatedParty>
            <associatedParty>
            <individualName>
<givenName>Jimmy</givenName>                    <surName>García Beltrán</surName>
            </individualName>
<organizationName>Secretaria Distrital Ambiente</organizationName><positionName>Subdirector de Ecosistemas y Ruralidad</positionName>            <address>
<deliveryPoint>Av. Caracas No 54-38</deliveryPoint><city>Bogotá D.C.</city><country>COLOMBIA</country>            </address>
<electronicMailAddress>jimmy.beltran@ambientebogota.gov.co</electronicMailAddress>            <role>EDITOR</role>
            </associatedParty>
            <associatedParty>
            <individualName>
<givenName>Wendy Francy</givenName>                    <surName>López Meneses</surName>
            </individualName>
<organizationName>Secretaria Distrital Ambiente</organizationName><positionName>Coordinadora Monitoreo en Biodiversidad</positionName>            <address>
<deliveryPoint>Av. Caracas No 54-38</deliveryPoint><city>Bogotá D.C.</city><country>COLOMBIA</country>            </address>
<electronicMailAddress>wendyfrancy@gmail.com</electronicMailAddress>            <role>PROCESSOR</role>
            </associatedParty>
            <associatedParty>
            <individualName>
<givenName>Oscar Yandy</givenName>                    <surName>Romero Goyeneche</surName>
            </individualName>
<organizationName>Secretaria Distrital Ambiente</organizationName><positionName>Apoyo a la coordinación de monitoreo</positionName>            <address>
<deliveryPoint>Av. Caracas No 54-38</deliveryPoint><city>Bogotá D.C.</city><country>COLOMBIA</country>            </address>
<electronicMailAddress>oyromerog@gmail.com</electronicMailAddress>            <role>PROCESSOR</role>
            </associatedParty>
            <associatedParty>
            <individualName>
<givenName>Sandy</givenName>                    <surName>Arroyo</surName>
            </individualName>
<organizationName>Secretaria Distrital Ambiente</organizationName><positionName>Coordinadora Monitoreo en Biodiversidad</positionName>            <address>
<deliveryPoint>Av. Caracas No 54-38</deliveryPoint><city>Bogotá D.C.</city><country>COLOMBIA</country>            </address>
<electronicMailAddress>sandy.arroyo@ambientebogota.gov.co</electronicMailAddress>            <role>POINT_OF_CONTACT</role>
            </associatedParty>
            <pubDate>
                2022-08-09
            </pubDate>
        <language>SPANISH</language>
            <abstract>
                    <para>En este recurso, el grupo de monitoreo en biodiversidad de la Secretaría Distrital de Ambiente –SDA, adscrito a la Subdirección de Ecosistemas y Ruralidad, presenta un consolidado de los registros biológicos de flora, producto del monitoreo de biodiversidad realizado a los Parques Ecológicos Distritales de Humedal (PEDH) durante el mes de Noviembre de 2016 a Diciembre de 2016 y durante el mes de septiembre de 2017 a noviembre de 2017. En este se incluye información del grupo biológico, localizados en los 12 Humedales (PEDH) declarados en el Distrito Capital. Dentro de los resultados obtenidos se tiene para el grupo de flora un registro total de 180 especies vegetales en todos los PEDH del Distrito. Adicionalmente, contiene la información de un monitoreo realizado en el 2021 en 15 humedales, donde se registró un total de 224 especies de flora.</para>
            </abstract>
                <keywordSet>
                        <keyword>Vaca</keyword>
                        <keyword>Santa María del Lago</keyword>
                        <keyword>Burro</keyword>
                        <keyword>Torca-Guaymaral</keyword>
                        <keyword>Humedal Salitre</keyword>
                        <keyword>Distrito</keyword>
                        <keyword>Córdoba</keyword>
                        <keyword>Juan Amarillo</keyword>
                        <keyword>Jaboque</keyword>
                        <keyword>Conejera</keyword>
                        <keyword>Flora</keyword>
                        <keyword>Techo</keyword>
                        <keyword>Humedales de Bogotá</keyword>
                        <keyword>Capellanía</keyword>
                        <keywordThesaurus>n/a</keywordThesaurus>
                </keywordSet>
                <keywordSet>
                        <keyword>Occurrence</keyword>
                        <keywordThesaurus>GBIF Dataset Type Vocabulary: http://rs.gbif.org/vocabulary/gbif/dataset_type_2015-07-10.xml</keywordThesaurus>
                </keywordSet>
                <keywordSet>
                        <keyword>Observation</keyword>
                        <keywordThesaurus>GBIF Dataset Subtype Vocabulary: http://rs.gbif.org/vocabulary/gbif/dataset_subtype.xml</keywordThesaurus>
                </keywordSet>
            <intellectualRights>
                    <para>This work is licensed under a <ulink url="http://creativecommons.org/licenses/by-nc/4.0/legalcode"><citetitle>Creative Commons Attribution Non Commercial (CC-BY-NC) 4.0 License</citetitle></ulink>.</para>
            </intellectualRights>
            <coverage>
                    <geographicCoverage>
                            <geographicDescription>Parques Ecológicos Distritales de Humedales - Jaboque, Torca-Guaymaral, La Vaca, Capellanía, La Conejera, Techo, Córdoba, El Burro, Juan Amarillo, Tunjo, Tibanica, Santa María del Lago.</geographicDescription>
                            <boundingCoordinates>
                                <westBoundingCoordinate>-74.229</westBoundingCoordinate>
                                <eastBoundingCoordinate>-74.02</eastBoundingCoordinate>
                                <northBoundingCoordinate>4.813</northBoundingCoordinate>
                                <southBoundingCoordinate>4.479</southBoundingCoordinate>
                            </boundingCoordinates>
                    </geographicCoverage>
                    <temporalCoverage>
                            <rangeOfDates>
                                <beginDate>
                                    <calendarDate>                2016-11-02
</calendarDate>
                                </beginDate>
                                <endDate>
                                    <calendarDate>                2021-08-12
</calendarDate>
                                </endDate>
                            </rangeOfDates>
                    </temporalCoverage>
                        <taxonomicCoverage>
                                <generalTaxonomicCoverage>Todas las plantas vasculares se identificaron a clase, acabardando 9 clases, 43 ordenes, 94 familias, 229 géneros y 317 especies.</generalTaxonomicCoverage>
                                <taxonomicClassification>
                                        <taxonRankName>Class</taxonRankName>
                                    <taxonRankValue>Monocotyledoneae</taxonRankValue>
                                </taxonomicClassification>
                                <taxonomicClassification>
                                        <taxonRankName>Class</taxonRankName>
                                    <taxonRankValue>Liliopsida</taxonRankValue>
                                </taxonomicClassification>
                                <taxonomicClassification>
                                        <taxonRankName>Class</taxonRankName>
                                    <taxonRankValue>Magnoliopsida</taxonRankValue>
                                </taxonomicClassification>
                                <taxonomicClassification>
                                        <taxonRankName>Class</taxonRankName>
                                    <taxonRankValue>Eudicotyledoneae</taxonRankValue>
                                </taxonomicClassification>
                                <taxonomicClassification>
                                        <taxonRankName>Class</taxonRankName>
                                    <taxonRankValue>Polypodiopsida</taxonRankValue>
                                </taxonomicClassification>
                                <taxonomicClassification>
                                        <taxonRankName>Class</taxonRankName>
                                    <taxonRankValue>Gymnospermae</taxonRankValue>
                                </taxonomicClassification>
                                <taxonomicClassification>
                                        <taxonRankName>Class</taxonRankName>
                                    <taxonRankValue>Pinopsida</taxonRankValue>
                                </taxonomicClassification>
                                <taxonomicClassification>
                                        <taxonRankName>Class</taxonRankName>
                                    <taxonRankValue>Equisetopsida</taxonRankValue>
                                </taxonomicClassification>
                                <taxonomicClassification>
                                        <taxonRankName>Class</taxonRankName>
                                    <taxonRankValue>Asparagales</taxonRankValue>
                                </taxonomicClassification>
                        </taxonomicCoverage>
            </coverage>
            <maintenance>
                <description>
                    <para></para>
                </description>
                <maintenanceUpdateFrequency>asNeeded</maintenanceUpdateFrequency>
            </maintenance>
            <contact>
            <individualName>
<givenName>Sandy</givenName>                    <surName>Arroyo</surName>
            </individualName>
<organizationName>Secretaria Distrital Ambiente SDA</organizationName><positionName>Coordinadora Grupo Monitoreo de Biodiversidad</positionName>            <address>
<deliveryPoint>Av. Caracas No 54-38</deliveryPoint><city>Bogotá D.C.</city><administrativeArea>Bogotá D.C.</administrativeArea><country>COLOMBIA</country>            </address>
<electronicMailAddress>sandy.arroyo@ambientebogota.gov.co</electronicMailAddress>            </contact>
            <contact>
            <individualName>
<givenName>Natalia María</givenName>                    <surName>Ramírez Martínez</surName>
            </individualName>
<organizationName>Secretaria Distrital Ambiente SDA</organizationName><positionName>Subdirectora de Ecosistemas y Ruralidad</positionName>            <address>
<deliveryPoint>Av. Caracas No 54-38</deliveryPoint><city>Bogotá D.C.</city><administrativeArea>Bogotá D.C.</administrativeArea><country>COLOMBIA</country>            </address>
            </contact>
            <methods>
                    <methodStep>
                        <description>
                            <para>El grupo de monitoreo en biodiversidad adscrito a la Secretaria Distrital de Ambiente, fijo los puntos y transectos de muestreo sistemáticamente en los 15 humedales del distrito teniendo en cuenta el área de cada uno, así como las condiciones topográficas y coberturas vegetales presentes. La jornada de campo se realizo entre las 7:00 y 8:30 am hasta las 12 de medio día. En cada humedal se hizo registro de especies vegetales representativas de tipo herbáceo, arbustivo y arbóreo.</para>
                        </description>
                    </methodStep>
                    <methodStep>
                        <description>
                            <para>Los transectos establecidos entre los puntos de monitoreo presentan una longitud y ancho variable dependiendo de la cobertura y diversidad vegetal presente. Este método puede ser sensible a sesgos en función de la experiencia y calidad al momento de identificar las plantas mientras se camina, lo cual es un reto para las habilidades del observador.</para>
                        </description>
                    </methodStep>
                    <sampling>
                        <studyExtent>
                            <description>
                                <para>Los PEDH cubren un total de 725,01 ha de la EEP de Bogotá y cada uno cuenta con la siguiente área legal declarada: 
1. PEDH Tibaníca: (28.8 ha) 
2. PEDH La Vaca: (7.98 ha)
3. PEDH El Burro: (18.84 ha)                               
4. PEDH Techo: (11.67 ha)
5. PEDH Capellanía: (27 ha)	 
6. PEDH Santa María del Lago: (10.86 ha)
7. PEDH Córdoba: (40.51 ha)
8. PEDH Jaboque: (148 ha)
9. PEDH Juan Amarillo: (222.76 ha)
10. PEDH La Conejera: (58.89 ha)
11. PEDH Torca-Guaymaral: (79.93 ha)
12. PEDH El Salitre: (2.8 ha)</para>
                            </description>
                        </studyExtent>
                        <samplingDescription>
                            <para>El método de transectos lineales, es de los protocolos más comunes para hacer este tipo de registros. Este método sugiere identificar la vegetación a aproximadamente 10 metros a lado y lado del transecto y con una longitud de 100 m aproximadamente</para>
                        </samplingDescription>
                    </sampling>
                    <qualityControl>
                        <description>
                            <para>La calidad de la información se garantiza por parte de los especialistas de flora terrestre acuática.

Ajuste de vocabularios controlados en:
Elementos geográficos: stateProvince y county;</para>
                        </description>
                    </qualityControl>
            </methods>

            <project >
                <title>Registros Biológicos para el Desarrollo de Acciones de Evaluación, Seguimiento y Monitoreo en los Elementos Priorizados de la Estructura Ecológica Principal del Distrito Capital</title>
                    <personnel>
            <individualName>
<givenName>Wendy Francy</givenName>                    <surName>López Meneses</surName>
            </individualName>
            <role>PROCESSOR</role>
                    </personnel>
                    <personnel>
            <individualName>
<givenName>Sandy</givenName>                    <surName>Arroyo</surName>
            </individualName>
            <role>EDITOR</role>
                    </personnel>
                    <personnel>
            <individualName>
<givenName>Edgar Andres</givenName>                    <surName>Espitia Villarraga</surName>
            </individualName>
            <role>PRINCIPAL_INVESTIGATOR</role>
                    </personnel>
                    <personnel>
            <individualName>
<givenName>Diana</givenName>                    <surName>Medellin</surName>
            </individualName>
            <role>PRINCIPAL_INVESTIGATOR</role>
                    </personnel>
                    <personnel>
            <individualName>
<givenName>Yeny Rocio</givenName>                    <surName>López Perilla</surName>
            </individualName>
            <role>PUBLISHER</role>
                    </personnel>
                <abstract>
                    <para>En este recurso, el grupo de monitoreo en biodiversidad de la Secretaría Distrital de Ambiente –SDA, adscrito a la Subdirección de Ecosistemas y Ruralidad, presenta un consolidado de los registros biológicos de flora, producto del monitoreo de biodiversidad realizado a los Parques Ecológicos Distritales de Humedal (PEDH) durante el mes de Noviembre de 2016 a Diciembre de 2016 y durante el mes de septiembre de 2017 a octubre de 2017. En este se incluye información del grupo biológico, localizados en los 12 Humedales (PEDH) declarados en el Distrito Capital. Dentro de los resultados obtenidos se tiene para el grupo de flora un registro total de 180 especies vegetales en todos los PEDH del Distrito.</para>
                </abstract>
                <funding>
                    <para></para>
                </funding>
                    <studyAreaDescription>
                        <descriptor name="generic" citableClassificationSystem="false">
                            <descriptorValue>El distrito capital abarca un marco ecosistémico que se extiende desde los páramos de Sumapaz, en los valles aluviales del rio Bogotá, en este ámbito se ubican los humedales, bajo tres tipologías: humedales de Paramo, de ladera, y planicie. La morfología de este altiplano tiene como frontera por el oriente con los cerros de Monserrate (3.152 m.s.n.m.) y Guadalupe (3.260 msnm) que determinan en gran parte las características hídricas de esta área. El drenaje natural de estos cerros en su vertiente occidental, se desarrolla a través de una gran cantidad de quebradas que se convierten en los afluentes de los principales ríos de la ciudad: Torca, Salitre, Fucha y Tunjuelo. En general los cuerpos hídricos que discurren por los cerros orientales tienen un importante gradiente de altura desde más de los 3.200 m.s.n.m. alcanzar los 2.540 m.s.n.m. en la zona baja de la ciudad de Bogotá. El área de estudio comprendió los humedales de planicie, los cuales se ubican en el distrito capital que en su totalidad suman 15 PEDH. 
El sistema hidrográfico de Bogotá está formado por las cuencas de los ríos Salitre o Juan Amarillo, Fucha y Tunjuelo, las cuales drenan el agua de más del 90 % del área urbanizada actual. Deben tenerse en cuenta las cuencas de Torca, La Conejera, El Jaboque y el Tintal. 
El río Bogotá recorre el Distrito Capital en su cuenca media a lo largo del costado occidental de su área urbana, y ésta cuenca está conformada por múltiples cauces y canales de drenaje, provenientes de los cerros orientales. En esta cuenca media se identifican las siguientes subcuencas en el perímetro urbano de Bogotá: los ríos Torca, Salitre, Fucha y Tunjuelo.
Hacen parte de la cuenca del Salitre, las quebradas Delicias, La Vieja, La Chorrera, Cataluña, La Canadá, Luce, Moraji, Chico, Los Cerros, Los Rosales, entre otras. También hacen parte de ella los humedales Jaboque, Santa María del Lago, Córdoba y Juan Amarillo o Tibabuyes.
La cuenca del río Fucha dada su conformación y longitud, se subdivide en tres sectores, cuenca alta la cual corresponde a la parte montañosa, cuenca media que inicia a la entrada del río al perímetro urbano de la ciudad de Bogotá hasta la avenida Boyacá y la cuenca baja desde la avenida Boyacá hasta su desembocadura en el Río Bogotá. Está localizada en el sector centro-sur del Distrito Capital, y drena las aguas de oriente a occidente para finalmente entregarlas al rio Bogotá.
Hacen parte de esta cuenca los canales San Blas, Los Comuneros, Albina, Río Seco y las quebradas Finca, San José, La Pena, Los Laches, San Cristóbal, San Francisco, Santa Isabel, Honda, entre otras. Como ecosistemas asociados se encuentran los humedales de Techo, El Burro, La Vaca y Capellanía.
El río Tunjuelo nace a partir de la confluencia de los ríos Chisacá, Mugroso y Curubital en las estribaciones del Páramo del Sumapaz, las cuales convergen al Embalse La Regadera a 2.900 msnm de altitud que tiene la capacidad de contener un volumen de agua de 4 millones de m3.
El sistema pluvial del río Tunjuelo lo constituyen las quebradas Chigüaza, Limas, Yomasa, El Triángulo, El Zuque, Santa Librada, Juan Rey, La Pichosa, Moralvia, Nueva Delhi, Gaviotas, Zanjón de la Estrella y Trompeta; canales como San Carlos, San Vicente I y II; el sistema de amortiguación de crecientes (cuencas altas rural y urbana hasta San Benito) y la presa de Cantarrana. Como ecosistemas asociados se encuentra el humedal, Tibaníca, y los humedales Tunjo e Isla declarado recientemente.</descriptorValue>
                        </descriptor>
                    </studyAreaDescription>
            </project>
    </dataset>

    <additionalMetadata>
        <metadata>
            <gbif>
                <dateStamp>2023-07-06T00:45:20Z</dateStamp>
                <citation identifier="https://doi.org/10.15472/daaflf">Medellin D, Espitia Villarraga E A, Arroyo S, Ramírez Martínez N M, Rodríguez Ortíz J, Córdoba Sánchez M P, Sierra Vega S M, Barrera Cabrera J A, López Perilla Y R (2022). Flora de los Parques Ecológicos Distritales de Humedal de Bogotá, D.C.. Version 1.7. Secretaría Distrital de Ambiente. Occurrence dataset https://doi.org/10.15472/daaflf accessed via GBIF.org on 2023-07-06.</citation>
                    <bibliography>
                <citation>Madriñán Santiago, 1964- Flora ilustrada del Páramo de Chingaza: guía de campo de plantas comunes. Ed. 2. Santiago Madriñán. Bogotá: Universidad de Los Andes, Ediciones Uniandes, 2010. 64 p, 27 X 12 cm</citation>
                <citation>Secretaría Distrital de Ambiente-SDA. Documento Técnico De Soporte-Evaluación de la Viabilidad para la declaratoria de un área protegida en el sector de Arborizadora Alta –Ciudad Bolívar Bogotá DC. 2013</citation>
                <citation>Manual de Silvicultura Urbana para Bogotá. Resolución No. 043 del 13 de febrero de 2004, artículo 1° Jardín Botánico de Bogotá José Celestino Mutis.</citation>
                <citation>Briceño, R. Parque ecológico Entrenubes de Bogotá: ¿un espacio público para el mejoramiento de la calidad de vida de los habitantes del sur de la ciudad? Universidad Piloto de Colombia. 2011.</citation>
                <citation>Secretaría Distrital de Ambiente-SDA. Plan de Manejo Ambiental del Parque Ecológico Distrital Humedal Tibanica. Bogotá DC. 2009</citation>
                <citation>Ruíz T. F.L., Otero G. J., Ramírez A. D.P., Trespalacios G. O.L.  2008.  Biodiversidad y conectividad ecológica en la localidad de Suba. Instituto de Investigación de Recursos Biológicos Alexander von Humboldt.  Bogotá, D.C. Colombia 52p.</citation>
                <citation>IavH - INSTITUTO DE INVESTIGACIÓN DE RECURSOS BIOLÓGICOS “ALEXANDER VON HUMBOLDT”. Diseño E Implementación De Un Sistema De Indicadores De La Biodiversidad Dentro De La Jurisdicción De La Car E Identificación De Especies Potenciales Como Objeto De Conservación. Informe final de resultados. Corporación Autónoma Regional de Cundinamarca–CAR. 2005.</citation>
                <citation>DAMA. 2006. Política de Humedales del Distrito Capital. Primera Edición. Bogotá D.C. – Colombia.</citation>
                <citation>Estupiñan, L. &amp; Cabrera, L. 2008 Los alrededores: Todo un ambiente en en la U.D.C.A. Revista U.D.C.A Actualidad &amp; Divulgación Científica 11 (2). Pg: 3-9.</citation>
                <citation>Moreno, V., García, J., Villalba, J. 2002. Descripción General de los Humedales de Bogotá. Sociedad Geográfica de Colombia – Academia de Ciencias Geográficas. Bogotá. Pg: 28.</citation>
                <citation>Rangel, O. 2003. El Antiguo Lago de la Sabana de Bogotá, su vegetación y flora en el tiempo. En: Empresa Acueducto y Alcantarillado de Bogotá &amp; Conservación Internacional Colombia (Eds.) Los Humedales de Bogotá y la Sabana. Acueducto de Bogotá. Bogotá, D.C. Pg: 53-70.</citation>
                <citation>Van der Hammen, T. 1998. Plan Ambiental de la Cuenca Alta del Río Bogotá, Análisis y Orientaciones para el Ordenamiento Territorial. Corporación Autónoma Regional de Cundinamarca, CAR. Bogotá, D.C. Pg: 142.</citation>
                <citation>Van der Hammen, T. 2003. Los humedales de la sabana: Origen, evolución, degradación y restauración. En: GUARNIZO A. y B. CALVACHI. Los humedales de Bogotá y la sabana. Acueducto de Bogotá y Conservación Internacional. Colombia.</citation>
                    </bibliography>
                    <resourceLogoUrl>https://raw.githubusercontent.com/SIB-Colombia/logos/main/socio-SiB-sda.png</resourceLogoUrl>
            </gbif>
        </metadata>
    </additionalMetadata>

</eml:eml>
