<?xml version="1.0" encoding="utf-8"?>
<eml:eml xmlns:eml="eml://ecoinformatics.org/eml-2.1.1" xmlns:xsi="http://www.w3.org/2001/XMLSchema-instance"
         xsi:schemaLocation="eml://ecoinformatics.org/eml-2.1.1 http://rs.gbif.org/schema/eml-gbif-profile/1.2/eml.xsd"
packageId="89fa407a-f4f3-4f9c-90a2-3d37388a90ab"  system="http://gbif.org" scope="system"
xml:lang="en">

    <dataset>
            <alternateIdentifier>10.15468/un3c1t</alternateIdentifier>
                <alternateIdentifier>89fa407a-f4f3-4f9c-90a2-3d37388a90ab</alternateIdentifier>
                <alternateIdentifier>https://ipt.taibif.tw/resource?r=ifp_herbarium</alternateIdentifier>
        <title>Herbarium of the French Institute of Pondicherry</title>
            <creator>
            <individualName>
<givenName>Pradeep</givenName>                    <surName>Chandrasegarane</surName>
            </individualName>
<organizationName>French Institute of Pondicherry</organizationName><positionName>Data provider</positionName>            <address>
<deliveryPoint>11, saint Louis street</deliveryPoint><city>PONDICHERRY</city><administrativeArea>Pondicherry</administrativeArea><postalCode>605001</postalCode><country>INDIA</country>            </address>
<electronicMailAddress>pradeep.c@ifpindia.org</electronicMailAddress>            </creator>
            <metadataProvider>
            <individualName>
<givenName>Julien</givenName>                    <surName>Andrieu</surName>
            </individualName>
<organizationName>French Institute of Pondicherry</organizationName><positionName>head of the department of geomatics</positionName>            <address>
<deliveryPoint>11, saint Louis street</deliveryPoint><city>PONDICHERRY</city><administrativeArea>Pondicherry</administrativeArea><postalCode>605001</postalCode><country>INDIA</country>            </address>
<electronicMailAddress>julien.andrieu@ifpindia.org</electronicMailAddress>            </metadataProvider>
            <associatedParty>
            <individualName>
<givenName>Julien</givenName>                    <surName>Andrieu</surName>
            </individualName>
<organizationName>IFP</organizationName><positionName>PI</positionName>            <address>
<deliveryPoint>11, saint Louis street</deliveryPoint><city>PONDICHERRY</city><administrativeArea>Pondicherry</administrativeArea><postalCode>605001</postalCode><country>INDIA</country>            </address>
            <role>PRINCIPAL_INVESTIGATOR</role>
            </associatedParty>
            <associatedParty>
            <individualName>
<givenName>Pradeep</givenName>                    <surName>Chandrasegarane</surName>
            </individualName>
<organizationName>French Institute of Pondicherry</organizationName><positionName>Data curator</positionName>            <address>
<deliveryPoint>11, saint Louis street</deliveryPoint><city>PONDICHERRY</city><administrativeArea>Pondicherry</administrativeArea><postalCode>605001</postalCode><country>INDIA</country>            </address>
            <role>CURATOR</role>
            </associatedParty>
            <associatedParty>
            <individualName>
<givenName>Balasubramanian</givenName>                    <surName>Dhandapani</surName>
            </individualName>
<organizationName>French Institute of Pondicherry</organizationName><positionName>Head of IT</positionName>            <address>
<deliveryPoint>11, saint Louis street</deliveryPoint><city>PONDICHERRY</city><administrativeArea>Pondicherry</administrativeArea><postalCode>605001</postalCode><country>INDIA</country>            </address>
            <role>PROGRAMMER</role>
            </associatedParty>
            <associatedParty>
            <individualName>
<givenName>Srilatha</givenName>                    <surName>Ramakrishnan</surName>
            </individualName>
<organizationName>French Institute of Pondicherry</organizationName><positionName>Software Developer</positionName>            <address>
<deliveryPoint>11, saint Louis street</deliveryPoint><city>PONDICHERRY</city><administrativeArea>Pondicherry</administrativeArea><postalCode>605001</postalCode><country>INDIA</country>            </address>
            <role>PROGRAMMER</role>
            </associatedParty>
            <associatedParty>
            <individualName>
<givenName>Rameshkumar</givenName>                    <surName>Kothandapani</surName>
            </individualName>
<organizationName>French Institute of Pondicherry</organizationName><positionName>Head of the Phototheque</positionName>            <address>
<deliveryPoint>11, saint Louis street</deliveryPoint><city>PONDICHERRY</city><administrativeArea>Pondicherry</administrativeArea><postalCode>605001</postalCode><country>INDIA</country>            </address>
<phone>06384174281</phone>            <role>PROCESSOR</role>
            </associatedParty>
            <associatedParty>
            <individualName>
<givenName>Jayakumar</givenName>                    <surName>Djeabalane</surName>
            </individualName>
<organizationName>French Institute of Pondicherry</organizationName><positionName>Logistics in-charge</positionName>            <role>PROCESSOR</role>
            </associatedParty>
            <associatedParty>
            <individualName>
<givenName>Ayyappan</givenName>                    <surName>Narayanan</surName>
            </individualName>
<organizationName>French Institute of Pondicherry</organizationName><positionName>Researcher</positionName>            <role>CONTENT_PROVIDER</role>
            </associatedParty>
            <associatedParty>
            <individualName>
<givenName>Balachandran</givenName>                    <surName>Natesan</surName>
            </individualName>
<organizationName>French Institute of Pondicherry</organizationName><positionName>Engineer</positionName>            <role>CUSTODIAN_STEWARD</role>
            </associatedParty>
            <associatedParty>
            <individualName>
<givenName>Dr. Padamnabhi</givenName>                    <surName>Nagar</surName>
            </individualName>
<organizationName>The Maharaja Sayajirao University of Baroda</organizationName><positionName>Custodian Steward</positionName>            <address>
<deliveryPoint>Municipal Shopping Centre, 32, Aurobindo Ghosh Rd, Opp. Pravasi Gruh, Near Railway Station, Sayajiganj,</deliveryPoint><city>Vadodara</city><administrativeArea>Gujarat</administrativeArea><postalCode>390002</postalCode><country>INDIA</country>            </address>
<electronicMailAddress>padamnabhi.nagar-botany@msubaroda.ac.in</electronicMailAddress>            <role>CUSTODIAN_STEWARD</role>
            </associatedParty>
            <pubDate>
                2023-05-08
            </pubDate>
        <language>ENGLISH</language>
            <abstract>
                    <para>This dataset represents the occurrences of plant species corresponding to the collection of the herbarium of the French Institute of Pondicherry (Institut Français de Pondichéry MEAE - CNRS).</para>
            </abstract>
                <keywordSet>
                        <keyword>Occurrence</keyword>
                        <keywordThesaurus>GBIF Dataset Type Vocabulary: http://rs.gbif.org/vocabulary/gbif/dataset_type_2015-07-10.xml</keywordThesaurus>
                </keywordSet>
                <keywordSet>
                        <keyword>Specimen</keyword>
                        <keywordThesaurus>GBIF Dataset Subtype Vocabulary: http://rs.gbif.org/vocabulary/gbif/dataset_subtype.xml</keywordThesaurus>
                </keywordSet>
                <keywordSet>
                        <keyword>Plants</keyword>
                        <keywordThesaurus>GBIF Dataset Subtype Vocabulary: http://rs.gbif.org/vocabulary/gbif/dataset_subtype.xml</keywordThesaurus>
                </keywordSet>
                <keywordSet>
                        <keyword>India</keyword>
                        <keywordThesaurus>Geography</keywordThesaurus>
                </keywordSet>
                <keywordSet>
                        <keyword>Western Ghats</keyword>
                        <keywordThesaurus>Geography</keywordThesaurus>
                </keywordSet>
                <keywordSet>
                        <keyword>Natural History</keyword>
                        <keywordThesaurus>GBIF Dataset Subtype Vocabulary: http://rs.gbif.org/vocabulary/gbif/dataset_subtype.xml</keywordThesaurus>
                </keywordSet>
            <intellectualRights>
                    <para>This work is licensed under a <ulink url="http://creativecommons.org/licenses/by/4.0/legalcode"><citetitle>Creative Commons Attribution (CC-BY) 4.0 License</citetitle></ulink>.</para>
            </intellectualRights>
            <coverage>
                    <geographicCoverage>
                            <geographicDescription>Most of the occurrences are in India with a focus on the Western Ghats</geographicDescription>
                            <boundingCoordinates>
                                <westBoundingCoordinate>-180</westBoundingCoordinate>
                                <eastBoundingCoordinate>180</eastBoundingCoordinate>
                                <northBoundingCoordinate>90</northBoundingCoordinate>
                                <southBoundingCoordinate>-90</southBoundingCoordinate>
                            </boundingCoordinates>
                    </geographicCoverage>
                    <temporalCoverage>
                            <rangeOfDates>
                                <beginDate>
                                    <calendarDate>                1847-01-01
</calendarDate>
                                </beginDate>
                                <endDate>
                                    <calendarDate>                2022-05-17
</calendarDate>
                                </endDate>
                            </rangeOfDates>
                    </temporalCoverage>
                        <taxonomicCoverage>
                                <taxonomicClassification>
                                        <taxonRankName>Kingdom</taxonRankName>
                                    <taxonRankValue>plantae</taxonRankValue>
                                </taxonomicClassification>
                        </taxonomicCoverage>
            </coverage>
            <maintenance>
                <description>
                    <para></para>
                </description>
                <maintenanceUpdateFrequency>asNeeded</maintenanceUpdateFrequency>
            </maintenance>
            <contact>
            <individualName>
<givenName>Julien</givenName>                    <surName>Andrieu</surName>
            </individualName>
<organizationName>French Institute of Pondicherry</organizationName><positionName>head of the department of geomatics</positionName>            <address>
<deliveryPoint>11, saint Louis street</deliveryPoint><city>PONDICHERRY</city><administrativeArea>Pondicherry</administrativeArea><postalCode>605001</postalCode><country>INDIA</country>            </address>
<electronicMailAddress>julien.andrieu@ifpindia.org</electronicMailAddress>            </contact>
            <contact>
            <individualName>
<givenName>Balasubramanian</givenName>                    <surName>Dhandapani</surName>
            </individualName>
<organizationName>French Institute of Pondicherry</organizationName><positionName>head of the IT team</positionName>            <address>
<deliveryPoint>11, saint Louis street</deliveryPoint><city>PONDICHERRY</city><administrativeArea>Pondicherry</administrativeArea><postalCode>605001</postalCode><country>INDIA</country>            </address>
<electronicMailAddress>balu.d@ifpindia.org</electronicMailAddress>            </contact>
            <methods>
                    <methodStep>
                        <description>
                            <para>Data capture: Manually typing the information from the herbarium sheets.</para>
                        </description>
                    </methodStep>
                    <methodStep>
                        <description>
                            <para>Image digitization: each sheet was scanned.</para>
                        </description>
                    </methodStep>
                    <methodStep>
                        <description>
                            <para>Geographical coordinates and inaccuracy in meters produced by &quot;Geolocate&quot;.</para>
                        </description>
                    </methodStep>
                    <methodStep>
                        <description>
                            <para>Data curation using Excel and OpenRefine.</para>
                        </description>
                    </methodStep>
                    <methodStep>
                        <description>
                            <para>Identification validated by the Gbif Backbone Taxonomy.</para>
                        </description>
                    </methodStep>
                    <methodStep>
                        <description>
                            <para>Dataset standardized and checked with the tool &quot;Data Validator&quot; of GBIF before publishing.</para>
                        </description>
                    </methodStep>
                    <sampling>
                        <studyExtent>
                            <description>
                                <para>India, mainly Western Ghats.</para>
                            </description>
                        </studyExtent>
                        <samplingDescription>
                            <para>The herbarium is a collection of botanical observations associated with sample collection and conservation. It has not been built with a precise sampling method but results instead of various methods put together.</para>
                        </samplingDescription>
                    </sampling>
                    <qualityControl>
                        <description>
                            <para>The identification has been realized and checked by trained botanists. The dataset has been curated as per Gbif recommendations.</para>
                        </description>
                    </qualityControl>
            </methods>

            <project id="BIFA6_015">
                <title>Filling data gaps with the natural history collections of the Western Ghats</title>
                    <personnel>
            <individualName>
<givenName>Julien</givenName>                    <surName>Andrieu</surName>
            </individualName>
            <role>PRINCIPAL_INVESTIGATOR</role>
                    </personnel>
                    <personnel>
            <individualName>
<givenName>Pradeep</givenName>                    <surName>Chandrasegarane</surName>
            </individualName>
            <role>CURATOR</role>
                    </personnel>
                    <personnel>
            <individualName>
<givenName>Ayyappan</givenName>                    <surName>Narayanan</surName>
            </individualName>
            <role>CONTENT_PROVIDER</role>
                    </personnel>
                    <personnel>
            <individualName>
<givenName>Balachandran</givenName>                    <surName>Natesan</surName>
            </individualName>
            <role>CUSTODIAN_STEWARD</role>
                    </personnel>
                    <personnel>
            <individualName>
<givenName>Balasubramanian</givenName>                    <surName>Dhandapani</surName>
            </individualName>
            <role>PROGRAMMER</role>
                    </personnel>
                    <personnel>
            <individualName>
<givenName>Srilatha</givenName>                    <surName>Ramakrishnan</surName>
            </individualName>
            <role>PROGRAMMER</role>
                    </personnel>
                    <personnel>
            <individualName>
<givenName>Rameshkumar</givenName>                    <surName>Kothandapani</surName>
            </individualName>
            <role>PROCESSOR</role>
                    </personnel>
                    <personnel>
            <individualName>
<givenName>Jayakumar</givenName>                    <surName>Djeabalane</surName>
            </individualName>
            <role>PROCESSOR</role>
                    </personnel>
                <abstract>
                    <para>Western Ghats is a unique mountain ecosystem comprised of different tropical forest and grassland landscapes that harbour high levels of biological diversity and endemism. Scientists from both the French Institute of Pondicherry and the Maharaja Sayajirao University of Baroda have studied this global hotspot of biodiversity for decades, resulting in the collection of important data organized in as-yet inaccessible databases. The project team has curated and digitized herbarium specimens covering the whole of Western Ghats, producing a valuable asset for conservation science that serves as a precedent for other institutions to digitize and publish open data from their natural history collections.</para>
                </abstract>
                <funding>
                    <para>https://www.env.go.jp/en</para>
                </funding>
                    <studyAreaDescription>
                        <descriptor name="generic" citableClassificationSystem="false">
                            <descriptorValue>Study area covers whole of India, mainly Western Ghats</descriptorValue>
                        </descriptor>
                    </studyAreaDescription>
                    <designDescription>
                        <description>
                            <para>The collection from the herbarium results from various sampling methods.</para>
                        </description>
                    </designDescription>
            </project>
    </dataset>

    <additionalMetadata>
        <metadata>
            <gbif>
                <dateStamp>2023-07-06T00:45:21Z</dateStamp>
                <citation identifier="10.15468/un3c1t">Chandrasegarane P, Andrieu J (2023). Herbarium of the French Institute of Pondicherry. Version 1.9. French Institute of Pondicherry. Occurrence dataset https://doi.org/10.15468/un3c1t accessed via GBIF.org on 2023-07-06.</citation>
                        <collection>
                            <parentCollectionIdentifier></parentCollectionIdentifier>
                            <collectionIdentifier>HIFP</collectionIdentifier>
                            <collectionName>HIFP</collectionName>
                        </collection>
                        <specimenPreservationMethod>DRIED_AND_PRESSED</specimenPreservationMethod>
            </gbif>
        </metadata>
    </additionalMetadata>

</eml:eml>
