<?xml version="1.0" encoding="utf-8"?>
<eml:eml xmlns:eml="eml://ecoinformatics.org/eml-2.1.1" xmlns:xsi="http://www.w3.org/2001/XMLSchema-instance"
         xsi:schemaLocation="eml://ecoinformatics.org/eml-2.1.1 http://rs.gbif.org/schema/eml-gbif-profile/1.2/eml.xsd"
packageId="8a63f00c-f762-11e1-a439-00145eb45e9a"  system="http://gbif.org" scope="system"
xml:lang="en">

    <dataset>
            <alternateIdentifier>10.15468/vimum3</alternateIdentifier>
                <alternateIdentifier>2801</alternateIdentifier>
        <title>Lindau im Bodensee</title>
        <language>ENGLISH</language>
            <abstract>
                    <para>This dataset holds the observations recorded during the GEO Biodiversity Day &amp;#34;Lindau im Bodensee&amp;#34; in Lindau</para>
            </abstract>
            <intellectualRights>
                    <para>This work is licensed under a <ulink url="http://creativecommons.org/licenses/by/4.0/legalcode"><citetitle>Creative Commons Attribution (CC-BY) 4.0 License</citetitle></ulink>.</para>
            </intellectualRights>
            <maintenance>
                <description>
                    <para></para>
                </description>
                <maintenanceUpdateFrequency>unkown</maintenanceUpdateFrequency>
            </maintenance>
            <contact>
            <individualName>
                    <surName>Tom Müller</surName>
            </individualName>
<electronicMailAddress>mueller.tom@geo.de</electronicMailAddress>            </contact>

    </dataset>

    <additionalMetadata>
        <metadata>
            <gbif>
                <dateStamp>2023-07-06T00:45:22Z</dateStamp>
                <citation>GEO-Tag der Artenvielfalt. Lindau im Bodensee. Occurrence dataset https://doi.org/10.15468/vimum3 accessed via GBIF.org on 2023-07-06.</citation>
                    <physical>
                        <objectName>GBIF Occurrence Download</objectName>
                        <characterEncoding>UTF-8</characterEncoding>
                        <dataFormat>
                            <externallyDefinedFormat>
                                <formatName>Darwin Core Archive</formatName>
                            </externallyDefinedFormat>
                        </dataFormat>
                        <distribution>
                            <online>
                                <url function="download">http://api.gbif.org/v1/occurrence/download/request/0018275-180131172636756.zip</url>
                            </online>
                        </distribution>
                    </physical>
            </gbif>
        </metadata>
    </additionalMetadata>

</eml:eml>
