<?xml version="1.0" encoding="utf-8"?>
<eml:eml xmlns:eml="eml://ecoinformatics.org/eml-2.1.1" xmlns:xsi="http://www.w3.org/2001/XMLSchema-instance"
         xsi:schemaLocation="eml://ecoinformatics.org/eml-2.1.1 http://rs.gbif.org/schema/eml-gbif-profile/1.2/eml.xsd"
packageId="8bc47548-aaed-4ad6-96d0-85c97955a81e"  system="http://gbif.org" scope="system"
xml:lang="en">

    <dataset>
            <alternateIdentifier>10.15468/7t5ghf</alternateIdentifier>
                <alternateIdentifier>https://collections.ala.org.au/public/show/dr15870</alternateIdentifier>
                <alternateIdentifier>8bc47548-aaed-4ad6-96d0-85c97955a81e</alternateIdentifier>
                <alternateIdentifier>c715a613-595a-365d-abe8-fa0ef06f2791</alternateIdentifier>
        <title>N.C.W. Beadle Herbarium (NE) AVH data</title>
            <creator>
<organizationName>Australia&apos;s Virtual Herbarium</organizationName>            </creator>
            <creator>
<organizationName>N.C.W. Beadle Herbarium</organizationName>            </creator>
            <creator>
<organizationName>University of New England</organizationName>            </creator>
            <metadataProvider>
<organizationName>Australia&apos;s Virtual Herbarium</organizationName>            </metadataProvider>
            <associatedParty>
<organizationName>Atlas of Living Australia</organizationName>            <address>
<deliveryPoint>CSIRO Ecosystems Services</deliveryPoint><city>Canberra</city><administrativeArea>ACT</administrativeArea><postalCode>2601</postalCode><country>AUSTRALIA</country>            </address>
<electronicMailAddress>info@ala.org.au</electronicMailAddress>            <role>DISTRIBUTOR</role>
            </associatedParty>
            <pubDate>
                2022-03-15
            </pubDate>
        <language>ENGLISH</language>
            <abstract>
                    <para>Australasian Virtual Herbarium (AVH) data from the N.C.W. Beadle Herbarium (NE), University of New England</para>
            </abstract>
            <intellectualRights>
                    <para>This work is licensed under a <ulink url="http://creativecommons.org/licenses/by/4.0/legalcode"><citetitle>Creative Commons Attribution (CC-BY) 4.0 License</citetitle></ulink>.</para>
            </intellectualRights>
            <distribution scope="document">
                <online>
                    <url function="information">https://ipt.rbg.vic.gov.au/ipt/resource?r=ne_avh</url>
                </online>
            </distribution>
            <contact>
            <individualName>
<givenName>Jeremy J.</givenName>                    <surName>Bruhl</surName>
            </individualName>
<positionName>editor</positionName><phone>(02) 6773 2875</phone><electronicMailAddress>jbruhl@metz.une.edu.au</electronicMailAddress>            </contact>
            <methods>
            </methods>

    </dataset>

    <additionalMetadata>
        <metadata>
            <gbif>
                <dateStamp>2023-07-06T00:45:22Z</dateStamp>
                <citation>University of New England (2022). N.C.W. Beadle Herbarium (NE) AVH data. Occurrence dataset https://doi.org/10.15468/7t5ghf accessed via GBIF.org on 2023-07-06.</citation>
                    <resourceLogoUrl>https://collections.ala.org.au/data/dataProvider/avh_logo_green_transparent.png</resourceLogoUrl>
            </gbif>
        </metadata>
    </additionalMetadata>

</eml:eml>
