<?xml version="1.0" encoding="utf-8"?>
<eml:eml xmlns:eml="eml://ecoinformatics.org/eml-2.1.1" xmlns:xsi="http://www.w3.org/2001/XMLSchema-instance"
         xsi:schemaLocation="eml://ecoinformatics.org/eml-2.1.1 http://rs.gbif.org/schema/eml-gbif-profile/1.2/eml.xsd"
packageId="8de067be-9e1e-4823-984e-44d329c2cadd"  system="http://gbif.org" scope="system"
xml:lang="en">

    <dataset>
            <alternateIdentifier>10.15468/6qs9p2</alternateIdentifier>
                <alternateIdentifier>https://kbif.naris.go.kr/ipt/resource?r=2020_biodiversity_new_contents</alternateIdentifier>
                <alternateIdentifier>8de067be-9e1e-4823-984e-44d329c2cadd</alternateIdentifier>
                <alternateIdentifier>https://www.kbif.go.kr/ipt/resource?r=2020_biodiversity_new_contents</alternateIdentifier>
        <title>2020_biodiversity_new_contents</title>
            <creator>
<organizationName>National Science Museum of Korea</organizationName>            <address>
<country>KOREA_SOUTH</country>            </address>
            </creator>
            <metadataProvider>
            <individualName>
                    <surName>info</surName>
            </individualName>
<organizationName>National Science Museum of Korea</organizationName>            <address>
<deliveryPoint>481 Daedeokdaero, Yuseon-gu</deliveryPoint><city>Daejeon</city><postalCode>34143</postalCode><country>KOREA_SOUTH</country>            </address>
<phone>+82-42-601-7724</phone><electronicMailAddress>info@nsmk.kr</electronicMailAddress><onlineUrl>http://www.naris.go.kr</onlineUrl>            </metadataProvider>
            <associatedParty>
            <individualName>
<givenName>JunHee</givenName>                    <surName>Kim</surName>
            </individualName>
<electronicMailAddress>kjh891209@gmail.com</electronicMailAddress>            <role>USER</role>
            </associatedParty>
            <pubDate>
                2022-11-01
            </pubDate>
        <language>ENGLISH</language>
            <abstract>
                    <para>This data was collected for the purpose of acquiring new content data in Korea&amp;#39;s biodiversity business in 2020.</para>
            </abstract>
                <keywordSet>
                        <keyword>Occurrence</keyword>
                        <keywordThesaurus>GBIF Dataset Type Vocabulary: http://rs.gbif.org/vocabulary/gbif/dataset_type.xml</keywordThesaurus>
                </keywordSet>
                <keywordSet>
                        <keyword>Observation</keyword>
                        <keywordThesaurus>GBIF Dataset Subtype Vocabulary: http://rs.gbif.org/vocabulary/gbif/dataset_subtype.xml</keywordThesaurus>
                </keywordSet>
            <intellectualRights>
                    <para>To the extent possible under law, the publisher has waived all rights to these data and has dedicated them to the <ulink url="http://creativecommons.org/publicdomain/zero/1.0/legalcode"><citetitle>Public Domain (CC0 1.0)</citetitle></ulink>. Users may copy, modify, distribute and use the work, including for commercial purposes, without restriction.</para>
            </intellectualRights>
            <maintenance>
                <description>
                    <para></para>
                </description>
                <maintenanceUpdateFrequency>unkown</maintenanceUpdateFrequency>
            </maintenance>
            <contact>
            <individualName>
                    <surName>info</surName>
            </individualName>
<organizationName>National Science Museum of Korea</organizationName>            <address>
<deliveryPoint>481 Daedeokdaero, Yuseon-gu</deliveryPoint><city>Daejeon</city><postalCode>34143</postalCode><country>KOREA_SOUTH</country>            </address>
<phone>+82-42-601-7724</phone><electronicMailAddress>info@nsmk.kr</electronicMailAddress><onlineUrl>http://www.naris.go.kr</onlineUrl>            </contact>

    </dataset>

    <additionalMetadata>
        <metadata>
            <gbif>
                <dateStamp>2023-07-06T00:45:23Z</dateStamp>
                <citation>National Science Museum of Korea (2022). 2020_biodiversity_new_contents. Version 1.4. Occurrence dataset https://doi.org/10.15468/6qs9p2 accessed via GBIF.org on 2023-07-06.</citation>
            </gbif>
        </metadata>
    </additionalMetadata>

</eml:eml>
