<?xml version="1.0" encoding="utf-8"?>
<eml:eml xmlns:eml="eml://ecoinformatics.org/eml-2.1.1" xmlns:xsi="http://www.w3.org/2001/XMLSchema-instance"
         xsi:schemaLocation="eml://ecoinformatics.org/eml-2.1.1 http://rs.gbif.org/schema/eml-gbif-profile/1.2/eml.xsd"
packageId="079228aa-7e74-4ff1-9ee1-e74c3f27ef9e"  system="http://gbif.org" scope="system"
xml:lang="en">

    <dataset>
            <alternateIdentifier>10.15468/32axt9</alternateIdentifier>
                <alternateIdentifier>https://intermountainbiota.org/portal/collections/misc/collprofiles.php?collid=342</alternateIdentifier>
        <title>Ely BLM Herbarium</title>
            <creator>
<organizationName>Consortium of Intermountain Herbaria</organizationName><electronicMailAddress>seinetAdmin@asu.edu</electronicMailAddress><onlineUrl>https://intermountainbiota.org/portal/index.php</onlineUrl>            </creator>
            <metadataProvider>
<organizationName>Consortium of Intermountain Herbaria</organizationName><electronicMailAddress>seinetAdmin@asu.edu</electronicMailAddress><onlineUrl>https://intermountainbiota.org/portal/index.php</onlineUrl>            </metadataProvider>
            <associatedParty>
            <individualName>
                    <surName>Maria Ryan</surName>
            </individualName>
<electronicMailAddress>mmryan@blm.gov</electronicMailAddress>            <role>CONTENT_PROVIDER</role>
            </associatedParty>
            <associatedParty>
            <individualName>
<givenName>Neil</givenName>                    <surName>Frakes</surName>
            </individualName>
<positionName>Collections manager</positionName><electronicMailAddress>nfrakes@blm.gov</electronicMailAddress>            <role>CONTENT_PROVIDER</role>
            </associatedParty>
            <pubDate>
                2023-06-01
            </pubDate>
        <language>ENGLISH</language>
            <abstract>
                    <para>The Ely District BLM manages approximately 1500 herbarium specimens collected from throughout eastern and northern Nevada. The collection includes valuable historic specimens collected by Arthur Holmgren during his years at the U. S. Grazing Service from 1938-1941.</para>
            </abstract>
            <intellectualRights>
                    <para>To the extent possible under law, the publisher has waived all rights to these data and has dedicated them to the <ulink url="http://creativecommons.org/publicdomain/zero/1.0/legalcode"><citetitle>Public Domain (CC0 1.0)</citetitle></ulink>. Users may copy, modify, distribute and use the work, including for commercial purposes, without restriction.</para>
            </intellectualRights>
            <contact>
<organizationName>Ely BLM Herbarium</organizationName><phone>775-289-1888</phone><electronicMailAddress>mmryan@blm.gov</electronicMailAddress>            </contact>

    </dataset>

    <additionalMetadata>
        <metadata>
            <gbif>
                <dateStamp>2023-07-05T19:31:26Z</dateStamp>
                <citation>Bureau of Land Management, Ely District Herbarium (2023). Ely BLM Herbarium. Occurrence dataset https://doi.org/10.15468/32axt9 accessed via GBIF.org on 2023-07-05.</citation>
            </gbif>
        </metadata>
    </additionalMetadata>

</eml:eml>
