<?xml version="1.0" encoding="utf-8"?>
<eml:eml xmlns:eml="eml://ecoinformatics.org/eml-2.1.1" xmlns:xsi="http://www.w3.org/2001/XMLSchema-instance"
         xsi:schemaLocation="eml://ecoinformatics.org/eml-2.1.1 http://rs.gbif.org/schema/eml-gbif-profile/1.2/eml.xsd"
packageId="19c3400b-b7bb-425f-b8c5-f222648b86b2"  system="http://gbif.org" scope="system"
xml:lang="en">

    <dataset>
            <alternateIdentifier>10.15468/4uvvfx</alternateIdentifier>
                <alternateIdentifier>19c3400b-b7bb-425f-b8c5-f222648b86b2</alternateIdentifier>
                <alternateIdentifier>https://ipt.taibif.tw/resource?r=taie</alternateIdentifier>
        <title>Dataset from Herbarium of Endemic Species Research Institute, Taiwan (TAIE)</title>
            <creator>
            <individualName>
<givenName>Ho-Ming</givenName>                    <surName>Chang</surName>
            </individualName>
<organizationName>Division of Botany, Endemic Species Research Institute, Taiwan</organizationName><positionName>Research Assistant</positionName>            <address>
<country>TAIWAN</country>            </address>
<electronicMailAddress>monachosorum@tesri.gov.tw</electronicMailAddress>            </creator>
            <creator>
            <individualName>
<givenName>Hui-Ling</givenName>                    <surName>Chang</surName>
            </individualName>
<organizationName>Division of Management, Endemic Species Research Institute, Taiwan</organizationName><positionName>Assistant Researcher</positionName>            <address>
<country>TAIWAN</country>            </address>
<electronicMailAddress>c69345@gmail.com</electronicMailAddress>            </creator>
            <creator>
            <individualName>
<givenName>You-Cheng</givenName>                    <surName>Yu</surName>
            </individualName>
<organizationName>Division of Management, Endemic Species Research Institute, Taiwan</organizationName><positionName>Assistant</positionName>            <address>
<country>TAIWAN</country>            </address>
<electronicMailAddress>vincent199321@gmail.com</electronicMailAddress>            </creator>
            <creator>
            <individualName>
<givenName>Hung-Yi</givenName>                    <surName>Li</surName>
            </individualName>
<organizationName>Division of Botany, Endemic Species Research Institute, Taiwan</organizationName><positionName>Assistant</positionName>            <address>
<country>TAIWAN</country>            </address>
<electronicMailAddress>hungyi@tesri.gov.tw</electronicMailAddress>            </creator>
            <metadataProvider>
            <individualName>
<givenName>Ho-Ming</givenName>                    <surName>Chang</surName>
            </individualName>
<organizationName>Division of Botany, Endemic Species Research Institute, Taiwan</organizationName><positionName>Research Assistant</positionName>            <address>
<country>TAIWAN</country>            </address>
<electronicMailAddress>monachosorum@tesri.gov.tw</electronicMailAddress>            </metadataProvider>
            <metadataProvider>
            <individualName>
<givenName>Hui-Ling</givenName>                    <surName>Chang</surName>
            </individualName>
<organizationName>Division of Management, Endemic Species Research Institute, Taiwan</organizationName><positionName>Assistant Researcher</positionName>            <address>
<country>TAIWAN</country>            </address>
<electronicMailAddress>c69345@gmail.com</electronicMailAddress>            </metadataProvider>
            <metadataProvider>
            <individualName>
<givenName>You-Cheng</givenName>                    <surName>Yu</surName>
            </individualName>
<organizationName>Division of Management, Endemic Species Research Institute, Taiwan</organizationName><positionName>Assistant</positionName>            <address>
<country>TAIWAN</country>            </address>
<electronicMailAddress>vincent199321@gmail.com</electronicMailAddress>            </metadataProvider>
            <metadataProvider>
            <individualName>
<givenName>Hung-Yi</givenName>                    <surName>Li</surName>
            </individualName>
<organizationName>Division of Botany, Endemic Species Research Institute, Taiwan</organizationName><positionName>Assistant</positionName>            <address>
<country>TAIWAN</country>            </address>
<electronicMailAddress>hungyi@tesri.gov.tw</electronicMailAddress>            </metadataProvider>
            <pubDate>
                2022-07-28
            </pubDate>
        <language>ENGLISH</language>
            <abstract>
                    <para>Herbarium of Endemic Species Research Institute, Taiwan (TAIE) was
established in 1993 and plant specimens were collected regularly from that
time. Vascular plants from Taiwan are our major collection. Over 40,000 of
species occurrence records are accessible in this dataset. These
biodiversity data and information are helpful for researchers in the
conservation of threatened species and advancing scientific research.</para>
            </abstract>
                <keywordSet>
                        <keyword>Occurrence</keyword>
                        <keywordThesaurus>GBIF Dataset Type Vocabulary: http://rs.gbif.org/vocabulary/gbif/dataset_type_2015-07-10.xml</keywordThesaurus>
                </keywordSet>
                <keywordSet>
                        <keyword>Specimen</keyword>
                        <keywordThesaurus>GBIF Dataset Subtype Vocabulary: http://rs.gbif.org/vocabulary/gbif/dataset_subtype.xml</keywordThesaurus>
                </keywordSet>
            <intellectualRights>
                    <para>This work is licensed under a <ulink url="http://creativecommons.org/licenses/by/4.0/legalcode"><citetitle>Creative Commons Attribution (CC-BY) 4.0 License</citetitle></ulink>.</para>
            </intellectualRights>
            <distribution scope="document">
                <online>
                    <url function="information">https://taie.tbn.org.tw/</url>
                </online>
            </distribution>
            <coverage>
                    <geographicCoverage>
                            <geographicDescription>Taiwan and relevant geographic areas</geographicDescription>
                            <boundingCoordinates>
                                <westBoundingCoordinate>-180</westBoundingCoordinate>
                                <eastBoundingCoordinate>180</eastBoundingCoordinate>
                                <northBoundingCoordinate>90</northBoundingCoordinate>
                                <southBoundingCoordinate>-90</southBoundingCoordinate>
                            </boundingCoordinates>
                    </geographicCoverage>
            </coverage>
            <maintenance>
                <description>
                    <para></para>
                </description>
                <maintenanceUpdateFrequency>unkown</maintenanceUpdateFrequency>
            </maintenance>
            <contact>
            <individualName>
<givenName>Hung-Yi</givenName>                    <surName>Li</surName>
            </individualName>
<organizationName>Division of Botany, Endemic Species Research Institute, Taiwan</organizationName><positionName>Assistant</positionName>            <address>
<country>TAIWAN</country>            </address>
            </contact>
            <contact>
            <individualName>
<givenName>Ho-Ming</givenName>                    <surName>Chang</surName>
            </individualName>
<organizationName>Division of Botany, Endemic Species Research Institute, Taiwan</organizationName><positionName>Research Assistant</positionName>            <address>
<country>TAIWAN</country>            </address>
<electronicMailAddress>monachosorum@tesri.gov.tw</electronicMailAddress>            </contact>
            <contact>
            <individualName>
<givenName>Hui-Ling</givenName>                    <surName>Chang</surName>
            </individualName>
<organizationName>Division of Management, Endemic Species Research Institute, Taiwan</organizationName><positionName>Assistant Researcher</positionName>            <address>
<country>TAIWAN</country>            </address>
<electronicMailAddress>c69345@gmail.com</electronicMailAddress>            </contact>
            <contact>
            <individualName>
<givenName>You-Cheng</givenName>                    <surName>Yu</surName>
            </individualName>
<organizationName>Division of Management, Endemic Species Research Institute, Taiwan</organizationName><positionName>Assistant</positionName>            <address>
<country>TAIWAN</country>            </address>
<electronicMailAddress>vincent199321@gmail.com</electronicMailAddress>            </contact>
            <contact>
            <individualName>
<givenName>Hung-Yi</givenName>                    <surName>Li</surName>
            </individualName>
<organizationName>Division of Botany, Endemic Species Research Institute, Taiwan</organizationName><positionName>Assistant</positionName>            <address>
<country>TAIWAN</country>            </address>
<electronicMailAddress>hungyi@tesri.gov.tw</electronicMailAddress>            </contact>

    </dataset>

    <additionalMetadata>
        <metadata>
            <gbif>
                <dateStamp>2023-07-05T19:30:32Z</dateStamp>
                <citation>Chang H, Chang H, Yu Y, Li H (2022). Dataset from Herbarium of Endemic Species Research Institute, Taiwan (TAIE). Version 1.7. Taiwan Endemic Species Research Institute. Occurrence dataset https://doi.org/10.15468/4uvvfx accessed via GBIF.org on 2023-07-05.</citation>
            </gbif>
        </metadata>
    </additionalMetadata>

</eml:eml>
