<?xml version="1.0" encoding="utf-8"?>
<eml:eml xmlns:eml="eml://ecoinformatics.org/eml-2.1.1" xmlns:xsi="http://www.w3.org/2001/XMLSchema-instance"
         xsi:schemaLocation="eml://ecoinformatics.org/eml-2.1.1 http://rs.gbif.org/schema/eml-gbif-profile/1.2/eml.xsd"
packageId="271c444f-f8d8-4986-b748-e7367755c0c1"  system="http://gbif.org" scope="system"
xml:lang="en">

    <dataset>
            <alternateIdentifier>10.3897/phytokeys.12.2849</alternateIdentifier>
                <alternateIdentifier>https://ipt.inbo.be/resource?r=florabank1-occurrences</alternateIdentifier>
                <alternateIdentifier>http://data.inbo.be/ipt/resource?r=florabank1-occurrences</alternateIdentifier>
                <alternateIdentifier>271c444f-f8d8-4986-b748-e7367755c0c1</alternateIdentifier>
                <alternateIdentifier>http://dataset.inbo.be/florabank1-occurrences</alternateIdentifier>
                <alternateIdentifier>14149</alternateIdentifier>
        <title>Florabank1 - A grid-based database on vascular plant distribution in the northern part of Belgium (Flanders and the Brussels Capital region)</title>
            <creator>
            <individualName>
<givenName>Wouter</givenName>                    <surName>Van Landuyt</surName>
            </individualName>
<organizationName>Research Institute for Nature and Forest (INBO)</organizationName><positionName>Researcher</positionName>            <address>
<deliveryPoint>Kliniekstraat 25</deliveryPoint><city>Brussels</city><administrativeArea>Brussels Capital Region</administrativeArea><postalCode>1070</postalCode><country>BELGIUM</country>            </address>
<electronicMailAddress>wouter.vanlanduyt@inbo.be</electronicMailAddress>            </creator>
            <metadataProvider>
            <individualName>
<givenName>Dimitri</givenName>                    <surName>Brosens</surName>
            </individualName>
<organizationName>Research Institute for Nature and Forest (INBO)</organizationName><positionName>Data liaison officer</positionName>            <address>
<deliveryPoint>Kliniekstraat 25</deliveryPoint><city>Brussels</city><administrativeArea>Brussels Capital Region</administrativeArea><postalCode>1070</postalCode><country>BELGIUM</country>            </address>
<electronicMailAddress>dimitri.brosens@inbo.be</electronicMailAddress><onlineUrl>http://www.biodiversity.be</onlineUrl>            </metadataProvider>
            <associatedParty>
            <individualName>
<givenName>Wouter</givenName>                    <surName>Van Landuyt</surName>
            </individualName>
<organizationName>Research Institute for Nature and Forest (INBO)</organizationName><positionName>Researcher</positionName>            <address>
<deliveryPoint>Kliniekstraat 25</deliveryPoint><city>Brussels</city><administrativeArea>Brussels Capital Region</administrativeArea><postalCode>1070</postalCode><country>BELGIUM</country>            </address>
<electronicMailAddress>wouter.vanlanduyt@inbo.be</electronicMailAddress>            <role>POINT_OF_CONTACT</role>
            </associatedParty>
            <associatedParty>
            <individualName>
<givenName>Wouter</givenName>                    <surName>Van Landuyt</surName>
            </individualName>
<organizationName>Research Institute for Nature and Forest (INBO)</organizationName><positionName>Researcher</positionName>            <address>
<deliveryPoint>Kliniekstraat 25</deliveryPoint><city>Brussels</city><administrativeArea>Brussels Capital Region</administrativeArea><postalCode>1070</postalCode><country>BELGIUM</country>            </address>
<phone>0032 (0) 2 525 02 96</phone><electronicMailAddress>wouter.vanlanduyt@inbo.be</electronicMailAddress>            <role>OWNER</role>
            </associatedParty>
            <associatedParty>
            <individualName>
<givenName>Leo</givenName>                    <surName>Vanhecke</surName>
            </individualName>
<organizationName>National Botanic Garden Belgium (NBGB)</organizationName><positionName>Researcher</positionName>            <address>
<deliveryPoint>Bouchout Domain, Nieuwelaan 38</deliveryPoint><city>Meise</city><administrativeArea>Flemish Brabant</administrativeArea><postalCode>1860</postalCode><country>BELGIUM</country>            </address>
<electronicMailAddress>leo.vanhecke@br.fgov.be</electronicMailAddress>            <role>AUTHOR</role>
            </associatedParty>
            <associatedParty>
<organizationName>Brussels Environment (BIM/IBGE)</organizationName>            <address>
<deliveryPoint>Gulledelle 100</deliveryPoint><city>Brussels</city><administrativeArea>Brussels Capital Region</administrativeArea><postalCode>1200</postalCode><country>BELGIUM</country>            </address>
<onlineUrl>http://www.ibgebim.be</onlineUrl>            <role>OWNER</role>
            </associatedParty>
            <associatedParty>
            <individualName>
<givenName>Dimitri</givenName>                    <surName>Brosens</surName>
            </individualName>
<organizationName>Research Institute for Nature and Forest (INBO)</organizationName><positionName>Data liaison officer</positionName>            <address>
<deliveryPoint>Kliniekstraat 25</deliveryPoint><city>Brussels</city><administrativeArea>Brussels Capital Region</administrativeArea><postalCode>1070</postalCode><country>BELGIUM</country>            </address>
<electronicMailAddress>dimitri.brosens@inbo.be</electronicMailAddress><onlineUrl>http://www.biodiversity.be</onlineUrl>            <role>PROCESSOR</role>
            </associatedParty>
            <pubDate>
                2023-01-01
            </pubDate>
        <language>ENGLISH</language>
            <abstract>
                    <para>Florabank1 is a database that contains distributional data on the wild flora (indigenous species, archeophytes and naturalised aliens) of Flanders and the Brussels Capital Region. It holds about 3 million records of vascular plants, dating from 1800 till present. Furthermore, it includes ecological data on vascular plant species, redlist category information, Ellenberg values, legal status, global distribution, seed bank etc. The database is an initiative of &amp;#34;Flo.Wer&amp;#34; (http://www.plantenwerkgroep.be), the Research Institute for Nature and Forest (INBO) (http://www.inbo.be) and the National Botanic Garden of Belgium (http://www.br.fgov.be). Florabank aims at centralizing botanical distribution data gathered by both professional and amateur botanists and to make these data available to the benefit of nature conservation, policy and scientific research. The occurrence data contained in Florabank1 are extracted from checklists, literature and herbarium specimen information. Of survey lists, the locality name (verbatimLocality), species name, observation date and IFBL square code - the grid system used for plant mapping in Belgium (Van Rompaey 1943) - are recorded. For records dating from the period 1972–2004 all pertinent botanical journals dealing with Belgian flora were systematically screened. Analysis of herbarium specimens in the collection of the National Botanic Garden of Belgium, the University of Ghent and the University of Liège provided interesting distribution knowledge concerning rare species, this information is also included in Florabank1.</para>
                    <para>The IFBL data recorded before 1972 is available through the Belgian GBIF node (http://www.gbif.org/dataset/940821c0-3269-11df-855a-b8a03c50a862), not through Florabank1, to avoid duplication of information. A dedicated portal providing access to all currently published Belgian IFBL records is available at: http://projects.biodiversity.be/ifbl.</para>
                    <para>All data in Florabank1 is georeferenced. Every record holds the decimal centroid coordinates of the &amp;gt; IFBL square containing the observation. The uncertainty radius is the smallest circle possible covering the whole IFBL square, which can measure 1 km² or 4 km². Florabank is a work in progress and new occurrences are added as they become available; the dataset will be updated through GBIF on a regularly base.</para>
            </abstract>
                <keywordSet>
                        <keyword>Occurrence</keyword>
                        <keywordThesaurus>GBIF Dataset Type Vocabulary: http://rs.gbif.org/vocabulary/gbif/dataset_type.xml</keywordThesaurus>
                </keywordSet>
                <keywordSet>
                        <keyword>Observation</keyword>
                        <keywordThesaurus>GBIF Dataset Subtype Vocabulary: http://rs.gbif.org/vocabulary/gbif/dataset_subtype.xml</keywordThesaurus>
                </keywordSet>
                <keywordSet>
                        <keyword>naturalised aliens</keyword>
                        <keyword>indigenous species</keyword>
                        <keyword>archeophytes</keyword>
                        <keyword>flora</keyword>
                        <keyword>grid mapping</keyword>
                        <keyword>Tracheophyta</keyword>
                        <keywordThesaurus>n/a</keywordThesaurus>
                </keywordSet>
                <keywordSet>
                        <keyword>Occurrence</keyword>
                        <keywordThesaurus>GBIF Dataset Type Vocabulary: http://rs.gbif.org/vocabulary/gbif/dataset_type_2015-07-10.xml</keywordThesaurus>
                </keywordSet>
            <additionalInfo>
                <para>To allow anyone to use this dataset, we have released the data to the public domain under a Creative Commons Zero waiver (http://creativecommons.org/publicdomain/zero/1.0/). We would appreciate however, if you read and follow these norms for data use (http://www.inbo.be/en/norms-for-data-use) and provide a link to the original dataset whenever possible. If you use these data for a scientific paper, please cite the dataset following the applicable citation norms and/or consider us for co-authorship.
We are always interested to know how you have used or visualized the data, or to provide more information, so please contact us via the contact information provided in the metadata, opendata@inbo.be or https://twitter.com/LifeWatchINBO.

Data pertaining to Brussels with occurrences from 2003-2005 is owned by BIM-IBGE.
See: http://www.floraofbrussels.be/floraofbrussels/ for more information.</para>
            </additionalInfo>
            <intellectualRights>
                    <para>To the extent possible under law, the publisher has waived all rights to these data and has dedicated them to the <ulink url="http://creativecommons.org/publicdomain/zero/1.0/legalcode"><citetitle>Public Domain (CC0 1.0)</citetitle></ulink>. Users may copy, modify, distribute and use the work, including for commercial purposes, without restriction.</para>
            </intellectualRights>
            <distribution scope="document">
                <online>
                    <url function="information">http://flora.inbo.be</url>
                </online>
            </distribution>
            <coverage>
                    <geographicCoverage>
                            <geographicDescription>Florabank deals with distribution data of the wild flora of Flanders and the Brussels Capital Region (Federal states of the Kingdom of Belgium). Florabank covers an area of 13.682 km². Flanders has a temperate maritime climate influenced by the North Sea and the Atlantic Ocean, with relatively moderate summers and mild winters. Flanders is the northern part of Belgium. The two main geographical regions of Flanders are the Yser basin, in the North-West and the central plain. Flanders is divided in 6 ecoregions (Dunes district; Kempens district; Loam district; River Maas; Polder district, Sand and Loam district). The Brussels Capital region is a small region (162 km²) surrounded Flanders and is entirely situated in the Loam district. The majority of this region is highly urbanized and only the southern part is occupied by a large beech forest.</geographicDescription>
                            <boundingCoordinates>
                                <westBoundingCoordinate>2.54</westBoundingCoordinate>
                                <eastBoundingCoordinate>5.92</eastBoundingCoordinate>
                                <northBoundingCoordinate>51.51</northBoundingCoordinate>
                                <southBoundingCoordinate>50.68</southBoundingCoordinate>
                            </boundingCoordinates>
                    </geographicCoverage>
                        <taxonomicCoverage>
                                <generalTaxonomicCoverage>The coverage of this database spans the Phylum Tracheophyta or vascular plants. The highest number of records are from the Magnoliopsida (76.48%) followed by Monocotyledones (20.92%), Filicopsida (1.44%), Sphenopsida (0.97%) Coniferopsida (0.13%) and Lycopsida (0.03%). Ginkgopsids are within the scope of Florabank, but do not occur within the geographical scope of the database.</generalTaxonomicCoverage>
                                <taxonomicClassification>
                                        <taxonRankName>Phylum</taxonRankName>
                                    <taxonRankValue>Tracheophytes</taxonRankValue>
                                        <commonName>vascular plants</commonName>
                                </taxonomicClassification>
                                <taxonomicClassification>
                                        <taxonRankName>Class</taxonRankName>
                                    <taxonRankValue>Coniferopsida</taxonRankValue>
                                </taxonomicClassification>
                                <taxonomicClassification>
                                        <taxonRankName>Class</taxonRankName>
                                    <taxonRankValue>Filicopsida</taxonRankValue>
                                </taxonomicClassification>
                                <taxonomicClassification>
                                        <taxonRankName>Class</taxonRankName>
                                    <taxonRankValue>Ginkgopsida</taxonRankValue>
                                </taxonomicClassification>
                                <taxonomicClassification>
                                        <taxonRankName>Class</taxonRankName>
                                    <taxonRankValue>Liliopsida</taxonRankValue>
                                </taxonomicClassification>
                                <taxonomicClassification>
                                        <taxonRankName>Class</taxonRankName>
                                    <taxonRankValue>Lycopsida</taxonRankValue>
                                </taxonomicClassification>
                                <taxonomicClassification>
                                        <taxonRankName>Class</taxonRankName>
                                    <taxonRankValue>Magnoliopsida</taxonRankValue>
                                </taxonomicClassification>
                                <taxonomicClassification>
                                        <taxonRankName>Class</taxonRankName>
                                    <taxonRankValue>Sphenopsida</taxonRankValue>
                                </taxonomicClassification>
                                <taxonomicClassification>
                                        <taxonRankName>Order</taxonRankName>
                                    <taxonRankValue>Sapindales</taxonRankValue>
                                </taxonomicClassification>
                                <taxonomicClassification>
                                        <taxonRankName>Order</taxonRankName>
                                    <taxonRankValue>Sarraceniales</taxonRankValue>
                                </taxonomicClassification>
                                <taxonomicClassification>
                                        <taxonRankName>Order</taxonRankName>
                                    <taxonRankValue>Saxifragales</taxonRankValue>
                                </taxonomicClassification>
                                <taxonomicClassification>
                                        <taxonRankName>Order</taxonRankName>
                                    <taxonRankValue>Scrophulariales</taxonRankValue>
                                </taxonomicClassification>
                                <taxonomicClassification>
                                        <taxonRankName>Order</taxonRankName>
                                    <taxonRankValue>Theales</taxonRankValue>
                                </taxonomicClassification>
                                <taxonomicClassification>
                                        <taxonRankName>Order</taxonRankName>
                                    <taxonRankValue>Thymelaeales</taxonRankValue>
                                </taxonomicClassification>
                                <taxonomicClassification>
                                        <taxonRankName>Order</taxonRankName>
                                    <taxonRankValue>Urticales</taxonRankValue>
                                </taxonomicClassification>
                                <taxonomicClassification>
                                        <taxonRankName>Order</taxonRankName>
                                    <taxonRankValue>Violales</taxonRankValue>
                                </taxonomicClassification>
                                <taxonomicClassification>
                                        <taxonRankName>Order</taxonRankName>
                                    <taxonRankValue>Gymnospermae</taxonRankValue>
                                </taxonomicClassification>
                                <taxonomicClassification>
                                        <taxonRankName>Order</taxonRankName>
                                    <taxonRankValue>Equisetales</taxonRankValue>
                                </taxonomicClassification>
                                <taxonomicClassification>
                                        <taxonRankName>Order</taxonRankName>
                                    <taxonRankValue>Pinales</taxonRankValue>
                                </taxonomicClassification>
                                <taxonomicClassification>
                                        <taxonRankName>Order</taxonRankName>
                                    <taxonRankValue>Taxales</taxonRankValue>
                                </taxonomicClassification>
                                <taxonomicClassification>
                                        <taxonRankName>Order</taxonRankName>
                                    <taxonRankValue>Filicales</taxonRankValue>
                                </taxonomicClassification>
                                <taxonomicClassification>
                                        <taxonRankName>Order</taxonRankName>
                                    <taxonRankValue>Marsileales</taxonRankValue>
                                </taxonomicClassification>
                                <taxonomicClassification>
                                        <taxonRankName>Order</taxonRankName>
                                    <taxonRankValue>Ophioglossales</taxonRankValue>
                                </taxonomicClassification>
                                <taxonomicClassification>
                                        <taxonRankName>Order</taxonRankName>
                                    <taxonRankValue>Osmundales</taxonRankValue>
                                </taxonomicClassification>
                                <taxonomicClassification>
                                        <taxonRankName>Order</taxonRankName>
                                    <taxonRankValue>Salviniales</taxonRankValue>
                                </taxonomicClassification>
                                <taxonomicClassification>
                                        <taxonRankName>Order</taxonRankName>
                                    <taxonRankValue>Ginkgoales</taxonRankValue>
                                </taxonomicClassification>
                                <taxonomicClassification>
                                        <taxonRankName>Order</taxonRankName>
                                    <taxonRankValue>Alismatales</taxonRankValue>
                                </taxonomicClassification>
                                <taxonomicClassification>
                                        <taxonRankName>Order</taxonRankName>
                                    <taxonRankValue>Arales</taxonRankValue>
                                </taxonomicClassification>
                                <taxonomicClassification>
                                        <taxonRankName>Order</taxonRankName>
                                    <taxonRankValue>Commelinales</taxonRankValue>
                                </taxonomicClassification>
                                <taxonomicClassification>
                                        <taxonRankName>Order</taxonRankName>
                                    <taxonRankValue>Cyperales</taxonRankValue>
                                </taxonomicClassification>
                                <taxonomicClassification>
                                        <taxonRankName>Order</taxonRankName>
                                    <taxonRankValue>Hydrocharitales</taxonRankValue>
                                </taxonomicClassification>
                                <taxonomicClassification>
                                        <taxonRankName>Order</taxonRankName>
                                    <taxonRankValue>Juncales</taxonRankValue>
                                </taxonomicClassification>
                                <taxonomicClassification>
                                        <taxonRankName>Order</taxonRankName>
                                    <taxonRankValue>Liliales</taxonRankValue>
                                </taxonomicClassification>
                                <taxonomicClassification>
                                        <taxonRankName>Order</taxonRankName>
                                    <taxonRankValue>Najadales</taxonRankValue>
                                </taxonomicClassification>
                                <taxonomicClassification>
                                        <taxonRankName>Order</taxonRankName>
                                    <taxonRankValue>Orchidales</taxonRankValue>
                                </taxonomicClassification>
                                <taxonomicClassification>
                                        <taxonRankName>Order</taxonRankName>
                                    <taxonRankValue>Poales</taxonRankValue>
                                </taxonomicClassification>
                                <taxonomicClassification>
                                        <taxonRankName>Order</taxonRankName>
                                    <taxonRankValue>Pontederiales</taxonRankValue>
                                </taxonomicClassification>
                                <taxonomicClassification>
                                        <taxonRankName>Order</taxonRankName>
                                    <taxonRankValue>Typhales</taxonRankValue>
                                </taxonomicClassification>
                                <taxonomicClassification>
                                        <taxonRankName>Order</taxonRankName>
                                    <taxonRankValue>Typhales</taxonRankValue>
                                </taxonomicClassification>
                                <taxonomicClassification>
                                        <taxonRankName>Order</taxonRankName>
                                    <taxonRankValue>Zingiberales</taxonRankValue>
                                </taxonomicClassification>
                                <taxonomicClassification>
                                        <taxonRankName>Order</taxonRankName>
                                    <taxonRankValue>Isoetales</taxonRankValue>
                                </taxonomicClassification>
                                <taxonomicClassification>
                                        <taxonRankName>Order</taxonRankName>
                                    <taxonRankValue>Lycopodiales</taxonRankValue>
                                </taxonomicClassification>
                                <taxonomicClassification>
                                        <taxonRankName>Order</taxonRankName>
                                    <taxonRankValue>Selaginellales</taxonRankValue>
                                </taxonomicClassification>
                                <taxonomicClassification>
                                        <taxonRankName>Order</taxonRankName>
                                    <taxonRankValue>Apiales</taxonRankValue>
                                </taxonomicClassification>
                                <taxonomicClassification>
                                        <taxonRankName>Order</taxonRankName>
                                    <taxonRankValue>Aristolochiales</taxonRankValue>
                                </taxonomicClassification>
                                <taxonomicClassification>
                                        <taxonRankName>Order</taxonRankName>
                                    <taxonRankValue>Asterales</taxonRankValue>
                                </taxonomicClassification>
                                <taxonomicClassification>
                                        <taxonRankName>Order</taxonRankName>
                                    <taxonRankValue>Callitrichales</taxonRankValue>
                                </taxonomicClassification>
                                <taxonomicClassification>
                                        <taxonRankName>Order</taxonRankName>
                                    <taxonRankValue>Campanulales</taxonRankValue>
                                </taxonomicClassification>
                                <taxonomicClassification>
                                        <taxonRankName>Order</taxonRankName>
                                    <taxonRankValue>Capparales</taxonRankValue>
                                </taxonomicClassification>
                                <taxonomicClassification>
                                        <taxonRankName>Order</taxonRankName>
                                    <taxonRankValue>Caryophyllales</taxonRankValue>
                                </taxonomicClassification>
                                <taxonomicClassification>
                                        <taxonRankName>Order</taxonRankName>
                                    <taxonRankValue>Celastrales</taxonRankValue>
                                </taxonomicClassification>
                                <taxonomicClassification>
                                        <taxonRankName>Order</taxonRankName>
                                    <taxonRankValue>Cornales</taxonRankValue>
                                </taxonomicClassification>
                                <taxonomicClassification>
                                        <taxonRankName>Order</taxonRankName>
                                    <taxonRankValue>Cucurbitales</taxonRankValue>
                                </taxonomicClassification>
                                <taxonomicClassification>
                                        <taxonRankName>Order</taxonRankName>
                                    <taxonRankValue>Dipsacales</taxonRankValue>
                                </taxonomicClassification>
                                <taxonomicClassification>
                                        <taxonRankName>Order</taxonRankName>
                                    <taxonRankValue>Elaeagnales</taxonRankValue>
                                </taxonomicClassification>
                                <taxonomicClassification>
                                        <taxonRankName>Order</taxonRankName>
                                    <taxonRankValue>Ericales</taxonRankValue>
                                </taxonomicClassification>
                                <taxonomicClassification>
                                        <taxonRankName>Order</taxonRankName>
                                    <taxonRankValue>Euphorbiales</taxonRankValue>
                                </taxonomicClassification>
                                <taxonomicClassification>
                                        <taxonRankName>Order</taxonRankName>
                                    <taxonRankValue>Fabales</taxonRankValue>
                                </taxonomicClassification>
                                <taxonomicClassification>
                                        <taxonRankName>Order</taxonRankName>
                                    <taxonRankValue>Gentianales</taxonRankValue>
                                </taxonomicClassification>
                                <taxonomicClassification>
                                        <taxonRankName>Order</taxonRankName>
                                    <taxonRankValue>Geraniales</taxonRankValue>
                                </taxonomicClassification>
                                <taxonomicClassification>
                                        <taxonRankName>Order</taxonRankName>
                                    <taxonRankValue>Haloragales</taxonRankValue>
                                </taxonomicClassification>
                                <taxonomicClassification>
                                        <taxonRankName>Order</taxonRankName>
                                    <taxonRankValue>Haloragales</taxonRankValue>
                                </taxonomicClassification>
                                <taxonomicClassification>
                                        <taxonRankName>Order</taxonRankName>
                                    <taxonRankValue>Hamamelidales</taxonRankValue>
                                </taxonomicClassification>
                                <taxonomicClassification>
                                        <taxonRankName>Order</taxonRankName>
                                    <taxonRankValue>Juglandales</taxonRankValue>
                                </taxonomicClassification>
                                <taxonomicClassification>
                                        <taxonRankName>Order</taxonRankName>
                                    <taxonRankValue>Lamiales</taxonRankValue>
                                </taxonomicClassification>
                                <taxonomicClassification>
                                        <taxonRankName>Order</taxonRankName>
                                    <taxonRankValue>Linales</taxonRankValue>
                                </taxonomicClassification>
                                <taxonomicClassification>
                                        <taxonRankName>Order</taxonRankName>
                                    <taxonRankValue>Loganiales</taxonRankValue>
                                </taxonomicClassification>
                                <taxonomicClassification>
                                        <taxonRankName>Order</taxonRankName>
                                    <taxonRankValue>Magnoliales</taxonRankValue>
                                </taxonomicClassification>
                                <taxonomicClassification>
                                        <taxonRankName>Order</taxonRankName>
                                    <taxonRankValue>Malvales</taxonRankValue>
                                </taxonomicClassification>
                                <taxonomicClassification>
                                        <taxonRankName>Order</taxonRankName>
                                    <taxonRankValue>Myricales</taxonRankValue>
                                </taxonomicClassification>
                                <taxonomicClassification>
                                        <taxonRankName>Order</taxonRankName>
                                    <taxonRankValue>Myrtales</taxonRankValue>
                                </taxonomicClassification>
                                <taxonomicClassification>
                                        <taxonRankName>Order</taxonRankName>
                                    <taxonRankValue>Nymphaeales</taxonRankValue>
                                </taxonomicClassification>
                                <taxonomicClassification>
                                        <taxonRankName>Order</taxonRankName>
                                    <taxonRankValue>Oleales</taxonRankValue>
                                </taxonomicClassification>
                                <taxonomicClassification>
                                        <taxonRankName>Order</taxonRankName>
                                    <taxonRankValue>Paeoniales</taxonRankValue>
                                </taxonomicClassification>
                                <taxonomicClassification>
                                        <taxonRankName>Order</taxonRankName>
                                    <taxonRankValue>Papaverales</taxonRankValue>
                                </taxonomicClassification>
                                <taxonomicClassification>
                                        <taxonRankName>Order</taxonRankName>
                                    <taxonRankValue>Piperales</taxonRankValue>
                                </taxonomicClassification>
                                <taxonomicClassification>
                                        <taxonRankName>Order</taxonRankName>
                                    <taxonRankValue>Plantaginales</taxonRankValue>
                                </taxonomicClassification>
                                <taxonomicClassification>
                                        <taxonRankName>Order</taxonRankName>
                                    <taxonRankValue>Plumbaginales</taxonRankValue>
                                </taxonomicClassification>
                                <taxonomicClassification>
                                        <taxonRankName>Order</taxonRankName>
                                    <taxonRankValue>Polemoniales</taxonRankValue>
                                </taxonomicClassification>
                                <taxonomicClassification>
                                        <taxonRankName>Order</taxonRankName>
                                    <taxonRankValue>Polygalales</taxonRankValue>
                                </taxonomicClassification>
                                <taxonomicClassification>
                                        <taxonRankName>Order</taxonRankName>
                                    <taxonRankValue>Polygonales</taxonRankValue>
                                </taxonomicClassification>
                                <taxonomicClassification>
                                        <taxonRankName>Order</taxonRankName>
                                    <taxonRankValue>Primulales</taxonRankValue>
                                </taxonomicClassification>
                                <taxonomicClassification>
                                        <taxonRankName>Order</taxonRankName>
                                    <taxonRankValue>Ranunculales</taxonRankValue>
                                </taxonomicClassification>
                                <taxonomicClassification>
                                        <taxonRankName>Order</taxonRankName>
                                    <taxonRankValue>Rhamnales</taxonRankValue>
                                </taxonomicClassification>
                                <taxonomicClassification>
                                        <taxonRankName>Order</taxonRankName>
                                    <taxonRankValue>Rosales</taxonRankValue>
                                </taxonomicClassification>
                                <taxonomicClassification>
                                        <taxonRankName>Order</taxonRankName>
                                    <taxonRankValue>Rubiales</taxonRankValue>
                                </taxonomicClassification>
                                <taxonomicClassification>
                                        <taxonRankName>Order</taxonRankName>
                                    <taxonRankValue>Rutales</taxonRankValue>
                                </taxonomicClassification>
                                <taxonomicClassification>
                                        <taxonRankName>Order</taxonRankName>
                                    <taxonRankValue>Salicales</taxonRankValue>
                                </taxonomicClassification>
                                <taxonomicClassification>
                                        <taxonRankName>Order</taxonRankName>
                                    <taxonRankValue>Santalales</taxonRankValue>
                                </taxonomicClassification>
                                <taxonomicClassification>
                                        <taxonRankName>Family</taxonRankName>
                                    <taxonRankValue>Araucariaceae</taxonRankValue>
                                </taxonomicClassification>
                                <taxonomicClassification>
                                        <taxonRankName>Family</taxonRankName>
                                    <taxonRankValue>Cupressaceae</taxonRankValue>
                                </taxonomicClassification>
                                <taxonomicClassification>
                                        <taxonRankName>Family</taxonRankName>
                                    <taxonRankValue>Pinaceae</taxonRankValue>
                                </taxonomicClassification>
                                <taxonomicClassification>
                                        <taxonRankName>Family</taxonRankName>
                                    <taxonRankValue>Taxodiaceae</taxonRankValue>
                                </taxonomicClassification>
                                <taxonomicClassification>
                                        <taxonRankName>Family</taxonRankName>
                                    <taxonRankValue>Taxaceae</taxonRankValue>
                                </taxonomicClassification>
                                <taxonomicClassification>
                                        <taxonRankName>Family</taxonRankName>
                                    <taxonRankValue>Adiantaceae</taxonRankValue>
                                </taxonomicClassification>
                                <taxonomicClassification>
                                        <taxonRankName>Family</taxonRankName>
                                    <taxonRankValue>Aspleniaceae</taxonRankValue>
                                </taxonomicClassification>
                                <taxonomicClassification>
                                        <taxonRankName>Family</taxonRankName>
                                    <taxonRankValue>Blechnaceae</taxonRankValue>
                                </taxonomicClassification>
                                <taxonomicClassification>
                                        <taxonRankName>Family</taxonRankName>
                                    <taxonRankValue>Dennstaedtiaceae</taxonRankValue>
                                </taxonomicClassification>
                                <taxonomicClassification>
                                        <taxonRankName>Family</taxonRankName>
                                    <taxonRankValue>Dryopteridaceae</taxonRankValue>
                                </taxonomicClassification>
                                <taxonomicClassification>
                                        <taxonRankName>Family</taxonRankName>
                                    <taxonRankValue>Hymenophyllaceae</taxonRankValue>
                                </taxonomicClassification>
                                <taxonomicClassification>
                                        <taxonRankName>Family</taxonRankName>
                                    <taxonRankValue>Polypodiaceae</taxonRankValue>
                                </taxonomicClassification>
                                <taxonomicClassification>
                                        <taxonRankName>Family</taxonRankName>
                                    <taxonRankValue>Thelypteridaceae</taxonRankValue>
                                </taxonomicClassification>
                                <taxonomicClassification>
                                        <taxonRankName>Family</taxonRankName>
                                    <taxonRankValue>Woodsiaceae</taxonRankValue>
                                </taxonomicClassification>
                                <taxonomicClassification>
                                        <taxonRankName>Family</taxonRankName>
                                    <taxonRankValue>Marsileaceae</taxonRankValue>
                                </taxonomicClassification>
                                <taxonomicClassification>
                                        <taxonRankName>Family</taxonRankName>
                                    <taxonRankValue>Ophioglossaceae</taxonRankValue>
                                </taxonomicClassification>
                                <taxonomicClassification>
                                        <taxonRankName>Family</taxonRankName>
                                    <taxonRankValue>Osmundaceae</taxonRankValue>
                                </taxonomicClassification>
                                <taxonomicClassification>
                                        <taxonRankName>Family</taxonRankName>
                                    <taxonRankValue>Azollaceae</taxonRankValue>
                                </taxonomicClassification>
                                <taxonomicClassification>
                                        <taxonRankName>Family</taxonRankName>
                                    <taxonRankValue>Salviniaceae</taxonRankValue>
                                </taxonomicClassification>
                                <taxonomicClassification>
                                        <taxonRankName>Family</taxonRankName>
                                    <taxonRankValue>Ginkgoaceae</taxonRankValue>
                                </taxonomicClassification>
                                <taxonomicClassification>
                                        <taxonRankName>Family</taxonRankName>
                                    <taxonRankValue>Alismataceae</taxonRankValue>
                                </taxonomicClassification>
                                <taxonomicClassification>
                                        <taxonRankName>Family</taxonRankName>
                                    <taxonRankValue>Butomaceae</taxonRankValue>
                                </taxonomicClassification>
                                <taxonomicClassification>
                                        <taxonRankName>Family</taxonRankName>
                                    <taxonRankValue>Araceae</taxonRankValue>
                                </taxonomicClassification>
                                <taxonomicClassification>
                                        <taxonRankName>Family</taxonRankName>
                                    <taxonRankValue>Lemnaceae</taxonRankValue>
                                </taxonomicClassification>
                                <taxonomicClassification>
                                        <taxonRankName>Family</taxonRankName>
                                    <taxonRankValue>Commelinaceae</taxonRankValue>
                                </taxonomicClassification>
                                <taxonomicClassification>
                                        <taxonRankName>Family</taxonRankName>
                                    <taxonRankValue>Cyperaceae</taxonRankValue>
                                </taxonomicClassification>
                                <taxonomicClassification>
                                        <taxonRankName>Family</taxonRankName>
                                    <taxonRankValue>Hydrocharitaceae</taxonRankValue>
                                </taxonomicClassification>
                                <taxonomicClassification>
                                        <taxonRankName>Family</taxonRankName>
                                    <taxonRankValue>Juncaceae</taxonRankValue>
                                </taxonomicClassification>
                                <taxonomicClassification>
                                        <taxonRankName>Family</taxonRankName>
                                    <taxonRankValue>Agavaceae</taxonRankValue>
                                </taxonomicClassification>
                                <taxonomicClassification>
                                        <taxonRankName>Family</taxonRankName>
                                    <taxonRankValue>Alliaceae</taxonRankValue>
                                </taxonomicClassification>
                                <taxonomicClassification>
                                        <taxonRankName>Family</taxonRankName>
                                    <taxonRankValue>Amaryllidaceae</taxonRankValue>
                                </taxonomicClassification>
                                <taxonomicClassification>
                                        <taxonRankName>Family</taxonRankName>
                                    <taxonRankValue>Dioscoreaceae</taxonRankValue>
                                </taxonomicClassification>
                                <taxonomicClassification>
                                        <taxonRankName>Family</taxonRankName>
                                    <taxonRankValue>Iridaceae</taxonRankValue>
                                </taxonomicClassification>
                                <taxonomicClassification>
                                        <taxonRankName>Family</taxonRankName>
                                    <taxonRankValue>Liliaceae</taxonRankValue>
                                </taxonomicClassification>
                                <taxonomicClassification>
                                        <taxonRankName>Family</taxonRankName>
                                    <taxonRankValue>Aponogetonaceae</taxonRankValue>
                                </taxonomicClassification>
                                <taxonomicClassification>
                                        <taxonRankName>Family</taxonRankName>
                                    <taxonRankValue>Juncaginaceae</taxonRankValue>
                                </taxonomicClassification>
                                <taxonomicClassification>
                                        <taxonRankName>Family</taxonRankName>
                                    <taxonRankValue>Najadaceae</taxonRankValue>
                                </taxonomicClassification>
                                <taxonomicClassification>
                                        <taxonRankName>Family</taxonRankName>
                                    <taxonRankValue>Potamogetonaceae</taxonRankValue>
                                </taxonomicClassification>
                                <taxonomicClassification>
                                        <taxonRankName>Family</taxonRankName>
                                    <taxonRankValue>Ruppiaceae</taxonRankValue>
                                </taxonomicClassification>
                                <taxonomicClassification>
                                        <taxonRankName>Family</taxonRankName>
                                    <taxonRankValue>Scheuchzeriaceae</taxonRankValue>
                                </taxonomicClassification>
                                <taxonomicClassification>
                                        <taxonRankName>Family</taxonRankName>
                                    <taxonRankValue>Zannichelliaceae</taxonRankValue>
                                </taxonomicClassification>
                                <taxonomicClassification>
                                        <taxonRankName>Family</taxonRankName>
                                    <taxonRankValue>Zosteraceae</taxonRankValue>
                                </taxonomicClassification>
                                <taxonomicClassification>
                                        <taxonRankName>Family</taxonRankName>
                                    <taxonRankValue>Orchidaceae</taxonRankValue>
                                </taxonomicClassification>
                                <taxonomicClassification>
                                        <taxonRankName>Family</taxonRankName>
                                    <taxonRankValue>Poaceae</taxonRankValue>
                                </taxonomicClassification>
                                <taxonomicClassification>
                                        <taxonRankName>Family</taxonRankName>
                                    <taxonRankValue>Pontederiaceae</taxonRankValue>
                                </taxonomicClassification>
                                <taxonomicClassification>
                                        <taxonRankName>Family</taxonRankName>
                                    <taxonRankValue>Sparganiaceae</taxonRankValue>
                                </taxonomicClassification>
                                <taxonomicClassification>
                                        <taxonRankName>Family</taxonRankName>
                                    <taxonRankValue>Typhaceae</taxonRankValue>
                                </taxonomicClassification>
                                <taxonomicClassification>
                                        <taxonRankName>Family</taxonRankName>
                                    <taxonRankValue>Cannaceae</taxonRankValue>
                                </taxonomicClassification>
                                <taxonomicClassification>
                                        <taxonRankName>Family</taxonRankName>
                                    <taxonRankValue>Isoetaceae</taxonRankValue>
                                </taxonomicClassification>
                                <taxonomicClassification>
                                        <taxonRankName>Family</taxonRankName>
                                    <taxonRankValue>Lycopodiaceae</taxonRankValue>
                                </taxonomicClassification>
                                <taxonomicClassification>
                                        <taxonRankName>Family</taxonRankName>
                                    <taxonRankValue>Selaginellaceae</taxonRankValue>
                                </taxonomicClassification>
                                <taxonomicClassification>
                                        <taxonRankName>Family</taxonRankName>
                                    <taxonRankValue>Apiaceae</taxonRankValue>
                                </taxonomicClassification>
                                <taxonomicClassification>
                                        <taxonRankName>Family</taxonRankName>
                                    <taxonRankValue>Araliaceae</taxonRankValue>
                                </taxonomicClassification>
                                <taxonomicClassification>
                                        <taxonRankName>Family</taxonRankName>
                                    <taxonRankValue>Aristolochiaceae</taxonRankValue>
                                </taxonomicClassification>
                                <taxonomicClassification>
                                        <taxonRankName>Family</taxonRankName>
                                    <taxonRankValue>Asteraceae</taxonRankValue>
                                </taxonomicClassification>
                                <taxonomicClassification>
                                        <taxonRankName>Family</taxonRankName>
                                    <taxonRankValue>Callitrichaceae</taxonRankValue>
                                </taxonomicClassification>
                                <taxonomicClassification>
                                        <taxonRankName>Family</taxonRankName>
                                    <taxonRankValue>Campanulaceae</taxonRankValue>
                                </taxonomicClassification>
                                <taxonomicClassification>
                                        <taxonRankName>Family</taxonRankName>
                                    <taxonRankValue>Lobeliaceae</taxonRankValue>
                                </taxonomicClassification>
                                <taxonomicClassification>
                                        <taxonRankName>Family</taxonRankName>
                                    <taxonRankValue>Brassicaceae</taxonRankValue>
                                </taxonomicClassification>
                                <taxonomicClassification>
                                        <taxonRankName>Family</taxonRankName>
                                    <taxonRankValue>Capparaceae</taxonRankValue>
                                </taxonomicClassification>
                                <taxonomicClassification>
                                        <taxonRankName>Family</taxonRankName>
                                    <taxonRankValue>Resedaceae</taxonRankValue>
                                </taxonomicClassification>
                                <taxonomicClassification>
                                        <taxonRankName>Family</taxonRankName>
                                    <taxonRankValue>Aizoaceae</taxonRankValue>
                                </taxonomicClassification>
                                <taxonomicClassification>
                                        <taxonRankName>Family</taxonRankName>
                                    <taxonRankValue>Amaranthaceae</taxonRankValue>
                                </taxonomicClassification>
                                <taxonomicClassification>
                                        <taxonRankName>Family</taxonRankName>
                                    <taxonRankValue>Caryophyllaceae</taxonRankValue>
                                </taxonomicClassification>
                                <taxonomicClassification>
                                        <taxonRankName>Family</taxonRankName>
                                    <taxonRankValue>Chenopodiaceae</taxonRankValue>
                                </taxonomicClassification>
                                <taxonomicClassification>
                                        <taxonRankName>Family</taxonRankName>
                                    <taxonRankValue>Molluginaceae</taxonRankValue>
                                </taxonomicClassification>
                                <taxonomicClassification>
                                        <taxonRankName>Family</taxonRankName>
                                    <taxonRankValue>Nyctaginaceae</taxonRankValue>
                                </taxonomicClassification>
                                <taxonomicClassification>
                                        <taxonRankName>Family</taxonRankName>
                                    <taxonRankValue>Phytolaccaceae</taxonRankValue>
                                </taxonomicClassification>
                                <taxonomicClassification>
                                        <taxonRankName>Family</taxonRankName>
                                    <taxonRankValue>Portulacaceae</taxonRankValue>
                                </taxonomicClassification>
                                <taxonomicClassification>
                                        <taxonRankName>Family</taxonRankName>
                                    <taxonRankValue>Aquifoliaceae</taxonRankValue>
                                </taxonomicClassification>
                                <taxonomicClassification>
                                        <taxonRankName>Family</taxonRankName>
                                    <taxonRankValue>Celastraceae</taxonRankValue>
                                </taxonomicClassification>
                                <taxonomicClassification>
                                        <taxonRankName>Family</taxonRankName>
                                    <taxonRankValue>Cornaceae</taxonRankValue>
                                </taxonomicClassification>
                                <taxonomicClassification>
                                        <taxonRankName>Family</taxonRankName>
                                    <taxonRankValue>Cucurbitaceae</taxonRankValue>
                                </taxonomicClassification>
                                <taxonomicClassification>
                                        <taxonRankName>Family</taxonRankName>
                                    <taxonRankValue>Adoxaceae</taxonRankValue>
                                </taxonomicClassification>
                                <taxonomicClassification>
                                        <taxonRankName>Family</taxonRankName>
                                    <taxonRankValue>Caprifoliaceae</taxonRankValue>
                                </taxonomicClassification>
                                <taxonomicClassification>
                                        <taxonRankName>Family</taxonRankName>
                                    <taxonRankValue>Dipsacaceae</taxonRankValue>
                                </taxonomicClassification>
                                <taxonomicClassification>
                                        <taxonRankName>Family</taxonRankName>
                                    <taxonRankValue>Valerianaceae</taxonRankValue>
                                </taxonomicClassification>
                                <taxonomicClassification>
                                        <taxonRankName>Family</taxonRankName>
                                    <taxonRankValue>Elaeagnaceae</taxonRankValue>
                                </taxonomicClassification>
                                <taxonomicClassification>
                                        <taxonRankName>Family</taxonRankName>
                                    <taxonRankValue>Actinidiaceae</taxonRankValue>
                                </taxonomicClassification>
                                <taxonomicClassification>
                                        <taxonRankName>Family</taxonRankName>
                                    <taxonRankValue>Clethraceae</taxonRankValue>
                                </taxonomicClassification>
                                <taxonomicClassification>
                                        <taxonRankName>Family</taxonRankName>
                                    <taxonRankValue>Empetraceae</taxonRankValue>
                                </taxonomicClassification>
                                <taxonomicClassification>
                                        <taxonRankName>Family</taxonRankName>
                                    <taxonRankValue>Ericaceae</taxonRankValue>
                                </taxonomicClassification>
                                <taxonomicClassification>
                                        <taxonRankName>Family</taxonRankName>
                                    <taxonRankValue>Monotropaceae</taxonRankValue>
                                </taxonomicClassification>
                                <taxonomicClassification>
                                        <taxonRankName>Family</taxonRankName>
                                    <taxonRankValue>Pyrolaceae</taxonRankValue>
                                </taxonomicClassification>
                                <taxonomicClassification>
                                        <taxonRankName>Family</taxonRankName>
                                    <taxonRankValue>Buxaceae</taxonRankValue>
                                </taxonomicClassification>
                                <taxonomicClassification>
                                        <taxonRankName>Family</taxonRankName>
                                    <taxonRankValue>Euphorbiaceae</taxonRankValue>
                                </taxonomicClassification>
                                <taxonomicClassification>
                                        <taxonRankName>Family</taxonRankName>
                                    <taxonRankValue>Caesalpiniaceae</taxonRankValue>
                                </taxonomicClassification>
                                <taxonomicClassification>
                                        <taxonRankName>Family</taxonRankName>
                                    <taxonRankValue>Fabaceae</taxonRankValue>
                                </taxonomicClassification>
                                <taxonomicClassification>
                                        <taxonRankName>Family</taxonRankName>
                                    <taxonRankValue>Betulaceae</taxonRankValue>
                                </taxonomicClassification>
                                <taxonomicClassification>
                                        <taxonRankName>Family</taxonRankName>
                                    <taxonRankValue>Fagaceae</taxonRankValue>
                                </taxonomicClassification>
                                <taxonomicClassification>
                                        <taxonRankName>Family</taxonRankName>
                                    <taxonRankValue>Apocynaceae</taxonRankValue>
                                </taxonomicClassification>
                                <taxonomicClassification>
                                        <taxonRankName>Family</taxonRankName>
                                    <taxonRankValue>Asclepiadaceae</taxonRankValue>
                                </taxonomicClassification>
                                <taxonomicClassification>
                                        <taxonRankName>Family</taxonRankName>
                                    <taxonRankValue>Gentianaceae</taxonRankValue>
                                </taxonomicClassification>
                                <taxonomicClassification>
                                        <taxonRankName>Family</taxonRankName>
                                    <taxonRankValue>Balsaminaceae</taxonRankValue>
                                </taxonomicClassification>
                                <taxonomicClassification>
                                        <taxonRankName>Family</taxonRankName>
                                    <taxonRankValue>Geraniaceae</taxonRankValue>
                                </taxonomicClassification>
                                <taxonomicClassification>
                                        <taxonRankName>Family</taxonRankName>
                                    <taxonRankValue>Limnanthaceae</taxonRankValue>
                                </taxonomicClassification>
                                <taxonomicClassification>
                                        <taxonRankName>Family</taxonRankName>
                                    <taxonRankValue>Oxalidaceae</taxonRankValue>
                                </taxonomicClassification>
                                <taxonomicClassification>
                                        <taxonRankName>Family</taxonRankName>
                                    <taxonRankValue>Tropaeolaceae</taxonRankValue>
                                </taxonomicClassification>
                                <taxonomicClassification>
                                        <taxonRankName>Family</taxonRankName>
                                    <taxonRankValue>Gunneraceae</taxonRankValue>
                                </taxonomicClassification>
                                <taxonomicClassification>
                                        <taxonRankName>Family</taxonRankName>
                                    <taxonRankValue>Haloragaceae</taxonRankValue>
                                </taxonomicClassification>
                                <taxonomicClassification>
                                        <taxonRankName>Family</taxonRankName>
                                    <taxonRankValue>Hippuridaceae</taxonRankValue>
                                </taxonomicClassification>
                                <taxonomicClassification>
                                        <taxonRankName>Family</taxonRankName>
                                    <taxonRankValue>Hamamelidaceae</taxonRankValue>
                                </taxonomicClassification>
                                <taxonomicClassification>
                                        <taxonRankName>Family</taxonRankName>
                                    <taxonRankValue>Platanaceae</taxonRankValue>
                                </taxonomicClassification>
                                <taxonomicClassification>
                                        <taxonRankName>Family</taxonRankName>
                                    <taxonRankValue>Juglandaceae</taxonRankValue>
                                </taxonomicClassification>
                                <taxonomicClassification>
                                        <taxonRankName>Family</taxonRankName>
                                    <taxonRankValue>Boraginaceae</taxonRankValue>
                                </taxonomicClassification>
                                <taxonomicClassification>
                                        <taxonRankName>Family</taxonRankName>
                                    <taxonRankValue>Lamiaceae</taxonRankValue>
                                </taxonomicClassification>
                                <taxonomicClassification>
                                        <taxonRankName>Family</taxonRankName>
                                    <taxonRankValue>Verbenaceae</taxonRankValue>
                                </taxonomicClassification>
                                <taxonomicClassification>
                                        <taxonRankName>Family</taxonRankName>
                                    <taxonRankValue>Linaceae</taxonRankValue>
                                </taxonomicClassification>
                                <taxonomicClassification>
                                        <taxonRankName>Family</taxonRankName>
                                    <taxonRankValue>Buddlejaceae</taxonRankValue>
                                </taxonomicClassification>
                                <taxonomicClassification>
                                        <taxonRankName>Family</taxonRankName>
                                    <taxonRankValue>Calycanthaceae</taxonRankValue>
                                </taxonomicClassification>
                                <taxonomicClassification>
                                        <taxonRankName>Family</taxonRankName>
                                    <taxonRankValue>Magnoliaceae</taxonRankValue>
                                </taxonomicClassification>
                                <taxonomicClassification>
                                        <taxonRankName>Family</taxonRankName>
                                    <taxonRankValue>Malvaceae</taxonRankValue>
                                </taxonomicClassification>
                                <taxonomicClassification>
                                        <taxonRankName>Family</taxonRankName>
                                    <taxonRankValue>Tiliaceae</taxonRankValue>
                                </taxonomicClassification>
                                <taxonomicClassification>
                                        <taxonRankName>Family</taxonRankName>
                                    <taxonRankValue>Myricaceae</taxonRankValue>
                                </taxonomicClassification>
                                <taxonomicClassification>
                                        <taxonRankName>Family</taxonRankName>
                                    <taxonRankValue>Lythraceae</taxonRankValue>
                                </taxonomicClassification>
                                <taxonomicClassification>
                                        <taxonRankName>Family</taxonRankName>
                                    <taxonRankValue>Onagraceae</taxonRankValue>
                                </taxonomicClassification>
                                <taxonomicClassification>
                                        <taxonRankName>Family</taxonRankName>
                                    <taxonRankValue>Trapaceae</taxonRankValue>
                                </taxonomicClassification>
                                <taxonomicClassification>
                                        <taxonRankName>Family</taxonRankName>
                                    <taxonRankValue>Cabombaceae</taxonRankValue>
                                </taxonomicClassification>
                                <taxonomicClassification>
                                        <taxonRankName>Family</taxonRankName>
                                    <taxonRankValue>Ceratophyllaceae</taxonRankValue>
                                </taxonomicClassification>
                                <taxonomicClassification>
                                        <taxonRankName>Family</taxonRankName>
                                    <taxonRankValue>Nymphaeaceae</taxonRankValue>
                                </taxonomicClassification>
                                <taxonomicClassification>
                                        <taxonRankName>Family</taxonRankName>
                                    <taxonRankValue>Oleaceae</taxonRankValue>
                                </taxonomicClassification>
                                <taxonomicClassification>
                                        <taxonRankName>Family</taxonRankName>
                                    <taxonRankValue>Paeoniaceae</taxonRankValue>
                                </taxonomicClassification>
                                <taxonomicClassification>
                                        <taxonRankName>Family</taxonRankName>
                                    <taxonRankValue>Fumariaceae</taxonRankValue>
                                </taxonomicClassification>
                                <taxonomicClassification>
                                        <taxonRankName>Family</taxonRankName>
                                    <taxonRankValue>Papaveraceae</taxonRankValue>
                                </taxonomicClassification>
                                <taxonomicClassification>
                                        <taxonRankName>Family</taxonRankName>
                                    <taxonRankValue>Saururaceae</taxonRankValue>
                                </taxonomicClassification>
                                <taxonomicClassification>
                                        <taxonRankName>Family</taxonRankName>
                                    <taxonRankValue>Plantaginaceae</taxonRankValue>
                                </taxonomicClassification>
                                <taxonomicClassification>
                                        <taxonRankName>Family</taxonRankName>
                                    <taxonRankValue>Plumbaginaceae</taxonRankValue>
                                </taxonomicClassification>
                                <taxonomicClassification>
                                        <taxonRankName>Family</taxonRankName>
                                    <taxonRankValue>Convolvulaceae</taxonRankValue>
                                </taxonomicClassification>
                                <taxonomicClassification>
                                        <taxonRankName>Family</taxonRankName>
                                    <taxonRankValue>Cuscutaceae</taxonRankValue>
                                </taxonomicClassification>
                                <taxonomicClassification>
                                        <taxonRankName>Family</taxonRankName>
                                    <taxonRankValue>Hydrophyllaceae</taxonRankValue>
                                </taxonomicClassification>
                                <taxonomicClassification>
                                        <taxonRankName>Family</taxonRankName>
                                    <taxonRankValue>Menyanthaceae</taxonRankValue>
                                </taxonomicClassification>
                                <taxonomicClassification>
                                        <taxonRankName>Family</taxonRankName>
                                    <taxonRankValue>Polemoniaceae</taxonRankValue>
                                </taxonomicClassification>
                                <taxonomicClassification>
                                        <taxonRankName>Family</taxonRankName>
                                    <taxonRankValue>Solanaceae</taxonRankValue>
                                </taxonomicClassification>
                                <taxonomicClassification>
                                        <taxonRankName>Family</taxonRankName>
                                    <taxonRankValue>Polygalaceae</taxonRankValue>
                                </taxonomicClassification>
                                <taxonomicClassification>
                                        <taxonRankName>Family</taxonRankName>
                                    <taxonRankValue>Polygonaceae</taxonRankValue>
                                </taxonomicClassification>
                                <taxonomicClassification>
                                        <taxonRankName>Family</taxonRankName>
                                    <taxonRankValue>Primulaceae</taxonRankValue>
                                </taxonomicClassification>
                                <taxonomicClassification>
                                        <taxonRankName>Family</taxonRankName>
                                    <taxonRankValue>Berberidaceae</taxonRankValue>
                                </taxonomicClassification>
                                <taxonomicClassification>
                                        <taxonRankName>Family</taxonRankName>
                                    <taxonRankValue>Menispermaceae</taxonRankValue>
                                </taxonomicClassification>
                                <taxonomicClassification>
                                        <taxonRankName>Family</taxonRankName>
                                    <taxonRankValue>Ranunculaceae</taxonRankValue>
                                </taxonomicClassification>
                                <taxonomicClassification>
                                        <taxonRankName>Family</taxonRankName>
                                    <taxonRankValue>Rhamnaceae</taxonRankValue>
                                </taxonomicClassification>
                                <taxonomicClassification>
                                        <taxonRankName>Family</taxonRankName>
                                    <taxonRankValue>Vitaceae</taxonRankValue>
                                </taxonomicClassification>
                                <taxonomicClassification>
                                        <taxonRankName>Family</taxonRankName>
                                    <taxonRankValue>Amygdalaceae</taxonRankValue>
                                </taxonomicClassification>
                                <taxonomicClassification>
                                        <taxonRankName>Family</taxonRankName>
                                    <taxonRankValue>Malaceae</taxonRankValue>
                                </taxonomicClassification>
                                <taxonomicClassification>
                                        <taxonRankName>Family</taxonRankName>
                                    <taxonRankValue>Rosaceae</taxonRankValue>
                                </taxonomicClassification>
                                <taxonomicClassification>
                                        <taxonRankName>Family</taxonRankName>
                                    <taxonRankValue>Rubiaceae</taxonRankValue>
                                </taxonomicClassification>
                                <taxonomicClassification>
                                        <taxonRankName>Family</taxonRankName>
                                    <taxonRankValue>Anacardiaceae</taxonRankValue>
                                </taxonomicClassification>
                                <taxonomicClassification>
                                        <taxonRankName>Family</taxonRankName>
                                    <taxonRankValue>Rutaceae</taxonRankValue>
                                </taxonomicClassification>
                                <taxonomicClassification>
                                        <taxonRankName>Family</taxonRankName>
                                    <taxonRankValue>Simaroubaceae</taxonRankValue>
                                </taxonomicClassification>
                                <taxonomicClassification>
                                        <taxonRankName>Family</taxonRankName>
                                    <taxonRankValue>Zygophyllaceae</taxonRankValue>
                                </taxonomicClassification>
                                <taxonomicClassification>
                                        <taxonRankName>Family</taxonRankName>
                                    <taxonRankValue>Salicaceae</taxonRankValue>
                                </taxonomicClassification>
                                <taxonomicClassification>
                                        <taxonRankName>Family</taxonRankName>
                                    <taxonRankValue>Loranthaceae</taxonRankValue>
                                </taxonomicClassification>
                                <taxonomicClassification>
                                        <taxonRankName>Family</taxonRankName>
                                    <taxonRankValue>Santalaceae</taxonRankValue>
                                </taxonomicClassification>
                                <taxonomicClassification>
                                        <taxonRankName>Family</taxonRankName>
                                    <taxonRankValue>Aceraceae</taxonRankValue>
                                </taxonomicClassification>
                                <taxonomicClassification>
                                        <taxonRankName>Family</taxonRankName>
                                    <taxonRankValue>Hippocastanaceae</taxonRankValue>
                                </taxonomicClassification>
                                <taxonomicClassification>
                                        <taxonRankName>Family</taxonRankName>
                                    <taxonRankValue>Sapindaceae</taxonRankValue>
                                </taxonomicClassification>
                                <taxonomicClassification>
                                        <taxonRankName>Family</taxonRankName>
                                    <taxonRankValue>Staphyleaceae</taxonRankValue>
                                </taxonomicClassification>
                                <taxonomicClassification>
                                        <taxonRankName>Family</taxonRankName>
                                    <taxonRankValue>Droseraceae</taxonRankValue>
                                </taxonomicClassification>
                                <taxonomicClassification>
                                        <taxonRankName>Family</taxonRankName>
                                    <taxonRankValue>Crassulaceae</taxonRankValue>
                                </taxonomicClassification>
                                <taxonomicClassification>
                                        <taxonRankName>Family</taxonRankName>
                                    <taxonRankValue>Grossulariaceae</taxonRankValue>
                                </taxonomicClassification>
                                <taxonomicClassification>
                                        <taxonRankName>Family</taxonRankName>
                                    <taxonRankValue>Hydrangeaceae</taxonRankValue>
                                </taxonomicClassification>
                                <taxonomicClassification>
                                        <taxonRankName>Family</taxonRankName>
                                    <taxonRankValue>Saxifragaceae</taxonRankValue>
                                </taxonomicClassification>
                                <taxonomicClassification>
                                        <taxonRankName>Family</taxonRankName>
                                    <taxonRankValue>Bignoniaceae</taxonRankValue>
                                </taxonomicClassification>
                                <taxonomicClassification>
                                        <taxonRankName>Family</taxonRankName>
                                    <taxonRankValue>Globulariaceae</taxonRankValue>
                                </taxonomicClassification>
                                <taxonomicClassification>
                                        <taxonRankName>Family</taxonRankName>
                                    <taxonRankValue>Lentibulariaceae</taxonRankValue>
                                </taxonomicClassification>
                                <taxonomicClassification>
                                        <taxonRankName>Family</taxonRankName>
                                    <taxonRankValue>Martyniaceae</taxonRankValue>
                                </taxonomicClassification>
                                <taxonomicClassification>
                                        <taxonRankName>Family</taxonRankName>
                                    <taxonRankValue>Orobanchaceae</taxonRankValue>
                                </taxonomicClassification>
                                <taxonomicClassification>
                                        <taxonRankName>Family</taxonRankName>
                                    <taxonRankValue>Pedaliaceae</taxonRankValue>
                                </taxonomicClassification>
                                <taxonomicClassification>
                                        <taxonRankName>Family</taxonRankName>
                                    <taxonRankValue>Scrophulariaceae</taxonRankValue>
                                </taxonomicClassification>
                                <taxonomicClassification>
                                        <taxonRankName>Family</taxonRankName>
                                    <taxonRankValue>Elatinaceae</taxonRankValue>
                                </taxonomicClassification>
                                <taxonomicClassification>
                                        <taxonRankName>Family</taxonRankName>
                                    <taxonRankValue>Hypericaceae</taxonRankValue>
                                </taxonomicClassification>
                                <taxonomicClassification>
                                        <taxonRankName>Family</taxonRankName>
                                    <taxonRankValue>Thymelaeaceae</taxonRankValue>
                                </taxonomicClassification>
                                <taxonomicClassification>
                                        <taxonRankName>Family</taxonRankName>
                                    <taxonRankValue>Cannabaceae</taxonRankValue>
                                </taxonomicClassification>
                                <taxonomicClassification>
                                        <taxonRankName>Family</taxonRankName>
                                    <taxonRankValue>Moraceae</taxonRankValue>
                                </taxonomicClassification>
                                <taxonomicClassification>
                                        <taxonRankName>Family</taxonRankName>
                                    <taxonRankValue>Ulmaceae</taxonRankValue>
                                </taxonomicClassification>
                                <taxonomicClassification>
                                        <taxonRankName>Family</taxonRankName>
                                    <taxonRankValue>Urticaceae</taxonRankValue>
                                </taxonomicClassification>
                                <taxonomicClassification>
                                        <taxonRankName>Family</taxonRankName>
                                    <taxonRankValue>Begoniaceae</taxonRankValue>
                                </taxonomicClassification>
                                <taxonomicClassification>
                                        <taxonRankName>Family</taxonRankName>
                                    <taxonRankValue>Cistaceae</taxonRankValue>
                                </taxonomicClassification>
                                <taxonomicClassification>
                                        <taxonRankName>Family</taxonRankName>
                                    <taxonRankValue>Frankeniaceae</taxonRankValue>
                                </taxonomicClassification>
                                <taxonomicClassification>
                                        <taxonRankName>Family</taxonRankName>
                                    <taxonRankValue>Loasaceae</taxonRankValue>
                                </taxonomicClassification>
                                <taxonomicClassification>
                                        <taxonRankName>Family</taxonRankName>
                                    <taxonRankValue>Passifloraceae</taxonRankValue>
                                </taxonomicClassification>
                                <taxonomicClassification>
                                        <taxonRankName>Family</taxonRankName>
                                    <taxonRankValue>Tamaricaceae</taxonRankValue>
                                </taxonomicClassification>
                                <taxonomicClassification>
                                        <taxonRankName>Family</taxonRankName>
                                    <taxonRankValue>Violaceae</taxonRankValue>
                                </taxonomicClassification>
                                <taxonomicClassification>
                                        <taxonRankName>Family</taxonRankName>
                                    <taxonRankValue>Ephedraceae</taxonRankValue>
                                </taxonomicClassification>
                                <taxonomicClassification>
                                        <taxonRankName>Family</taxonRankName>
                                    <taxonRankValue>Equisetaceae</taxonRankValue>
                                </taxonomicClassification>
                        </taxonomicCoverage>
            </coverage>
            <purpose>
                <para>The purpose of the Florabank database is the aggregation of occurrences data gathered by volunteers and/or professional botanists in order to make the data available for nature conservation, policy and research.</para>
            </purpose>
            <maintenance>
                <description>
                    <para></para>
                </description>
                <maintenanceUpdateFrequency>biannually</maintenanceUpdateFrequency>
            </maintenance>
            <contact>
            <individualName>
<givenName>Wouter</givenName>                    <surName>Van Landuyt</surName>
            </individualName>
<organizationName>Research Institute for Nature and Forest (INBO)</organizationName><positionName>Researcher</positionName>            <address>
<deliveryPoint>Kliniekstraat 25</deliveryPoint><city>Brussels</city><administrativeArea>Brussels Capital Region</administrativeArea><postalCode>1070</postalCode><country>BELGIUM</country>            </address>
<electronicMailAddress>wouter.vanlanduyt@inbo.be</electronicMailAddress>            </contact>
            <methods>
                    <methodStep>
                        <description>
                            <para>All records are validated before they are added to Florabank. The basic reference for quality control is the Belgian atlas (VAN ROMPAEY &amp; DELVOSALLE 1972). New data to be entered into the database are first submitted to a preliminary, automatic control. Observations pertaining to common species which were previously validated to occur in the neighbouring grid cells of 4 x 4 km squares over the last 35 years are automatically validated. Observations of species that are considered rare, or common species that have not been recorded in the neighbouring grid cells since 35 years are subjected to a manual control by experts. If the record concerns a location validated by other sources (e.g. recent herbarium specimens, peer reviewed papers) it is validated by the managers of the database, if not the observers can be asked to provide extra proof of their observation (e.g. herbarium specimens or photographs). Once an observation is validated (automatically or by the database manager) it can be considered for the validation of new observations.</para>
                        </description>
                    </methodStep>
                    <sampling>
                        <studyExtent>
                            <description>
                                <para>The purpose of the Florabank database is the aggregation of occurrences data gathered by volunteers and/or professional botanists in order to make the data available for nature conservation, policy and research.</para>
                            </description>
                        </studyExtent>
                        <samplingDescription>
                            <para>The spatial coverage of the territory has evolved through time. The data from the period before 1939 pertains mostly to herbarium specimens and  reflects only part of the vascular plant composition of the region. From 1939 onwards most observations are collected using a standardized protocol based on the methodology used for the Atlas of the flora of Belgium and Luxemburg (VAN ROMPAEY &amp; DELVOSALLE 1972). The atlas area is covered by a grid of 4 x 4 Km squares, which is further subdivided into 1 x 1 Km squares. All species observed during a visit to a grid cell of 1 km² were recorded without distinguishing between common or rare species. In each 4 x 4 km square, more than one 1 km² squares were surveyed. The inventories dating from the period 1939-1971 fed the Atlas of the flora of Belgium and Luxemburg (VAN ROMPAEY &amp; DELVOSALLE 1972) (figure 2), while those from 1972-2004 served to produce that by VAN LANDUYT et al. (2006) (figure 3). During the first period (figure 2) only one survey of 1km² in each grid of 4 x 4km was required, during the second period we attempted to obtain data from at least four 1 km² grids in each grid of 4x4 km. From 2005 onwards we continued to gather data using the same protocol.</para>
                        </samplingDescription>
                    </sampling>
                    <qualityControl>
                        <description>
                            <para>All records are validated.</para>
                        </description>
                    </qualityControl>
            </methods>

    </dataset>

    <additionalMetadata>
        <metadata>
            <gbif>
                <dateStamp>2023-07-05T19:30:46Z</dateStamp>
                <citation identifier="https://doi.org/10.3897/phytokeys.12.2849">Van Landuyt W, Brosens D (2023). Florabank1 - A grid-based database on vascular plant distribution in the northern part of Belgium (Flanders and the Brussels Capital region). Version 45.23. Research Institute for Nature and Forest (INBO). Occurrence dataset https://doi.org/10.3897/phytokeys.12.2849 accessed via GBIF.org on 2023-07-05.</citation>
                    <bibliography>
                <citation identifier="https://doi.org/10.1016/j.landurbplan.2010.08.020">Van Landuyt, W., Vanhecke, L., Hoste, I., &amp; Bauwens, D. (2011) Do the distribution patterns of vascular plant species correspond to biogeographical classifications based on environmental data? A case study from northern Belgium. Landscape and Urban Planning, 99, 93-103. https://doi.org/10.1016/j.landurbplan.2010.08.020</citation>
                <citation>Van Landuyt, W., Hoste, I., &amp; Vanhecke, L. (2007) Evolution générale de la flora de Flandre (Belgique) entre 1939-1971 et 1972-2004: évaluation des changements en tenant compte de l&apos;intensité d&apos;inventaire. L.A.S.E.R., Actes du colloque GEOFLORE 2007, 2007, 119-123.</citation>
                <citation>Hoste, I.; Van Landuyt, W.; Verloove, F. (2006). Landschap en flora in beweging, 19de en 20ste eeuw, in: Van Landuyt, W. et al. (Ed.) (2006). Atlas van de flora van Vlaanderen en het Brussels Gewest. pp. 45-67</citation>
                <citation>Van Landuyt, W. (2009) Measuring invasive speed of alien plant species using data from a general mapping program in the north of Belgium. Book of abstracts, 2nd European Congres of Conservation Biology p. 147. Czech University of Life Sciences, Faculty of Environmental Science.</citation>
                <citation>Vanhecke, L.; Hoste, I. (2006). Met vallen en opstaan: het verhaal van de tweede kartering, 1972-2004, in: Van Landuyt, W. et al. (Ed.) (2006). Atlas van de flora van Vlaanderen en het Brussels Gewest. pp. 14-31</citation>
                <citation>Van Landuyt, W.; de Beer, D. (2009). Planten, in: Beckers, K. et al. (Ed.) (2009). Een gericht natuurbeleid voor de prioritaire soorten in de provincie Antwerpen. pp. 25-64</citation>
                <citation>Van Landuyt, W.; Vanhecke, L.; Hoste, I. (2006). Rode Lijst van de vaatplanten van Vlaanderen en het Brussels Hoofdstedelijk Gewest, in: Van Landuyt, W. et al. (Ed.) (2006). Atlas van de flora van Vlaanderen en het Brussels Gewest. pp. 69-81,</citation>
                <citation identifier="https://doi.org/10.1016/S0169-2046(02)00194-9">Honnay, O., Piessens, K., Van Landuyt, W., Hermy, M., &amp; Gulinck, H. (2003) Satellite based land use and landscape complexity indices as predictors for regional plant species diversity. Landscape and Urban Planning, 63, 241-250. https://doi.org/10.1016/S0169-2046(02)00194-9</citation>
                <citation>Van Landuyt, W.; Vanhecke, L.; Hoste, I. (2006). Verzameling en verwerking van de basisgegevens, in: Van Landuyt, W. et al. (Ed.) (2006). Atlas van de flora van Vlaanderen en het Brussels Gewest. pp. 33-42</citation>
                <citation identifier="https://doi.org/10.1016/j.jnc.2011.02.001">Louette, G., Adriaens, D., Adriaens, P., Anselin, A., Devos, K., Sannen, K., Van Landuyt, W., Paelinckx, D., &amp; Hoffmann, M. (2011) Bridging the gap between the Natura 2000 regional conservation status and local conservation objectives. Journal for Nature Conservation, 17 (4), 224-235. https://doi.org/10.1016/j.jnc.2011.02.001</citation>
                <citation identifier="https://doi.org/10.1007/s10531-004-9662-x">Maes, D., Bauwens, D., De Bruyn, L., Anselin, A., Vermeersch, G., Van Landuyt, W., De Knijf, G., &amp; Gilbert, M. (2005) Species richness coincidence: conservation strategies based on predictive modelling. Biodiversity and Conservation, 14, 1345-1364. https://doi.org/10.1007/s10531-004-9662-x</citation>
                <citation identifier="https://doi.org/10.1016/j.ecolind.2011.06.021">Schneiders, A., Van Daele, T., Van Landuyt W., &amp; Van Reeth, W. (2011) Biodiversity and ecosystem services: Complementary approaches for ecosystem management? Ecological Indicators. https://doi.org/10.1016/j.ecolind.2011.06.021</citation>
                <citation>Van Landuyt, W., Hoste, I., Vanhecke, L., Van den Bremt, P., Vercruysse, E., &amp; De Beer, D. (2006) Atlas van de Flora van Vlaanderen en het Brussels Gewest. Instituut voor natuur- en bosonderzoek, Nationale Plantentuin van België &amp; Flo.Wer, Brussel.</citation>
                <citation>Van Landuyt, W., Vanhecke, L., Hoste, I., Hendrickx, F., &amp; Bauwens, D. (2008) Changes in the distribution area of vascular plants in Flanders (northern Belgium): eutrophication as a major driving force. Biodiversity and Conservation, 17, 3045-3060.</citation>
                    </bibliography>
                    <physical>
                        <objectName>IFBL data portal</objectName>
                        <characterEncoding>UTF-8</characterEncoding>
                        <dataFormat>
                            <externallyDefinedFormat>
                                <formatName>various formats</formatName>
                            </externallyDefinedFormat>
                        </dataFormat>
                        <distribution>
                            <online>
                                <url function="download">http://projects.biodiversity.be/ifbl</url>
                            </online>
                        </distribution>
                    </physical>
                    <resourceLogoUrl>https://ipt.inbo.be/logo.do?r=florabank1-occurrences</resourceLogoUrl>
                    <livingTimePeriod>1800 - now</livingTimePeriod>
            </gbif>
        </metadata>
    </additionalMetadata>

</eml:eml>
