<?xml version="1.0" encoding="utf-8"?>
<eml:eml xmlns:eml="eml://ecoinformatics.org/eml-2.1.1" xmlns:xsi="http://www.w3.org/2001/XMLSchema-instance"
         xsi:schemaLocation="eml://ecoinformatics.org/eml-2.1.1 http://rs.gbif.org/schema/eml-gbif-profile/1.2/eml.xsd"
packageId="28cde3da-b84d-484b-8273-f2ab6e9352d1"  system="http://gbif.org" scope="system"
xml:lang="en">

    <dataset>
            <alternateIdentifier>10.15468/3z6n7t</alternateIdentifier>
                <alternateIdentifier>https://portal.torcherbaria.org/portal/collections/misc/collprofiles.php?collid=422</alternateIdentifier>
        <title>Texas Lutheran University Herbarium</title>
            <creator>
<organizationName>TORCH Portal</organizationName><electronicMailAddress>jbest@brit.org</electronicMailAddress><onlineUrl>https://portal.torcherbaria.org/portal/index.php</onlineUrl>            </creator>
            <metadataProvider>
<organizationName>TORCH Portal</organizationName><electronicMailAddress>jbest@brit.org</electronicMailAddress><onlineUrl>https://portal.torcherbaria.org/portal/index.php</onlineUrl>            </metadataProvider>
            <associatedParty>
            <individualName>
                    <surName>Alan W. Lievens</surName>
            </individualName>
<electronicMailAddress>alievens@tlu.edu</electronicMailAddress>            <role>CONTENT_PROVIDER</role>
            </associatedParty>
            <pubDate>
                2023-06-18
            </pubDate>
        <language>ENGLISH</language>
            <intellectualRights>
                    <para>This work is licensed under a <ulink url="http://creativecommons.org/licenses/by-nc/4.0/legalcode"><citetitle>Creative Commons Attribution Non Commercial (CC-BY-NC) 4.0 License</citetitle></ulink>.</para>
            </intellectualRights>
            <contact>
<organizationName>Texas Lutheran University Herbarium</organizationName><electronicMailAddress>alievens@tlu.edu</electronicMailAddress><onlineUrl>http://www.tlu.edu/</onlineUrl>            </contact>

    </dataset>

    <additionalMetadata>
        <metadata>
            <gbif>
                <dateStamp>2023-07-05T19:31:22Z</dateStamp>
                <citation>Texas Lutheran University Herbarium (2023). Texas Lutheran University Herbarium. Occurrence dataset https://doi.org/10.15468/3z6n7t accessed via GBIF.org on 2023-07-05.</citation>
            </gbif>
        </metadata>
    </additionalMetadata>

</eml:eml>
