<?xml version="1.0" encoding="utf-8"?>
<eml:eml xmlns:eml="eml://ecoinformatics.org/eml-2.1.1" xmlns:xsi="http://www.w3.org/2001/XMLSchema-instance"
         xsi:schemaLocation="eml://ecoinformatics.org/eml-2.1.1 http://rs.gbif.org/schema/eml-gbif-profile/1.2/eml.xsd"
packageId="48baafff-2848-4819-a5c8-e8123c82b946"  system="http://gbif.org" scope="system"
xml:lang="es">

    <dataset>
            <alternateIdentifier>10.15468/gvwf2a</alternateIdentifier>
                <alternateIdentifier>https://ipt.mincyt.gob.ar/resource?r=herbario</alternateIdentifier>
                <alternateIdentifier>48baafff-2848-4819-a5c8-e8123c82b946</alternateIdentifier>
                <alternateIdentifier>http://ipt.mincyt.gob.ar/resource?r=herbario</alternateIdentifier>
        <title>Herbario Ruiz Leal MERL, Instituto Argentino de Investigaciones de las Zonas Áridas (CCT CONICET Mendoza)</title>
            <creator>
            <individualName>
<givenName>Eduardo</givenName>                    <surName>Martínez Carretero</surName>
            </individualName>
<organizationName>Instituto Argentino de Investigaciones de Zonas Aridas (IADIZA) CCT CONICET Mendoza</organizationName><positionName>Curador Herbario MERL, Investigador</positionName>            <address>
<deliveryPoint>Av. Ruíz Leal s/n Parque General San Martín</deliveryPoint><city>Mendoza</city><administrativeArea>Mendoza</administrativeArea><postalCode>5500</postalCode><country>ARGENTINA</country>            </address>
<phone>+54 261 524 4101 / 4170</phone><electronicMailAddress>mcarrete@mendoza-conicet.gob.ar</electronicMailAddress>            </creator>
            <creator>
            <individualName>
<givenName>Bertilde</givenName>                    <surName>Rossi</surName>
            </individualName>
<organizationName>Instituto Argentino de Investigaciones de Zonas Aridas (IADIZA) CCT CONICET Mendoza</organizationName><positionName>Profesional Adjunto</positionName>            <address>
<deliveryPoint>Av. Ruíz Leal s/n Parque General San Martín</deliveryPoint><city>Mendoza</city><administrativeArea>Mendoza</administrativeArea><postalCode>5500</postalCode><country>ARGENTINA</country>            </address>
<phone>+54 261 524 4101 / 4170</phone><electronicMailAddress>berossi@conicet-mendoza.gob.ar</electronicMailAddress>            </creator>
            <creator>
            <individualName>
<givenName>Lorena de Jesús</givenName>                    <surName>Bonjour</surName>
            </individualName>
<organizationName>Instituto Argentino de Investigaciones de Zonas Aridas (IADIZA) CCT CONICET Mendoza</organizationName><positionName>Profesional Asistente</positionName>            <address>
<deliveryPoint>Av. Ruíz Leal s/n Parque General San Martín</deliveryPoint><city>Mendoza</city><administrativeArea>Mendoza</administrativeArea><postalCode>5500</postalCode><country>ARGENTINA</country>            </address>
<phone>+54 261 524 4101 / 4170</phone><electronicMailAddress>lbonjour@mendoza-conicet.gob.ar</electronicMailAddress>            </creator>
            <metadataProvider>
            <individualName>
<givenName>Bertilde</givenName>                    <surName>Rossi</surName>
            </individualName>
<organizationName>Instituto Argentino de Investigaciones de Zonas Aridas (IADIZA) CCT CONICET Mendoza</organizationName><positionName>Profesional Adjunto</positionName>            <address>
<deliveryPoint>Av. Ruíz Leal s/n Parque General San Martín</deliveryPoint><city>Mendoza</city><administrativeArea>Mendoza</administrativeArea><postalCode>5500</postalCode><country>ARGENTINA</country>            </address>
<phone>+54 261 524 4101 / 4170</phone><electronicMailAddress>berossi@conicet-mendoza.gob.ar</electronicMailAddress>            </metadataProvider>
            <pubDate>
                2022-07-22
            </pubDate>
        <language>SPANISH</language>
            <abstract>
                    <para>El Herbario Ruiz Leal (MERL) forma parte del Instituto Argentino de Investigaciones de las Zonas Áridas (IADIZA-CONICET-Mendoza) desde 1973. Constituye una importante colección de referencia de la vegetación del oeste de Argentina y del trabajo de botánicos y colectores en la flora regional desde principios del siglo XX hasta la actualidad. Cuenta con colecciones representativas de la flora de Mendoza y Argentina, como las de A. Ruiz Leal, F.A. Roig, J. A. Ambrosetti, E. Méndez, E. Martínez Carretero y A. Dalmasso, a las que se han incorporado colectas de otros investigadores e instituciones, ampliando cobertura geográfica del MERL a países limítrofes y al resto del mundo.
Actualmente, el MERL conserva unos 80.000 ejemplares y cerca de 400 ejemplares tipo. La colección más importante es la de Tracheophyta, pero también el herbario alberga colecciones de briófitos, musgos, hongos y líquenes.</para>
            </abstract>
                <keywordSet>
                        <keyword>Occurrence</keyword>
                        <keywordThesaurus>GBIF Dataset Type Vocabulary: http://rs.gbif.org/vocabulary/gbif/dataset_type.xml</keywordThesaurus>
                </keywordSet>
                <keywordSet>
                        <keyword>Trachaeophyta</keyword>
                        <keywordThesaurus>n/a</keywordThesaurus>
                </keywordSet>
                <keywordSet>
                        <keyword>Argentina</keyword>
                        <keywordThesaurus>n/a</keywordThesaurus>
                </keywordSet>
                <keywordSet>
                        <keyword>Mendoza</keyword>
                        <keywordThesaurus>n/a</keywordThesaurus>
                </keywordSet>
                <keywordSet>
                        <keyword>Occurrence</keyword>
                        <keywordThesaurus>GBIF Dataset Type Vocabulary: http://rs.gbif.org/vocabulary/gbif/dataset_type_2015-07-10.xml</keywordThesaurus>
                </keywordSet>
                <keywordSet>
                        <keyword>Specimen</keyword>
                        <keywordThesaurus>GBIF Dataset Subtype Vocabulary: http://rs.gbif.org/vocabulary/gbif/dataset_subtype.xml</keywordThesaurus>
                </keywordSet>
            <intellectualRights>
                    <para>This work is licensed under a <ulink url="http://creativecommons.org/licenses/by-nc/4.0/legalcode"><citetitle>Creative Commons Attribution Non Commercial (CC-BY-NC) 4.0 License</citetitle></ulink>.</para>
            </intellectualRights>
            <coverage>
                    <geographicCoverage>
                            <geographicDescription>La información proviene principalmente de localidades de Argentina, y de países limítrofes.</geographicDescription>
                            <boundingCoordinates>
                                <westBoundingCoordinate>-84.727</westBoundingCoordinate>
                                <eastBoundingCoordinate>-43.242</eastBoundingCoordinate>
                                <northBoundingCoordinate>-13.582</northBoundingCoordinate>
                                <southBoundingCoordinate>-56.365</southBoundingCoordinate>
                            </boundingCoordinates>
                    </geographicCoverage>
                    <temporalCoverage>
                            <rangeOfDates>
                                <beginDate>
                                    <calendarDate>                1883-01-30
</calendarDate>
                                </beginDate>
                                <endDate>
                                    <calendarDate>                2019-12-13
</calendarDate>
                                </endDate>
                            </rangeOfDates>
                    </temporalCoverage>
                        <taxonomicCoverage>
                                <generalTaxonomicCoverage>Los datos pertenecen a ejemplares actuales del reino Plantae, principalmente Clase Magnoliophyta. Las familias mejor representadas en la colección son Asteraceae y Poaceae</generalTaxonomicCoverage>
                                <taxonomicClassification>
                                        <taxonRankName>Kingdom</taxonRankName>
                                    <taxonRankValue>Plantae</taxonRankValue>
                                </taxonomicClassification>
                                <taxonomicClassification>
                                        <taxonRankName>Class</taxonRankName>
                                    <taxonRankValue>Magnoliophyta</taxonRankValue>
                                </taxonomicClassification>
                        </taxonomicCoverage>
            </coverage>
            <maintenance>
                <description>
                    <para></para>
                </description>
                <maintenanceUpdateFrequency>notPlanned</maintenanceUpdateFrequency>
            </maintenance>
            <contact>
            <individualName>
<givenName>Estela</givenName>                    <surName>Azpillaga</surName>
            </individualName>
<organizationName>IADIZA-CCT CONICET Mendoza</organizationName><positionName>Técnico Adjunto</positionName>            <address>
<deliveryPoint>Av. Ruíz Leal s/n Parque General San Martín</deliveryPoint><city>Mendoza</city><administrativeArea>Mendoza</administrativeArea><postalCode>5500</postalCode><country>ARGENTINA</country>            </address>
<phone>+542615244138</phone><electronicMailAddress>eazpillaga@mendoza-conicet.gob.ar</electronicMailAddress>            </contact>
            <contact>
            <individualName>
<givenName>Eduardo</givenName>                    <surName>Martínez Carretero</surName>
            </individualName>
<organizationName>Instituto Argentino de Investigaciones de Zonas Aridas (IADIZA) CCT CONICET Mendoza</organizationName><positionName>Curador Herbario MERL, Investigador</positionName>            <address>
<deliveryPoint>Av. Ruíz Leal s/n Parque General San Martín</deliveryPoint><city>Mendoza</city><administrativeArea>Mendoza</administrativeArea><postalCode>5500</postalCode><country>ARGENTINA</country>            </address>
<phone>+54 261 524 4101 / 4170</phone><electronicMailAddress>mcarrete@mendoza-conicet.gob.ar</electronicMailAddress>            </contact>
            <contact>
            <individualName>
<givenName>Bertilde</givenName>                    <surName>Rossi</surName>
            </individualName>
<organizationName>Instituto Argentino de Investigaciones de Zonas Aridas (IADIZA) CCT CONICET Mendoza</organizationName><positionName>Profesional Adjunto</positionName>            <address>
<deliveryPoint>Av. Ruíz Leal s/n Parque General San Martín</deliveryPoint><city>Mendoza</city><administrativeArea>Mendoza</administrativeArea><postalCode>5500</postalCode><country>ARGENTINA</country>            </address>
<phone>+54 261 524 4101 / 4170</phone><electronicMailAddress>berossi@conicet-mendoza.gob.ar</electronicMailAddress>            </contact>
            <contact>
            <individualName>
<givenName>Lorena de Jesús</givenName>                    <surName>Bonjour</surName>
            </individualName>
<organizationName>Instituto Argentino de Investigaciones de Zonas Aridas (IADIZA) CCT CONICET Mendoza</organizationName><positionName>Profesional Asistente</positionName>            <address>
<deliveryPoint>Av. Ruíz Leal s/n Parque General San Martín</deliveryPoint><city>Mendoza</city><administrativeArea>Mendoza</administrativeArea><postalCode>5500</postalCode><country>ARGENTINA</country>            </address>
<phone>+54 261 524 4101 / 4170</phone><electronicMailAddress>lbonjour@mendoza-conicet.gob.ar</electronicMailAddress>            </contact>
            <methods>
                    <methodStep>
                        <description>
                            <para></para>
                        </description>
                    </methodStep>
            </methods>

    </dataset>

    <additionalMetadata>
        <metadata>
            <gbif>
                <dateStamp>2023-07-05T19:31:12Z</dateStamp>
                <citation>Martínez Carretero E, Rossi B, Bonjour L D J (2022). Herbario Ruiz Leal MERL, Instituto Argentino de Investigaciones de las Zonas Áridas (CCT CONICET Mendoza). Version 1.2. Ministerio de Ciencia, Tecnología e Innovación Productiva. Occurrence dataset https://doi.org/10.15468/gvwf2a accessed via GBIF.org on 2023-07-05.</citation>
                        <collection>
                            <parentCollectionIdentifier></parentCollectionIdentifier>
                            <collectionIdentifier>MERL</collectionIdentifier>
                            <collectionName>Herbario Ruiz Leal</collectionName>
                        </collection>
            </gbif>
        </metadata>
    </additionalMetadata>

</eml:eml>
