<?xml version="1.0" encoding="utf-8"?>
<eml:eml xmlns:eml="eml://ecoinformatics.org/eml-2.1.1" xmlns:xsi="http://www.w3.org/2001/XMLSchema-instance"
         xsi:schemaLocation="eml://ecoinformatics.org/eml-2.1.1 http://rs.gbif.org/schema/eml-gbif-profile/1.2/eml.xsd"
packageId="5a6538b8-e35c-46c4-8978-6858a657a75f"  system="http://gbif.org" scope="system"
xml:lang="en">

    <dataset>
            <alternateIdentifier>10.15468/xzn5g5</alternateIdentifier>
                <alternateIdentifier>https://www.mycoportal.org/portal/collections/misc/collprofiles.php?collid=23</alternateIdentifier>
        <title>Cornell University Plant Pathology Herbarium</title>
            <creator>
<organizationName>MyCoPortal</organizationName><electronicMailAddress>help@mycoportal.org</electronicMailAddress><onlineUrl>https://www.mycoportal.org/portal/index.php</onlineUrl>            </creator>
            <metadataProvider>
<organizationName>MyCoPortal</organizationName><electronicMailAddress>help@mycoportal.org</electronicMailAddress><onlineUrl>https://www.mycoportal.org/portal/index.php</onlineUrl>            </metadataProvider>
            <associatedParty>
            <individualName>
<givenName>Kathie</givenName>                    <surName>Hodge</surName>
            </individualName>
<positionName>Director of the Fungarium</positionName><electronicMailAddress>cup-herbarium@cornell.edu</electronicMailAddress>            <userId directory="https://orcid.org/">0000-0003-3009-8435</userId>
            <role>CONTENT_PROVIDER</role>
            </associatedParty>
            <associatedParty>
            <individualName>
<givenName>Teresa</givenName>                    <surName>Iturriaga</surName>
            </individualName>
<positionName>Collection Manager</positionName><electronicMailAddress>cup-herbarium@cornell.edu</electronicMailAddress>            <userId directory="https://orcid.org/">0000-0003-1958-9866</userId>
            <role>CONTENT_PROVIDER</role>
            </associatedParty>
            <pubDate>
                2023-05-11
            </pubDate>
        <language>ENGLISH</language>
            <abstract>
                    <para>The Cornell Plant Pathology Herbarium (CUP) is a large research collection of preserved fungi and other organisms that cause plant diseases. CUP is the fourth largest mycological herbarium in North America. We hold about 400,000 fungus and plant disease specimens, including over 8000 type specimens. Our main geographic strength is northeastern North America, but we also hold important collections from the tropics including the Caribbean, Mexico, South America, Southeast Asia and Macaronesia. Our collections include many rare fungal exsiccati as well as many authors&amp;#39; herbaria (Atkinson, Durand, Fairman, Gremmen, Honey, Korf, Stewart, Welch). The CUP Photograph Collection supplements our specimens and comprises roughly 60,000 historical, scientific photographs of mushrooms, agricultural practices, plant diseases, and portraits of scientists.</para>
            </abstract>
            <intellectualRights>
                    <para>To the extent possible under law, the publisher has waived all rights to these data and has dedicated them to the <ulink url="http://creativecommons.org/publicdomain/zero/1.0/legalcode"><citetitle>Public Domain (CC0 1.0)</citetitle></ulink>. Users may copy, modify, distribute and use the work, including for commercial purposes, without restriction.</para>
            </intellectualRights>
            <contact>
<organizationName>Cornell University Plant Pathology Herbarium</organizationName><phone>607-255-2777</phone><electronicMailAddress>cup-herbarium@cornell.edu</electronicMailAddress><onlineUrl>http://www.plantpath.cornell.edu/CUPpages/</onlineUrl>            <userId directory="https://orcid.org/">0000-0003-3009-8435</userId>
            </contact>

    </dataset>

    <additionalMetadata>
        <metadata>
            <gbif>
                <dateStamp>2023-07-05T19:31:20Z</dateStamp>
                <citation>Cornell Plant Pathology Herbarium (CUP) (2023). Cornell University Plant Pathology Herbarium. Occurrence dataset https://doi.org/10.15468/xzn5g5 accessed via GBIF.org on 2023-07-05.</citation>
            </gbif>
        </metadata>
    </additionalMetadata>

</eml:eml>
