<?xml version="1.0" encoding="utf-8"?>
<eml:eml xmlns:eml="eml://ecoinformatics.org/eml-2.1.1" xmlns:xsi="http://www.w3.org/2001/XMLSchema-instance"
         xsi:schemaLocation="eml://ecoinformatics.org/eml-2.1.1 http://rs.gbif.org/schema/eml-gbif-profile/1.2/eml.xsd"
packageId="68b0af1b-dead-4d3c-b368-bf6de7c9c0de"  system="http://gbif.org" scope="system"
xml:lang="en">

    <dataset>
            <alternateIdentifier>10.15468/jn9x8x</alternateIdentifier>
                <alternateIdentifier>https://sernecportal.org/portal/collections/misc/collprofiles.php?collid=221</alternateIdentifier>
        <title>University of Southern Mississippi Herbarium</title>
            <creator>
<organizationName>SERNEC</organizationName><electronicMailAddress>hbrown@mailbox.sc.edu</electronicMailAddress><onlineUrl>https://sernecportal.org/portal/index.php</onlineUrl>            </creator>
            <metadataProvider>
<organizationName>SERNEC</organizationName><electronicMailAddress>hbrown@mailbox.sc.edu</electronicMailAddress><onlineUrl>https://sernecportal.org/portal/index.php</onlineUrl>            </metadataProvider>
            <associatedParty>
            <individualName>
<givenName>Mac</givenName>                    <surName>Alford</surName>
            </individualName>
<positionName>Curator</positionName><electronicMailAddress>mac.alford@usm.edu</electronicMailAddress>            <userId directory="https://orcid.org/">0000-0002-3448-9735</userId>
            <role>CONTENT_PROVIDER</role>
            </associatedParty>
            <pubDate>
                2023-06-19
            </pubDate>
        <language>ENGLISH</language>
            <abstract>
                    <para>Founded in 1964, the University of Southern Mississippi Herbarium specializes in vascular plants of Mississippi and the southeastern U.S., with a particular emphasis on aquatic and wetland plants.</para>
            </abstract>
            <intellectualRights>
                    <para>This work is licensed under a <ulink url="http://creativecommons.org/licenses/by-nc/4.0/legalcode"><citetitle>Creative Commons Attribution Non Commercial (CC-BY-NC) 4.0 License</citetitle></ulink>.</para>
            </intellectualRights>
            <contact>
<organizationName>University of Southern Mississippi Herbarium</organizationName><phone>601/ 266-4748</phone><electronicMailAddress>mac.alford@usm.edu</electronicMailAddress><onlineUrl>https://www.usm.edu/biological-environmental-earth-sciences/herbarium.php</onlineUrl>            <userId directory="https://orcid.org/">0000-0002-3448-9735</userId>
            </contact>

    </dataset>

    <additionalMetadata>
        <metadata>
            <gbif>
                <dateStamp>2023-07-05T19:31:16Z</dateStamp>
                <citation>University of Southern Mississippi Herbarium (USMS) (2023). University of Southern Mississippi Herbarium. Occurrence dataset https://doi.org/10.15468/jn9x8x accessed via GBIF.org on 2023-07-05.</citation>
            </gbif>
        </metadata>
    </additionalMetadata>

</eml:eml>
