<?xml version="1.0" encoding="utf-8"?>
<eml:eml xmlns:eml="eml://ecoinformatics.org/eml-2.1.1" xmlns:xsi="http://www.w3.org/2001/XMLSchema-instance"
         xsi:schemaLocation="eml://ecoinformatics.org/eml-2.1.1 http://rs.gbif.org/schema/eml-gbif-profile/1.2/eml.xsd"
packageId="75087cdc-9dbf-4e7f-bcf7-1ffd434a7b8d"  system="http://gbif.org" scope="system"
xml:lang="es">

    <dataset>
            <alternateIdentifier>10.15472/jhp72q</alternateIdentifier>
                <alternateIdentifier>https://ipt.biodiversidad.co/iavh/resource?r=plantae_kew_2022-1</alternateIdentifier>
        <title>Pastos y plantas asociadas a servicios ecosistémicos en los páramos de Boyacá</title>
            <creator>
            <individualName>
                    <surName>Instituto de Investigación de Recursos Biológicos Alexander von Humboldt</surName>
            </individualName>
<organizationName>Instituto de Investigación de Recursos Biológicos Alexander von Humboldt</organizationName>            <address>
<deliveryPoint>Avenida paseo Bolívar # 16-20</deliveryPoint><city>Bogotá, D.C.</city><administrativeArea>Bogotá, D.C.</administrativeArea><country>COLOMBIA</country>            </address>
<phone>3202767</phone><onlineUrl>http://www.humboldt.org.co</onlineUrl>            </creator>
            <metadataProvider>
            <individualName>
                    <surName>Instituto de Investigación de Recursos Biológicos Alexander von Humboldt</surName>
            </individualName>
<organizationName>Instituto de Investigación de Recursos Biológicos Alexander von Humboldt</organizationName>            <address>
<deliveryPoint>Avenida Paseo Bolívar # 16-20</deliveryPoint><city>Bogotá, D.C.</city><administrativeArea>Bogotá, D.C.</administrativeArea><country>COLOMBIA</country>            </address>
<phone>3202767</phone><onlineUrl>https://www.humboldt.org.co/es/</onlineUrl>            </metadataProvider>
            <associatedParty>
            <individualName>
                    <surName>Infraestructura Institucional de Datos</surName>
            </individualName>
<organizationName>Instituto de Investigación de Recursos Biológicos Alexander von Humboldt</organizationName>            <address>
<deliveryPoint>Avenida Paseo Bolívar # 16-20</deliveryPoint><city>Bogotá, D.C.</city><administrativeArea>Bogotá, D.C.</administrativeArea><country>COLOMBIA</country>            </address>
<phone>3202767</phone><electronicMailAddress>i2d@humboldt.org.co</electronicMailAddress><onlineUrl>http://www.humboldt.org.co</onlineUrl>            <role>CUSTODIAN_STEWARD</role>
            </associatedParty>
            <associatedParty>
            <individualName>
<givenName>Mauricio</givenName>                    <surName>Diazgranados</surName>
            </individualName>
<organizationName>Real Jardín Botánico de Kew</organizationName><positionName>Investigador</positionName>            <address>
<deliveryPoint>Ardingly, West Sussex  RH17 6TN</deliveryPoint><city>Londres</city><postalCode>RH17 6TN, UK</postalCode><country>UNITED_KINGDOM</country>            </address>
<phone>+44 (0) 1444 894 172</phone><electronicMailAddress>M.Diazgranados@kew.org</electronicMailAddress><onlineUrl>https://www.kew.org/science/our-science/people/mauricio-diazgranados-cadelo</onlineUrl>            <role>PRINCIPAL_INVESTIGATOR</role>
            </associatedParty>
            <associatedParty>
            <individualName>
<givenName>Steven</givenName>                    <surName>Sylvester</surName>
            </individualName>
<organizationName>Real Jardín Botánico de Kew</organizationName><positionName>Investigador</positionName>            <address>
<city>Londres</city><country>UNITED_KINGDOM</country>            </address>
            <role>PRINCIPAL_INVESTIGATOR</role>
            </associatedParty>
            <associatedParty>
            <individualName>
<givenName>Maria</givenName>                    <surName>Vorontsova</surName>
            </individualName>
<organizationName>Real Jardín Botánico de Kew</organizationName><positionName>Investigadora</positionName>            <address>
<city>Londres</city><country>UNITED_KINGDOM</country>            </address>
<electronicMailAddress>m.vorontsova@kew.org</electronicMailAddress>            <role>PRINCIPAL_INVESTIGATOR</role>
            </associatedParty>
            <associatedParty>
            <individualName>
<givenName>Ángela Astrid</givenName>                    <surName>Sánchez Galán</surName>
            </individualName>
<organizationName>Instituto de Investigación de Recursos Biológicos Alexander von Humboldt</organizationName><positionName>Contratista</positionName>            <address>
<deliveryPoint>Avenida Paseo Bolívar # 16-20</deliveryPoint><city>Bogotá, D.C.</city><administrativeArea>Bogotá, D.C.</administrativeArea><country>COLOMBIA</country>            </address>
<phone>3202767</phone><electronicMailAddress>aa.sanchez364@gmail.com</electronicMailAddress>            <role>PROCESSOR</role>
            </associatedParty>
            <pubDate>
                2022-05-13
            </pubDate>
        <language>SPANISH</language>
            <abstract>
                    <para>Este recurso contiene información de 606 muestras colectadas bajo los proyectos “Páramo grasslands and grasses” y “Boyacá’s páramo plants for life” realizados en los años 2017-2018 y que hicieron parte de las Expediciones Boyacá Bio. En ellas participaron investigadores del Jardín Botánico de Kew e investigadores del Instituto Humboldt. Estos proyectos tuvieron como objetivo ampliar el conocimiento de la diversidad de plantas de los páramos y sus funciones ecosistémicas, y con ellos generar conocimiento que ayude a los tomadores de decisiones en el desarrollo de acciones concretas que promuevan la conservación de los páramos de Boyacá.</para>
            </abstract>
                <keywordSet>
                        <keyword>Colombia Bio</keyword>
                        <keyword>Quinchas</keyword>
                        <keyword>Boyacá</keyword>
                        <keyword>IAvH</keyword>
                        <keyword>Poaceae</keyword>
                        <keyword>registro biológico</keyword>
                        <keyword>conservación</keyword>
                        <keyword>exicado</keyword>
                        <keyword>Chiscas</keyword>
                        <keyword>plantas</keyword>
                        <keyword>páramo</keyword>
                        <keyword>gramíneas</keyword>
                        <keyword>La Rusia</keyword>
                        <keyword>espécimen</keyword>
                        <keyword>Ocetá</keyword>
                        <keyword>Santander</keyword>
                        <keyword>KEW</keyword>
                        <keyword>pastos</keyword>
                        <keywordThesaurus>N/A</keywordThesaurus>
                </keywordSet>
                <keywordSet>
                        <keyword>Specimen</keyword>
                        <keywordThesaurus>GBIF Dataset Subtype Vocabulary: http://rs.gbif.org/vocabulary/gbif/dataset_subtype.xml</keywordThesaurus>
                </keywordSet>
                <keywordSet>
                        <keyword>Occurrence</keyword>
                        <keywordThesaurus>GBIF Dataset Type Vocabulary: http://rs.gbif.org/vocabulary/gbif/dataset_type.xml</keywordThesaurus>
                </keywordSet>
                <keywordSet>
                        <keyword>Occurrence</keyword>
                        <keywordThesaurus>GBIF Dataset Type Vocabulary: http://rs.gbif.org/vocabulary/gbif/dataset_type_2015-07-10.xml</keywordThesaurus>
                </keywordSet>
            <intellectualRights>
                    <para>This work is licensed under a <ulink url="http://creativecommons.org/licenses/by-nc/4.0/legalcode"><citetitle>Creative Commons Attribution Non Commercial (CC-BY-NC) 4.0 License</citetitle></ulink>.</para>
            </intellectualRights>
            <distribution scope="document">
                <online>
                    <url function="information">http://ipt.biodiversidad.co/iavh/resource.do?r=plantae_kew_2022-1</url>
                </online>
            </distribution>
            <coverage>
                    <geographicCoverage>
                            <geographicDescription>Localidades en los departamentos de Boyacá y Santander: Páramo de La Rusia, Páramo Las Chiscas, Páramo de Guina, Parque Natural Regional Siscunsí-Ocetá, Tipacoque, Parque Natural Regional El valle.</geographicDescription>
                            <boundingCoordinates>
                                <westBoundingCoordinate>-74.31</westBoundingCoordinate>
                                <eastBoundingCoordinate>-72.35</eastBoundingCoordinate>
                                <northBoundingCoordinate>6.63</northBoundingCoordinate>
                                <southBoundingCoordinate>4.55</southBoundingCoordinate>
                            </boundingCoordinates>
                    </geographicCoverage>
                    <temporalCoverage>
                            <rangeOfDates>
                                <beginDate>
                                    <calendarDate>                2017-10-01
</calendarDate>
                                </beginDate>
                                <endDate>
                                    <calendarDate>                2018-05-25
</calendarDate>
                                </endDate>
                            </rangeOfDates>
                    </temporalCoverage>
                        <taxonomicCoverage>
                                <generalTaxonomicCoverage>El conjunto de datos contiene 606 colecciones botánicas principalmente de especies con flores (Angiospermas), las cuales representan: 35 órdenes, 66 familias, 201 géneros. Del total especímenes recolectados, uno (1) no fue determinado, 9 solo fueron determinadas hasta familia, 64 hasta género y 532 hasta especie.</generalTaxonomicCoverage>
                                <taxonomicClassification>
                                        <taxonRankName>Family</taxonRankName>
                                    <taxonRankValue>Poaceae</taxonRankValue>
                                </taxonomicClassification>
                                <taxonomicClassification>
                                        <taxonRankName>Family</taxonRankName>
                                    <taxonRankValue>Malpighiaceae</taxonRankValue>
                                </taxonomicClassification>
                                <taxonomicClassification>
                                        <taxonRankName>Family</taxonRankName>
                                    <taxonRankValue>Acanthaceae</taxonRankValue>
                                </taxonomicClassification>
                                <taxonomicClassification>
                                        <taxonRankName>Family</taxonRankName>
                                    <taxonRankValue>Fabaceae</taxonRankValue>
                                </taxonomicClassification>
                                <taxonomicClassification>
                                        <taxonRankName>Family</taxonRankName>
                                    <taxonRankValue>Costaceae</taxonRankValue>
                                </taxonomicClassification>
                                <taxonomicClassification>
                                        <taxonRankName>Family</taxonRankName>
                                    <taxonRankValue>Cyclanthaceae</taxonRankValue>
                                </taxonomicClassification>
                                <taxonomicClassification>
                                        <taxonRankName>Family</taxonRankName>
                                    <taxonRankValue>Asteraceae</taxonRankValue>
                                </taxonomicClassification>
                                <taxonomicClassification>
                                        <taxonRankName>Family</taxonRankName>
                                    <taxonRankValue>Clusiaceae</taxonRankValue>
                                </taxonomicClassification>
                                <taxonomicClassification>
                                        <taxonRankName>Family</taxonRankName>
                                    <taxonRankValue>Gesneriaceae</taxonRankValue>
                                </taxonomicClassification>
                                <taxonomicClassification>
                                        <taxonRankName>Family</taxonRankName>
                                    <taxonRankValue>Ericaceae</taxonRankValue>
                                </taxonomicClassification>
                                <taxonomicClassification>
                                        <taxonRankName>Family</taxonRankName>
                                    <taxonRankValue>Sapindaceae</taxonRankValue>
                                </taxonomicClassification>
                                <taxonomicClassification>
                                        <taxonRankName>Family</taxonRankName>
                                    <taxonRankValue>Heliconiaceae</taxonRankValue>
                                </taxonomicClassification>
                                <taxonomicClassification>
                                        <taxonRankName>Family</taxonRankName>
                                    <taxonRankValue>Arecaceae</taxonRankValue>
                                </taxonomicClassification>
                                <taxonomicClassification>
                                        <taxonRankName>Family</taxonRankName>
                                    <taxonRankValue>Primulaceae</taxonRankValue>
                                </taxonomicClassification>
                                <taxonomicClassification>
                                        <taxonRankName>Family</taxonRankName>
                                    <taxonRankValue>Melastomataceae</taxonRankValue>
                                </taxonomicClassification>
                                <taxonomicClassification>
                                        <taxonRankName>Family</taxonRankName>
                                    <taxonRankValue>Rubiaceae</taxonRankValue>
                                </taxonomicClassification>
                                <taxonomicClassification>
                                        <taxonRankName>Family</taxonRankName>
                                    <taxonRankValue>Piperaceae</taxonRankValue>
                                </taxonomicClassification>
                                <taxonomicClassification>
                                        <taxonRankName>Family</taxonRankName>
                                    <taxonRankValue>Solanaceae</taxonRankValue>
                                </taxonomicClassification>
                                <taxonomicClassification>
                                        <taxonRankName>Family</taxonRankName>
                                    <taxonRankValue>Ochnaceae</taxonRankValue>
                                </taxonomicClassification>
                                <taxonomicClassification>
                                        <taxonRankName>Family</taxonRankName>
                                    <taxonRankValue>Plantaginaceae</taxonRankValue>
                                </taxonomicClassification>
                                <taxonomicClassification>
                                        <taxonRankName>Family</taxonRankName>
                                    <taxonRankValue>Caprifoliaceae</taxonRankValue>
                                </taxonomicClassification>
                                <taxonomicClassification>
                                        <taxonRankName>Family</taxonRankName>
                                    <taxonRankValue>Rosaceae</taxonRankValue>
                                </taxonomicClassification>
                                <taxonomicClassification>
                                        <taxonRankName>Family</taxonRankName>
                                    <taxonRankValue>Hypericaceae</taxonRankValue>
                                </taxonomicClassification>
                                <taxonomicClassification>
                                        <taxonRankName>Family</taxonRankName>
                                    <taxonRankValue>Berberidaceae</taxonRankValue>
                                </taxonomicClassification>
                                <taxonomicClassification>
                                        <taxonRankName>Family</taxonRankName>
                                    <taxonRankValue>Orchidaceae</taxonRankValue>
                                </taxonomicClassification>
                                <taxonomicClassification>
                                        <taxonRankName>Family</taxonRankName>
                                    <taxonRankValue>Urticaceae</taxonRankValue>
                                </taxonomicClassification>
                                <taxonomicClassification>
                                        <taxonRankName>Family</taxonRankName>
                                    <taxonRankValue>Lycopodiaceae</taxonRankValue>
                                </taxonomicClassification>
                                <taxonomicClassification>
                                        <taxonRankName>Family</taxonRankName>
                                    <taxonRankValue>Pteridaceae</taxonRankValue>
                                </taxonomicClassification>
                                <taxonomicClassification>
                                        <taxonRankName>Family</taxonRankName>
                                    <taxonRankValue>Euphorbiaceae</taxonRankValue>
                                </taxonomicClassification>
                                <taxonomicClassification>
                                        <taxonRankName>Family</taxonRankName>
                                    <taxonRankValue>Annonaceae</taxonRankValue>
                                </taxonomicClassification>
                                <taxonomicClassification>
                                        <taxonRankName>Family</taxonRankName>
                                    <taxonRankValue>Marantaceae</taxonRankValue>
                                </taxonomicClassification>
                                <taxonomicClassification>
                                        <taxonRankName>Family</taxonRankName>
                                    <taxonRankValue>Caricaceae</taxonRankValue>
                                </taxonomicClassification>
                                <taxonomicClassification>
                                        <taxonRankName>Family</taxonRankName>
                                    <taxonRankValue>Cucurbitaceae</taxonRankValue>
                                </taxonomicClassification>
                                <taxonomicClassification>
                                        <taxonRankName>Family</taxonRankName>
                                    <taxonRankValue>Phyllanthaceae</taxonRankValue>
                                </taxonomicClassification>
                                <taxonomicClassification>
                                        <taxonRankName>Family</taxonRankName>
                                    <taxonRankValue>Araliaceae</taxonRankValue>
                                </taxonomicClassification>
                                <taxonomicClassification>
                                        <taxonRankName>Family</taxonRankName>
                                    <taxonRankValue>Dioscoreaceae</taxonRankValue>
                                </taxonomicClassification>
                                <taxonomicClassification>
                                        <taxonRankName>Family</taxonRankName>
                                    <taxonRankValue>Alzateaceae</taxonRankValue>
                                </taxonomicClassification>
                                <taxonomicClassification>
                                        <taxonRankName>Family</taxonRankName>
                                    <taxonRankValue>Myristicaceae</taxonRankValue>
                                </taxonomicClassification>
                                <taxonomicClassification>
                                        <taxonRankName>Family</taxonRankName>
                                    <taxonRankValue>Convolvulaceae</taxonRankValue>
                                </taxonomicClassification>
                                <taxonomicClassification>
                                        <taxonRankName>Family</taxonRankName>
                                    <taxonRankValue>Isoetaceae</taxonRankValue>
                                </taxonomicClassification>
                                <taxonomicClassification>
                                        <taxonRankName>Family</taxonRankName>
                                    <taxonRankValue>Juncaginaceae</taxonRankValue>
                                </taxonomicClassification>
                                <taxonomicClassification>
                                        <taxonRankName>Family</taxonRankName>
                                    <taxonRankValue>Crassulaceae</taxonRankValue>
                                </taxonomicClassification>
                                <taxonomicClassification>
                                        <taxonRankName>Family</taxonRankName>
                                    <taxonRankValue>Grossulariaceae</taxonRankValue>
                                </taxonomicClassification>
                                <taxonomicClassification>
                                        <taxonRankName>Family</taxonRankName>
                                    <taxonRankValue>Gentianaceae</taxonRankValue>
                                </taxonomicClassification>
                                <taxonomicClassification>
                                        <taxonRankName>Family</taxonRankName>
                                    <taxonRankValue>Calceolariaceae</taxonRankValue>
                                </taxonomicClassification>
                                <taxonomicClassification>
                                        <taxonRankName>Family</taxonRankName>
                                    <taxonRankValue>Adoxaceae</taxonRankValue>
                                </taxonomicClassification>
                                <taxonomicClassification>
                                        <taxonRankName>Family</taxonRankName>
                                    <taxonRankValue>Columelliaceae</taxonRankValue>
                                </taxonomicClassification>
                                <taxonomicClassification>
                                        <taxonRankName>Family</taxonRankName>
                                    <taxonRankValue>Tofieldiaceae</taxonRankValue>
                                </taxonomicClassification>
                                <taxonomicClassification>
                                        <taxonRankName>Family</taxonRankName>
                                    <taxonRankValue>Lamiaceae</taxonRankValue>
                                </taxonomicClassification>
                                <taxonomicClassification>
                                        <taxonRankName>Family</taxonRankName>
                                    <taxonRankValue>Ranunculaceae</taxonRankValue>
                                </taxonomicClassification>
                                <taxonomicClassification>
                                        <taxonRankName>Family</taxonRankName>
                                    <taxonRankValue>Juncaceae</taxonRankValue>
                                </taxonomicClassification>
                                <taxonomicClassification>
                                        <taxonRankName>Family</taxonRankName>
                                    <taxonRankValue>Dryopteridaceae</taxonRankValue>
                                </taxonomicClassification>
                                <taxonomicClassification>
                                        <taxonRankName>Family</taxonRankName>
                                    <taxonRankValue>Polygonaceae</taxonRankValue>
                                </taxonomicClassification>
                                <taxonomicClassification>
                                        <taxonRankName>Family</taxonRankName>
                                    <taxonRankValue>Eriocaulaceae</taxonRankValue>
                                </taxonomicClassification>
                                <taxonomicClassification>
                                        <taxonRankName>Family</taxonRankName>
                                    <taxonRankValue>Cunoniaceae</taxonRankValue>
                                </taxonomicClassification>
                                <taxonomicClassification>
                                        <taxonRankName>Family</taxonRankName>
                                    <taxonRankValue>Smilacaceae</taxonRankValue>
                                </taxonomicClassification>
                                <taxonomicClassification>
                                        <taxonRankName>Family</taxonRankName>
                                    <taxonRankValue>Orobanchaceae</taxonRankValue>
                                </taxonomicClassification>
                                <taxonomicClassification>
                                        <taxonRankName>Family</taxonRankName>
                                    <taxonRankValue>Geraniaceae</taxonRankValue>
                                </taxonomicClassification>
                                <taxonomicClassification>
                                        <taxonRankName>Family</taxonRankName>
                                    <taxonRankValue>Xyridaceae</taxonRankValue>
                                </taxonomicClassification>
                                <taxonomicClassification>
                                        <taxonRankName>Family</taxonRankName>
                                    <taxonRankValue>Apiaceae</taxonRankValue>
                                </taxonomicClassification>
                                <taxonomicClassification>
                                        <taxonRankName>Family</taxonRankName>
                                    <taxonRankValue>Santalaceae</taxonRankValue>
                                </taxonomicClassification>
                                <taxonomicClassification>
                                        <taxonRankName>Family</taxonRankName>
                                    <taxonRankValue>Campanulaceae</taxonRankValue>
                                </taxonomicClassification>
                                <taxonomicClassification>
                                        <taxonRankName>Family</taxonRankName>
                                    <taxonRankValue>Scrophulariaceae</taxonRankValue>
                                </taxonomicClassification>
                                <taxonomicClassification>
                                        <taxonRankName>Family</taxonRankName>
                                    <taxonRankValue>Cyperaceae</taxonRankValue>
                                </taxonomicClassification>
                                <taxonomicClassification>
                                        <taxonRankName>Family</taxonRankName>
                                    <taxonRankValue>Peltigeraceae</taxonRankValue>
                                </taxonomicClassification>
                                <taxonomicClassification>
                                        <taxonRankName>Family</taxonRankName>
                                    <taxonRankValue>Lobariaceae</taxonRankValue>
                                </taxonomicClassification>
                        </taxonomicCoverage>
            </coverage>
            <purpose>
                <para>Registrar un conjunto datos en formato Darwin Core de plantas de páramo del departamento de Boyacá, con el fin de ampliar el conocimiento de la diversidad de plantas de los páramos y sus funciones ecosistémicas.</para>
            </purpose>
            <maintenance>
                <description>
                    <para></para>
                </description>
                <maintenanceUpdateFrequency>unkown</maintenanceUpdateFrequency>
            </maintenance>
            <contact>
            <individualName>
<givenName>Carolina</givenName>                    <surName>Castellanos Castro</surName>
            </individualName>
<organizationName>Instituto de Investigación de Recursos Biológicos Alexander von Humboldt</organizationName><positionName>Investigadora</positionName>            <address>
<deliveryPoint>Avenida Paseo Bolívar # 16-20</deliveryPoint><city>Bogotá, D.C.</city><administrativeArea>Bogotá, D.C.</administrativeArea><country>COLOMBIA</country>            </address>
<phone>3202767</phone><electronicMailAddress>ccastellanos@humboldt.org.co</electronicMailAddress><onlineUrl>http://www.humboldt.org.co</onlineUrl>            </contact>
            <contact>
            <individualName>
<givenName>Monica Andrea</givenName>                    <surName>Florez Pulido</surName>
            </individualName>
<organizationName>Instituto de Investigación de Recursos Biológicos Alexander von Humboldt</organizationName><positionName>Investigadora</positionName>            <address>
<deliveryPoint>Carrera 8 # 15-08</deliveryPoint><city>Villa de Leyva</city><administrativeArea>Boyacá</administrativeArea><country>COLOMBIA</country>            </address>
<phone>3202767</phone><electronicMailAddress>mflorez@humboldt.org.co</electronicMailAddress><onlineUrl>http://www.humboldt.org.co</onlineUrl>            </contact>
            <methods>
                    <methodStep>
                        <description>
                            <para>Para cada número de colecta se tomaron en campo los datos necesarios (información del individuo, información del ambiente e información geográfica) 2. Se herborizaron usando prensas de cartón absorbente y láminas corrugadas para su posterior secado. 3. Se etiquetaron y organizaron en el Herbario FMB.</para>
                        </description>
                    </methodStep>
                    <sampling>
                        <studyExtent>
                            <description>
                                <para>Localidades en los páramos de los departamentos de Boyacá y Santander: Páramo de La Rusia, Parque Natural Regional el Valle, Páramo Las Chiscas, Páramo de Güina, Parque Natural Regional Siscunsí-Ocetá, Tipacoque, El Carmen de Chucurí.</para>
                            </description>
                        </studyExtent>
                        <samplingDescription>
                            <para>Se utilizaron técnicas estándares de herborización para la colecta de plantas en estado fértil (flores o frutos). Se realizaron muestreos libres buscando especímenes que cumplieran con los criterios de colecta establecidos. Se tomaron al menos 2 duplicados por colecta.</para>
                        </samplingDescription>
                    </sampling>
                    <qualityControl>
                        <description>
                            <para>En campo se realizó la determinación taxonómica a familia o género si era posible, una vez el material fue procesado se continuó con la determinación en el Herbario FMB hasta lograr la menor categoría taxonómica posible.</para>
                        </description>
                    </qualityControl>
            </methods>

            <project >
                <title>Proyectos Kew en el Departamento de Boyacá “Páramo grasslands and grasses” y “Boyacá’s páramo plants for life”</title>
                    <personnel>
            <individualName>
<givenName>Mauricio</givenName>                    <surName>Diazgranados</surName>
            </individualName>
            <role>PRINCIPAL_INVESTIGATOR</role>
                    </personnel>
                <abstract>
                    <para></para>
                </abstract>
                <funding>
                    <para>Departamento de Negocios, Energía y Estrategia Industrial del Reino Unido - British Council
Convenio Marco No. 17-178 entre el Instituto Humboldt y  el real Jardín Botánico de KEW
Los datos se incluyen bajo la contratación No. 21-20-010-356PS entre el Instituto y 
Ángela Sánchez Galán</para>
                </funding>
                    <studyAreaDescription>
                        <descriptor name="generic" citableClassificationSystem="false">
                            <descriptorValue>Páramos priorizados: Páramo de La Rusia, Parque Natural Regional el Valle, Páramo Las Chiscas, Páramo de Güina, Parque Natural Regional Siscunsí-Ocetá, Tipacoque, El Carmen de Chucurí.</descriptorValue>
                        </descriptor>
                    </studyAreaDescription>
                    <designDescription>
                        <description>
                            <para>Los proyectos Boyacá-Bio “Páramo grasslands and grasses” y “Boyacá’s páramo plants for life” son dos de los seis proyectos implementados por el Instituto Humboldt y el Jardín Botánico de Kew como parte del programa Colombia Bio de Kew, el cual recibió soporte del Departamento de Negocios, Energía y Estrategia Industrial del Reino Unido - British Council. Los páramos fueron priorizados para su exploración por el Instituto Humboldt, el Real Jardín Botánico de Kew y la Gobernación de Boyacá.</para>
                        </description>
                    </designDescription>
            </project>
    </dataset>

    <additionalMetadata>
        <metadata>
            <gbif>
                <dateStamp>2023-07-05T19:30:45Z</dateStamp>
                <citation identifier="https://doi.org/10.15472/jhp72q">Instituto de Investigación de Recursos Biológicos Alexander von Humboldt (2022). Pastos y plantas asociadas a servicios ecosistémicos en los páramos de Boyacá. Instituto de Investigación de Recursos Biológicos Alexander von Humboldt. Occurrence dataset https://doi.org/10.15472/jhp72q accessed via GBIF.org on 2023-07-05.</citation>
                    <physical>
                        <objectName>Pastos y plantas asociadas a servicios ecosistémicos en los páramos de Boyacá</objectName>
                        <characterEncoding>utf-8</characterEncoding>
                        <dataFormat>
                            <externallyDefinedFormat>
                                <formatName>txt</formatName>
                            </externallyDefinedFormat>
                        </dataFormat>
                        <distribution>
                            <online>
                                <url function="download">http://i2d.humboldt.org.co/ceiba/resource.do?r=plantae_kew_2022-1</url>
                            </online>
                        </distribution>
                    </physical>
                    <resourceLogoUrl>https://statics.sibcolombia.net/sib-resources/images/logos-socios/500px/iavh.jpg</resourceLogoUrl>
                        <collection>
                            <parentCollectionIdentifier>No aplica</parentCollectionIdentifier>
                            <collectionIdentifier>FMB, K</collectionIdentifier>
                            <collectionName>Herbario Federico Meden Bogotá del Instituto de Investigación de Recursos Biológicos Alexander von Humboldt, Herbario del Real Jardín Botánico de Kew</collectionName>
                        </collection>
                        <specimenPreservationMethod>DRIED_AND_PRESSED</specimenPreservationMethod>
            </gbif>
        </metadata>
    </additionalMetadata>

</eml:eml>
