<?xml version="1.0" encoding="utf-8"?>
<eml:eml xmlns:eml="eml://ecoinformatics.org/eml-2.1.1" xmlns:xsi="http://www.w3.org/2001/XMLSchema-instance"
         xsi:schemaLocation="eml://ecoinformatics.org/eml-2.1.1 http://rs.gbif.org/schema/eml-gbif-profile/1.2/eml.xsd"
packageId="7afb26e9-aad6-47cb-a5bf-de49dc7597a4"  system="http://gbif.org" scope="system"
xml:lang="en">

    <dataset>
            <alternateIdentifier>10.15468/hoafrr</alternateIdentifier>
                <alternateIdentifier>7afb26e9-aad6-47cb-a5bf-de49dc7597a4</alternateIdentifier>
                <alternateIdentifier>https://depo.msu.ru/ipt/resource?r=vladimir</alternateIdentifier>
        <title>Flora of Vladimir Oblast, Russia: an updated grid dataset (1867–2020)</title>
            <creator>
            <individualName>
<givenName>Alexey P.</givenName>                    <surName>Seregin</surName>
            </individualName>
<organizationName>Moscow State University</organizationName><positionName>Leading Researcher &amp; Herbarium Curator</positionName>            <address>
<deliveryPoint>Leninskie Gory 1</deliveryPoint><city>Moscow</city><postalCode>119234</postalCode><country>RUSSIAN_FEDERATION</country>            </address>
<phone>+7 (926) 369-9935</phone><electronicMailAddress>botanik.seregin@gmail.com</electronicMailAddress><onlineUrl>https://www.researchgate.net/profile/Alexey_Seregin2</onlineUrl>            <userId directory="http://scholar.google.com/citations?user=">34fmTxcAAAAJ</userId>
            </creator>
            <metadataProvider>
            <individualName>
<givenName>Alexey P.</givenName>                    <surName>Seregin</surName>
            </individualName>
<organizationName>Moscow State University</organizationName><positionName>Leading Researcher &amp; Herbarium Curator</positionName>            <address>
<deliveryPoint>Leninskie Gory 1</deliveryPoint><city>Moscow</city><postalCode>119234</postalCode><country>RUSSIAN_FEDERATION</country>            </address>
<phone>+7 (926) 369-9935</phone><electronicMailAddress>botanik.seregin@gmail.com</electronicMailAddress><onlineUrl>https://www.researchgate.net/profile/Alexey_Seregin2</onlineUrl>            <userId directory="http://scholar.google.com/citations?user=">34fmTxcAAAAJ</userId>
            </metadataProvider>
            <associatedParty>
            <individualName>
<givenName>Alexey P.</givenName>                    <surName>Seregin</surName>
            </individualName>
<organizationName>Moscow State University</organizationName><positionName>Leading Researcher &amp; Herbarium Curator</positionName>            <address>
<deliveryPoint>Leninskie Gory 1</deliveryPoint><city>Moscow</city><postalCode>119234</postalCode>            </address>
<phone>+7 (926) 369-9935</phone><electronicMailAddress>botanik.seregin@gmail.com</electronicMailAddress><onlineUrl>https://www.researchgate.net/profile/Alexey_Seregin2</onlineUrl>            <userId directory="http://scholar.google.com/citations?user=">34fmTxcAAAAJ</userId>
            <role>USER</role>
            </associatedParty>
            <pubDate>
                2021-04-29
            </pubDate>
        <language>ENGLISH</language>
            <abstract>
                    <para>A dataset contains 130,054 unique occurrences of 1,465 vascular plant taxa (species, hybrids, aggregates) from Vladimir Oblast (Russia) and tiny parts of adjacent areas. They are largely based on field studies by Alexey P. Seregin performed in 1999–2020 (121,737 records) as well as on data extracted from relevant literature, manuscripts, herbarium collections, and citizen science projects (8,317 records). The most important collections from Vladimir Oblast are deposited in the Moscow University herbarium (MW), the Komarov Institute herbarium in St. Petersburg (LE), and Murom Art Museum.</para>
                    <para>Georeferences are based on WGS84 grid scheme with 342 squares ranging from 94.7 to 98.2 square km (5.0 minutes lat. × 10.0 minutes long.). Dataset contains only one occurrence per species per grid square, thereby earlier records are not duplicated if they were confirmed recently. Each occurrence is placed in the grid square centroid, therefore real coordinates, habitat details and voucher information are unavailable.</para>
                    <para>The dataset was used to produce grid maps in the “Flora of Vladimir Oblast: checklist and atlas” (Seregin et al. 2012). Additional records resulted from field excursions of 2012 and 2013 were fully covered in “Flora of Vladimir Oblast: grid data analysis” (Seregin 2014), the second monograph of the series – is an analytical part of the survey with quantitative diversity assessment given.</para>
                    <para>Data obtained in field in 2014-2020 as well as extracted from recently published souces, were published in April 2021. The last update added 7,000 new records.</para>
            </abstract>
                <keywordSet>
                        <keyword>vascular plants</keyword>
                        <keyword>flora</keyword>
                        <keyword>grid mapping</keyword>
                        <keyword>grid survey</keyword>
                        <keyword>Russia</keyword>
                        <keywordThesaurus>n/a</keywordThesaurus>
                </keywordSet>
                <keywordSet>
                        <keyword>Occurrence</keyword>
                        <keywordThesaurus>GBIF Dataset Type Vocabulary: http://rs.gbif.org/vocabulary/gbif/dataset_type.xml</keywordThesaurus>
                </keywordSet>
                <keywordSet>
                        <keyword>Observation</keyword>
                        <keywordThesaurus>GBIF Dataset Subtype Vocabulary: http://rs.gbif.org/vocabulary/gbif/dataset_subtype.xml</keywordThesaurus>
                </keywordSet>
            <intellectualRights>
                    <para>This work is licensed under a <ulink url="http://creativecommons.org/licenses/by/4.0/legalcode"><citetitle>Creative Commons Attribution (CC-BY) 4.0 License</citetitle></ulink>.</para>
            </intellectualRights>
            <coverage>
                    <geographicCoverage>
                            <geographicDescription>Vladimir Oblast, Russia in its administrative borders and some records from adjacent parts of the grid squares, which are only partly inside Vladimir Oblast borders.</geographicDescription>
                            <boundingCoordinates>
                                <westBoundingCoordinate>38.2</westBoundingCoordinate>
                                <eastBoundingCoordinate>43</eastBoundingCoordinate>
                                <northBoundingCoordinate>56.9</northBoundingCoordinate>
                                <southBoundingCoordinate>55</southBoundingCoordinate>
                            </boundingCoordinates>
                    </geographicCoverage>
                    <temporalCoverage>
                            <rangeOfDates>
                                <beginDate>
                                    <calendarDate>                1867-01-01
</calendarDate>
                                </beginDate>
                                <endDate>
                                    <calendarDate>                2021-01-31
</calendarDate>
                                </endDate>
                            </rangeOfDates>
                    </temporalCoverage>
                        <taxonomicCoverage>
                                <generalTaxonomicCoverage>Vascular plants: 1,478 mapped taxa, including hybrids, microspecies, and some uncertain species.</generalTaxonomicCoverage>
                                <taxonomicClassification>
                                        <taxonRankName>Phylum</taxonRankName>
                                    <taxonRankValue>Tracheophyta</taxonRankValue>
                                </taxonomicClassification>
                        </taxonomicCoverage>
            </coverage>
            <maintenance>
                <description>
                    <para></para>
                </description>
                <maintenanceUpdateFrequency>irregular</maintenanceUpdateFrequency>
            </maintenance>
            <contact>
            <individualName>
<givenName>Alexey P.</givenName>                    <surName>Seregin</surName>
            </individualName>
<organizationName>Moscow State University</organizationName><positionName>Leading Researcher &amp; Herbarium Curator</positionName>            <address>
<deliveryPoint>Leninskie Gory 1</deliveryPoint><city>Moscow</city><postalCode>119234</postalCode><country>RUSSIAN_FEDERATION</country>            </address>
<phone>+7 (926) 369-9935</phone><electronicMailAddress>botanik.seregin@gmail.com</electronicMailAddress><onlineUrl>https://www.researchgate.net/profile/Alexey_Seregin2</onlineUrl>            <userId directory="http://scholar.google.com/citations?user=">34fmTxcAAAAJ</userId>
            </contact>
            <methods>
                    <methodStep>
                        <description>
                            <para>Common practice of regular floristic grid recording. See for details: Seregin, A.P. assisted by Borovichev, E.A., Glazunova, K.P., Kokoshnikova, Y.S. and Sennikov, A.N. (2012): Flora of Vladimir Oblast, Russia: checklist and atlas. Tula. Grif i K. 620 pp. (in Russian, with English abstract) and Seregin, A.P. (2014): Flora of Vladimir Oblast, Russia: grid data analysis. Moscow. KMK Sci. Press. 441 + 56 pp. (in Russian, with English abstract).</para>
                        </description>
                    </methodStep>
                    <sampling>
                        <studyExtent>
                            <description>
                                <para>In 1999–2011, Dr. Seregin have performed grid mapping of vascular plant flora of Vladimir Oblast (Russia). This project used a grid with 339 squares (ca. 100 square km each). Nearly all grid squares were sampled once with an average recording rate 75%. “Flora of Vladimir Oblast: checklist and atlas” (Seregin et al. 2012) have summarized data on 1,371 native and alien species with ca. 118,000 occurrences on distribution maps. This was the first grid atlas published in Russia. In 2012–2013, 48 grid squares were sampled again, and distribution database contains now 123,054 records with 4,823 new records added after printing of “Flora”.</para>
                            </description>
                        </studyExtent>
                        <samplingDescription>
                            <para>Study of flora begins with the preparation of routes using satellite images. They should link known localities of rare species and areas of potential interest. Our experience suggests that exact route planning helps to avoid delays and fruitless searches. Plants that are difficult to identify in field are collected in herbarium. Previously known localities of rare species are revisited. Track is permanently controlled by GPS.</para>
                        </samplingDescription>
                    </sampling>
                    <qualityControl>
                        <description>
                            <para>During the field trip we are recording species in printed spreadsheets with 680 most widely distributed species. This helps us to record common species without occasional misses.</para>
                        </description>
                    </qualityControl>
            </methods>

            <project >
                <title>Grid mapping of Vladimir Oblast flora (Russia)</title>
                    <personnel>
            <individualName>
<givenName>Alexey P.</givenName>                    <surName>Seregin</surName>
            </individualName>
            <userId directory="http://scholar.google.com/citations?user=">34fmTxcAAAAJ</userId>
            <role>AUTHOR</role>
                    </personnel>
                    <personnel>
            <individualName>
<givenName>Alexey P.</givenName>                    <surName>Seregin</surName>
            </individualName>
            <userId directory="http://scholar.google.com/citations?user=">34fmTxcAAAAJ</userId>
            <role>EDITOR</role>
                    </personnel>
                    <personnel>
            <individualName>
<givenName>Alexey P.</givenName>                    <surName>Seregin</surName>
            </individualName>
            <userId directory="http://scholar.google.com/citations?user=">34fmTxcAAAAJ</userId>
            <role>ORIGINATOR</role>
                    </personnel>
                    <personnel>
            <individualName>
<givenName>Alexey P.</givenName>                    <surName>Seregin</surName>
            </individualName>
            <userId directory="http://scholar.google.com/citations?user=">34fmTxcAAAAJ</userId>
            <role>OWNER</role>
                    </personnel>
                    <personnel>
            <individualName>
<givenName>Alexey P.</givenName>                    <surName>Seregin</surName>
            </individualName>
            <userId directory="http://scholar.google.com/citations?user=">34fmTxcAAAAJ</userId>
            <role>POINT_OF_CONTACT</role>
                    </personnel>
                    <personnel>
            <individualName>
<givenName>Alexey P.</givenName>                    <surName>Seregin</surName>
            </individualName>
            <userId directory="http://scholar.google.com/citations?user=">34fmTxcAAAAJ</userId>
            <role>PRINCIPAL_INVESTIGATOR</role>
                    </personnel>
                    <personnel>
            <individualName>
<givenName>Alexey P.</givenName>                    <surName>Seregin</surName>
            </individualName>
            <userId directory="http://scholar.google.com/citations?user=">34fmTxcAAAAJ</userId>
            <role>PUBLISHER</role>
                    </personnel>
                    <personnel>
            <individualName>
<givenName>Alexey P.</givenName>                    <surName>Seregin</surName>
            </individualName>
            <userId directory="http://scholar.google.com/citations?user=">34fmTxcAAAAJ</userId>
            <role>CURATOR</role>
                    </personnel>
                <abstract>
                    <para>The Vladimir Oblast coordinate grid 5×10 min (ranging from 94.7 to 98.2 km2) is based on WGS84 datum. In 1999–2013, each of 337 grid squares was sampled at least once from 5 July to 15 September when the highest number of species could be observed. Grid squares with a low proportion of Oblast’s land were not studied. Topographic maps and satellite images were studied to reveal areas of potential botanical interest before the field survey. A list of the 680 most common species was used during field recording. Four hundred fifty-two species were recorded during 1 day in the most diverse grid square.
In 2013-2017, the field work was continued by the author. As of October 2017, there are 127,415 unique records in the databse (a single record for one species in one grid).</para>
                </abstract>
                <funding>
                    <para>НШ–7063.2006.4,
НШ–4243.2008.4,
2010-1.1-141-113-020,
2010-1.2.1-102-022-065,
11-04-97502-р_центр_а,
Rufford Small Grant,
14-50-00029 (РНФ).</para>
                </funding>
                    <studyAreaDescription>
                        <descriptor name="generic" citableClassificationSystem="false">
                            <descriptorValue>Vladimir Oblast is situated in the centre of East European Plain ca. 100–400 km east ofMoscow. It stretches ca. 190 km from north to south and ca. 290 km from west to east covering 29,084 km2. Mean January temperature is −8.5 °C, mean July temperature is +18.8 °C and mean annual temperature is +4.7 °C (Pogoda i klimat 2013). Mean annual precipitation is 585 mm with the highest precipitation in summer months. Continentality is more pronounced along the eastern border of Vladimir Oblast.
Wet, acid, nutrient-poor soils are peculiar for sandy alluvial and fluvioglacial lowlands. Dry, neutral, nutrientrich soil conditions dominate in agricultural Opolye region and areas along the major rivers (6). Dry, acid, nutrient-poor soils are located in axial zone of a carbonate fold covered by
fluvioglacial sand and sandy loam. Wet, neutral, nutrientrich soils cover Klin-Dmitrov Ridge, the highest upland of Vladimir Oblast reaching 271 m above sea level.
Vladimir Oblast is situated in the ecotone between boreal coniferous and temperate broadleaf forests. Distribution of forest types within the region is clearly determined by soil conditions. Both boreal coniferous forests dominated by Pinus sylvestris and Picea abies on various nutrient-poor substrata and temperate broadleaf forests with Quercus robur, Tilia cordata and Ulmus glabra on loamy eutrophic soils are the main components of original (pre-man) vegetation. Other native plant communities of Vladimir Oblast are peat bogs, xeric meadows on steep slopes and alder stands along lesser streams, as well as meadows, marshes and willow thickets on flood plains. Currently, 29.9 % of land is used for agriculture, while 55 % is covered by forests (official data).
Floristic divisions of Vladimir Oblast are based on UPGMA cluster analysis of grid data (Seregin 2014). This scheme corresponds to some extent to landscape
divisions (Gvozdetsky and Zhuchkova 1963; Seregin 1994).
Balakhna Lowland is the most distinct region with pine forests of Pyrolo–Pinetea class and Oxycocco–Sphagnetea peat bogs. Three spatially separated divisions (Meshchera Lowlands, Nerl district and Lower Oka district) have similar flora and vegetation consisted of Vaccinio–Piceetea boreal coniferous
woods and variable wetland vegetation. In contrast, Oka-Tsna Ridge with similar boreal forests has almost no species from wet habitats due to the proximity of limestone. Klin-Dmitrov Ridge has the most eutrophic conditions and is characterised by Querco–Fagetea and Galio–Urticetea classes, while in the
adjacent Opolye Querco–Fagetea woodlands are enframed by Trifolio–Geranietea sanguinei communities. Gorokhovets Ridge and Oka Plain are covered by Querco–Fagetea woods and xeric meadows with some diagnostic species of Festuco–
Brometea class. Sudogda Upland is the only region where both Querco–Fagetea and Vaccinio–Piceetea communities are equally present.</descriptorValue>
                        </descriptor>
                    </studyAreaDescription>
                    <designDescription>
                        <description>
                            <para>Common practice of regular floristic grid recording. See for details: Seregin, A.P. assisted by Borovichev, E.A., Glazunova, K.P., Kokoshnikova, Y.S. and Sennikov, A.N. (2012): Flora of Vladimir Oblast, Russia: checklist and atlas. Tula. Grif i K. 620 pp. (in Russian, with English abstract) and Seregin, A.P. (2014): Flora of Vladimir Oblast, Russia: grid data analysis. Moscow. KMK Sci. Press. 441 + 56 pp. (in Russian, with English abstract).</para>
                        </description>
                    </designDescription>
            </project>
    </dataset>

    <additionalMetadata>
        <metadata>
            <gbif>
                <dateStamp>2023-07-05T19:30:35Z</dateStamp>
                <citation>Seregin A P (2021). Flora of Vladimir Oblast, Russia: an updated grid dataset (1867–2020). Version 1.5. Lomonosov Moscow State University. Occurrence dataset https://doi.org/10.15468/hoafrr accessed via GBIF.org on 2023-07-05.</citation>
                    <bibliography>
                <citation identifier="http://dx.doi.org/10.13140/2.1.1148.2407">Seregin, A.P. (2014): Flora of Vladimir Oblast, Russia: grid data analysis. Moscow. KMK Sci. Press. 441 + 56 pp. (in Russian, with English abstract). == Серегин А.П. Флора Владимирской области: анализ данных сеточного картирования. – М., 2014. – 441 с. + 56 вкл. (Рез. англ.).</citation>
                <citation identifier="http://dx.doi.org/10.13140/RG.2.1.4544.5122/1">Seregin, A.P. assisted by Borovichev, E.A., Glazunova, K.P., Kokoshnikova, Y.S. and Sennikov, A.N. (2012): Flora of Vladimir Oblast, Russia: checklist and atlas. Tula. Grif i K. 620 pp. (in Russian, with English abstract). == Серегин А.П. Флора Владимирской области: конспект и атлас / А.П. Серегин при участии Е.А. Боровичева, К.П. Глазуновой, Ю.С. Кокошниковой, А.Н. Сенникова. – Тула, 2012. – 620 с. (Рез. англ.).</citation>
                    </bibliography>
                    <resourceLogoUrl>https://depo.msu.ru/ipt/logo.do?r=vladimir</resourceLogoUrl>
            </gbif>
        </metadata>
    </additionalMetadata>

</eml:eml>
