<?xml version="1.0" encoding="utf-8"?>
<eml:eml xmlns:eml="eml://ecoinformatics.org/eml-2.1.1" xmlns:xsi="http://www.w3.org/2001/XMLSchema-instance"
         xsi:schemaLocation="eml://ecoinformatics.org/eml-2.1.1 http://rs.gbif.org/schema/eml-gbif-profile/1.2/eml.xsd"
packageId="80fc4302-f762-11e1-a439-00145eb45e9a"  system="http://gbif.org" scope="system"
xml:lang="en">

    <dataset>
            <alternateIdentifier>10.15468/9hqjiq</alternateIdentifier>
                <alternateIdentifier>https://science-net.kahaku.go.jp/ipt2/resource?r=snet-1044-104</alternateIdentifier>
                <alternateIdentifier>http://science-net.kahaku.go.jp/ipt2/resource?r=snet-1044-104</alternateIdentifier>
                <alternateIdentifier>http://gbif.science-net.kahaku.go.jp:8081/ipt2/resource?r=snet-1044-104</alternateIdentifier>
                <alternateIdentifier>80fc4302-f762-11e1-a439-00145eb45e9a</alternateIdentifier>
                <alternateIdentifier>13442</alternateIdentifier>
        <title>Vascular Plant Collection of Natural History Museum and Institute, Chiba</title>
            <creator>
            <individualName>
<givenName>Yuki</givenName>                    <surName>Mikanagi</surName>
            </individualName>
<organizationName>Natural History Museum and Institute, Chiba</organizationName><positionName>Curator</positionName>            <address>
<country>JAPAN</country>            </address>
<electronicMailAddress>mikanagi@chiba-muse.or.jp</electronicMailAddress>            </creator>
            <metadataProvider>
            <individualName>
<givenName>Yuki</givenName>                    <surName>Mikanagi</surName>
            </individualName>
<organizationName>Natural History Museum and Institute, Chiba</organizationName><positionName>Curator</positionName>            <address>
<country>JAPAN</country>            </address>
<electronicMailAddress>mikanagi@chiba-muse.or.jp</electronicMailAddress>            </metadataProvider>
            <pubDate>
                2023-03-22
            </pubDate>
        <language>ENGLISH</language>
            <abstract>
                    <para>Vascular Plant Collection of Natural History Museum and Institute, Chiba</para>
            </abstract>
                <keywordSet>
                        <keyword>Occurrence</keyword>
                        <keywordThesaurus>GBIF Dataset Type Vocabulary: http://rs.gbif.org/vocabulary/gbif/dataset_type_2015-07-10.xml</keywordThesaurus>
                </keywordSet>
            <intellectualRights>
                    <para>This work is licensed under a <ulink url="http://creativecommons.org/licenses/by/4.0/legalcode"><citetitle>Creative Commons Attribution (CC-BY) 4.0 License</citetitle></ulink>.</para>
            </intellectualRights>
            <distribution scope="document">
                <online>
                    <url function="information">http://search.chiba-muse.or.jp/DB/</url>
                </online>
            </distribution>
            <maintenance>
                <description>
                    <para></para>
                </description>
                <maintenanceUpdateFrequency>unkown</maintenanceUpdateFrequency>
            </maintenance>
            <contact>
            <individualName>
<givenName>Yuki</givenName>                    <surName>Mikanagi</surName>
            </individualName>
<organizationName>Natural History Museum and Institute, Chiba</organizationName><positionName>Curator</positionName>            <address>
<country>JAPAN</country>            </address>
<electronicMailAddress>mikanagi@chiba-muse.or.jp</electronicMailAddress>            </contact>

    </dataset>

    <additionalMetadata>
        <metadata>
            <gbif>
                <dateStamp>2023-07-05T19:30:40Z</dateStamp>
                <citation>Mikanagi Y (2023). Vascular Plant Collection of Natural History Museum and Institute, Chiba. National Museum of Nature and Science, Japan. Occurrence dataset https://doi.org/10.15468/9hqjiq accessed via GBIF.org on 2023-07-05.</citation>
            </gbif>
        </metadata>
    </additionalMetadata>

</eml:eml>
