<?xml version="1.0" encoding="utf-8"?>
<eml:eml xmlns:eml="eml://ecoinformatics.org/eml-2.1.1" xmlns:xsi="http://www.w3.org/2001/XMLSchema-instance"
         xsi:schemaLocation="eml://ecoinformatics.org/eml-2.1.1 http://rs.gbif.org/schema/eml-gbif-profile/1.2/eml.xsd"
packageId="8310f570-f762-11e1-a439-00145eb45e9a"  system="http://gbif.org" scope="system"
xml:lang="en">

    <dataset>
            <alternateIdentifier>10.15468/plngb6</alternateIdentifier>
                <alternateIdentifier>126</alternateIdentifier>
        <title>Vascular Plant Collection - University of Washington Herbarium (WTU)</title>
            <associatedParty>
            <individualName>
                    <surName>Richard Olmstead</surName>
            </individualName>
<positionName>Curator</positionName><phone>206-543-8850</phone><electronicMailAddress>olmstead@u.washington.edu</electronicMailAddress>            </associatedParty>
            <associatedParty>
            <individualName>
                    <surName>David Giblin</surName>
            </individualName>
<positionName>Collections Manager</positionName><phone>206-543-1682</phone><electronicMailAddress>dgiblin@u.washington.edu</electronicMailAddress>            </associatedParty>
        <language>en</language>
            <abstract>
                    <para>Specimen collections, primarily from Pacific Northwest region of North America. Dataset contains approximately 154,000 specimens. Only Darwin Core 2 fields are accessible through this interface; additional fields can be accessed through the web site referenced herein. Localities and geographic coordinates for rare taxa have been withheld.</para>
            </abstract>
            <intellectualRights>
                    <para>To the extent possible under law, the publisher has waived all rights to these data and has dedicated them to the <ulink url="http://creativecommons.org/publicdomain/zero/1.0/legalcode"><citetitle>Public Domain (CC0 1.0)</citetitle></ulink>. Users may copy, modify, distribute and use the work, including for commercial purposes, without restriction.</para>
            </intellectualRights>
            <distribution scope="document">
                <online>
                    <url function="information">http://www.washington.edu/burkemuseum/collections/herbarium/index.php</url>
                </online>
            </distribution>

    </dataset>

    <additionalMetadata>
        <metadata>
            <gbif>
                <dateStamp>2023-07-05T19:30:31Z</dateStamp>
                <citation>University of Washington Burke Museum. Vascular Plant Collection - University of Washington Herbarium (WTU). Occurrence dataset https://doi.org/10.15468/plngb6 accessed via GBIF.org on 2023-07-05.</citation>
            </gbif>
        </metadata>
    </additionalMetadata>

</eml:eml>
