<?xml version="1.0" encoding="utf-8"?>
<eml:eml xmlns:eml="eml://ecoinformatics.org/eml-2.1.1" xmlns:xsi="http://www.w3.org/2001/XMLSchema-instance"
         xsi:schemaLocation="eml://ecoinformatics.org/eml-2.1.1 http://rs.gbif.org/schema/eml-gbif-profile/1.2/eml.xsd"
packageId="84b18cce-083a-4464-bee8-25b2083a17cd"  system="http://gbif.org" scope="system"
xml:lang="en">

    <dataset>
            <alternateIdentifier>10.15468/54hgbz</alternateIdentifier>
        <title>Natural History Collections of the Faculty of Biology AMU</title>
            <associatedParty>
            <individualName>
                    <surName>Marcin Lawenda</surName>
            </individualName>
<electronicMailAddress>lawenda@man.poznan.pl</electronicMailAddress>            <role>TECHNICAL_POINT_OF_CONTACT</role>
            </associatedParty>
        <language>en</language>
            <intellectualRights>
                    <para>This work is licensed under a <ulink url="http://creativecommons.org/licenses/by/4.0/legalcode"><citetitle>Creative Commons Attribution (CC-BY) 4.0 License</citetitle></ulink>.</para>
            </intellectualRights>
            <contact>
            <individualName>
                    <surName>Bogdan Jackowiak</surName>
            </individualName>
<electronicMailAddress>bogjack@amu.edu.pl</electronicMailAddress>            </contact>

    </dataset>

    <additionalMetadata>
        <metadata>
            <gbif>
                <dateStamp>2023-07-05T19:30:27Z</dateStamp>
                <citation>Adam Mickiewicz University in Poznań. Natural History Collections of the Faculty of Biology AMU. Occurrence dataset https://doi.org/10.15468/54hgbz accessed via GBIF.org on 2023-07-05.</citation>
            </gbif>
        </metadata>
    </additionalMetadata>

</eml:eml>
