<?xml version="1.0" encoding="utf-8"?>
<eml:eml xmlns:eml="eml://ecoinformatics.org/eml-2.1.1" xmlns:xsi="http://www.w3.org/2001/XMLSchema-instance"
         xsi:schemaLocation="eml://ecoinformatics.org/eml-2.1.1 http://rs.gbif.org/schema/eml-gbif-profile/1.2/eml.xsd"
packageId="84b69033-f9de-40bc-8d5f-8ee41987d6cc"  system="http://gbif.org" scope="system"
xml:lang="en">

    <dataset>
            <alternateIdentifier>10.15468/sj3uvh</alternateIdentifier>
                <alternateIdentifier>https://scan-bugs.org:443/portal/collections/misc/collprofiles.php?collid=257</alternateIdentifier>
        <title>RL Minckley Insect and Plant Collection</title>
            <creator>
<organizationName>SCAN</organizationName><electronicMailAddress>scan_noreply@asu.edu</electronicMailAddress><onlineUrl>https://scan-bugs.org:443/portal/index.php</onlineUrl>            </creator>
            <metadataProvider>
<organizationName>SCAN</organizationName><electronicMailAddress>scan_noreply@asu.edu</electronicMailAddress><onlineUrl>https://scan-bugs.org:443/portal/index.php</onlineUrl>            </metadataProvider>
            <associatedParty>
<organizationName>RL Minckley Insect and Plant Collection</organizationName><positionName>Collection Manager</positionName><electronicMailAddress>robert.minckley@rochester.edu</electronicMailAddress>            <role>CONTENT_PROVIDER</role>
            </associatedParty>
            <pubDate>
                2023-05-17
            </pubDate>
        <language>ENGLISH</language>
            <abstract>
                    <para>The collection is of bees and their floral hosts mainly from the Sonoran and Chihuahuan Desert in Mexico and the United States. See Minckley, R.L. and Radke, W.R., 2021. Extreme species density of bees (Apiformes, Hymenoptera) in the warm deserts of North America. Journal of Hymenoptera Research, 82, p.317.</para>
            </abstract>
            <intellectualRights>
                    <para>This work is licensed under a <ulink url="http://creativecommons.org/licenses/by-nc/4.0/legalcode"><citetitle>Creative Commons Attribution Non Commercial (CC-BY-NC) 4.0 License</citetitle></ulink>.</para>
            </intellectualRights>
            <contact>
<organizationName>RL Minckley Insect and Plant Collection</organizationName><electronicMailAddress>robert.minckley@rochester.edu</electronicMailAddress><onlineUrl>https://sas.rochester.edu/bio/sites/minckley/index.php/bee-plant-data/</onlineUrl>            </contact>

    </dataset>

    <additionalMetadata>
        <metadata>
            <gbif>
                <dateStamp>2023-07-05T19:30:34Z</dateStamp>
                <citation>University of Arizona Insect Collection (2023). RL Minckley Insect and Plant Collection. Occurrence dataset https://doi.org/10.15468/sj3uvh accessed via GBIF.org on 2023-07-05.</citation>
            </gbif>
        </metadata>
    </additionalMetadata>

</eml:eml>
