<?xml version="1.0" encoding="utf-8"?>
<eml:eml xmlns:eml="eml://ecoinformatics.org/eml-2.1.1" xmlns:xsi="http://www.w3.org/2001/XMLSchema-instance"
         xsi:schemaLocation="eml://ecoinformatics.org/eml-2.1.1 http://rs.gbif.org/schema/eml-gbif-profile/1.2/eml.xsd"
packageId="857aa892-f762-11e1-a439-00145eb45e9a"  system="http://gbif.org" scope="system"
xml:lang="en">

    <dataset>
            <alternateIdentifier>10.15468/megroo</alternateIdentifier>
                <alternateIdentifier>1103</alternateIdentifier>
        <title>Observations du Conservatoire botanique national du Bassin parisien.</title>
            <associatedParty>
            <individualName>
                    <surName>Frédéric Vest</surName>
            </individualName>
            <address>
<deliveryPoint>36, rue Geoffroy Saint-Hilaire, Paris, France</deliveryPoint>            </address>
<phone>33 1 71 21 46 42</phone><electronicMailAddress>vest@mnhn.fr</electronicMailAddress>            <role>TECHNICAL_POINT_OF_CONTACT</role>
            </associatedParty>
        <language>ENGLISH</language>
            <abstract>
                    <para>Système d&amp;#39;information sur la flore du Bassin parisien, Flora.</para>
            </abstract>
            <intellectualRights>
                    <para>This work is licensed under a <ulink url="http://creativecommons.org/licenses/by/4.0/legalcode"><citetitle>Creative Commons Attribution (CC-BY) 4.0 License</citetitle></ulink>.</para>
            </intellectualRights>
            <maintenance>
                <description>
                    <para></para>
                </description>
                <maintenanceUpdateFrequency>unkown</maintenanceUpdateFrequency>
            </maintenance>

    </dataset>

    <additionalMetadata>
        <metadata>
            <gbif>
                <dateStamp>2023-07-05T19:31:20Z</dateStamp>
                <citation>Conservatoire botanique national du Bassin parisien. Observations du Conservatoire botanique national du Bassin parisien.. Occurrence dataset https://doi.org/10.15468/megroo accessed via GBIF.org on 2023-07-05.</citation>
                    <physical>
                        <objectName>GBIF Occurrence Download</objectName>
                        <characterEncoding>UTF-8</characterEncoding>
                        <dataFormat>
                            <externallyDefinedFormat>
                                <formatName>Darwin Core Archive</formatName>
                            </externallyDefinedFormat>
                        </dataFormat>
                        <distribution>
                            <online>
                                <url function="download">http://api.gbif.org/v1/occurrence/download/request/0017954-180131172636756.zip</url>
                            </online>
                        </distribution>
                    </physical>
            </gbif>
        </metadata>
    </additionalMetadata>

</eml:eml>
