<?xml version="1.0" encoding="utf-8"?>
<eml:eml xmlns:eml="eml://ecoinformatics.org/eml-2.1.1" xmlns:xsi="http://www.w3.org/2001/XMLSchema-instance"
         xsi:schemaLocation="eml://ecoinformatics.org/eml-2.1.1 http://rs.gbif.org/schema/eml-gbif-profile/1.2/eml.xsd"
packageId="86185376-f762-11e1-a439-00145eb45e9a"  system="http://gbif.org" scope="system"
xml:lang="en">

    <dataset>
            <alternateIdentifier>10.15468/0npzcg</alternateIdentifier>
                <alternateIdentifier>https://science-net.kahaku.go.jp/ipt2/resource?r=snet-1056-101</alternateIdentifier>
                <alternateIdentifier>http://science-net.kahaku.go.jp/ipt2/resource?r=snet-1056-101</alternateIdentifier>
                <alternateIdentifier>http://gbif.science-net.kahaku.go.jp:8081/ipt2/resource?r=snet-1056-101</alternateIdentifier>
                <alternateIdentifier>86185376-f762-11e1-a439-00145eb45e9a</alternateIdentifier>
                <alternateIdentifier>1809</alternateIdentifier>
        <title>Vascular Plants Collection of Sagamihara City Museum</title>
            <creator>
            <individualName>
<givenName>Koya</givenName>                    <surName>Akiyama</surName>
            </individualName>
<organizationName>Sagamihara City Museum</organizationName><positionName>Curator</positionName>            <address>
<country>JAPAN</country>            </address>
<electronicMailAddress>a.koya@jcom.home.ne.jp</electronicMailAddress>            </creator>
            <metadataProvider>
            <individualName>
<givenName>Koya</givenName>                    <surName>Akiyama</surName>
            </individualName>
<organizationName>Sagamihara City Museum</organizationName><positionName>Curator</positionName>            <address>
<country>JAPAN</country>            </address>
<electronicMailAddress>a.koya@jcom.home.ne.jp</electronicMailAddress>            </metadataProvider>
            <pubDate>
                2023-03-22
            </pubDate>
        <language>ENGLISH</language>
            <abstract>
                    <para>Herbarium Specimens of Vascular Plant in Sagamihara City Museum</para>
            </abstract>
                <keywordSet>
                        <keyword>Occurrence</keyword>
                        <keywordThesaurus>GBIF Dataset Type Vocabulary: http://rs.gbif.org/vocabulary/gbif/dataset_type_2015-07-10.xml</keywordThesaurus>
                </keywordSet>
            <intellectualRights>
                    <para>This work is licensed under a <ulink url="http://creativecommons.org/licenses/by/4.0/legalcode"><citetitle>Creative Commons Attribution (CC-BY) 4.0 License</citetitle></ulink>.</para>
            </intellectualRights>
            <maintenance>
                <description>
                    <para></para>
                </description>
                <maintenanceUpdateFrequency>unkown</maintenanceUpdateFrequency>
            </maintenance>
            <contact>
            <individualName>
<givenName>Koya</givenName>                    <surName>Akiyama</surName>
            </individualName>
<organizationName>Sagamihara City Museum</organizationName><positionName>Curator</positionName>            <address>
<country>JAPAN</country>            </address>
<electronicMailAddress>a.koya@jcom.home.ne.jp</electronicMailAddress>            </contact>

    </dataset>

    <additionalMetadata>
        <metadata>
            <gbif>
                <dateStamp>2023-07-05T19:31:31Z</dateStamp>
                <citation>Akiyama K (2023). Vascular Plants Collection of Sagamihara City Museum. National Museum of Nature and Science, Japan. Occurrence dataset https://doi.org/10.15468/0npzcg accessed via GBIF.org on 2023-07-05.</citation>
            </gbif>
        </metadata>
    </additionalMetadata>

</eml:eml>
