<?xml version="1.0" encoding="utf-8"?>
<eml:eml xmlns:eml="eml://ecoinformatics.org/eml-2.1.1" xmlns:xsi="http://www.w3.org/2001/XMLSchema-instance"
         xsi:schemaLocation="eml://ecoinformatics.org/eml-2.1.1 http://rs.gbif.org/schema/eml-gbif-profile/1.2/eml.xsd"
packageId="8ea4250e-0ff0-44f8-812e-bffc3b9ba2a4"  system="http://gbif.org" scope="system"
xml:lang="en">

    <dataset>
            <alternateIdentifier>10.15468/thgjx1</alternateIdentifier>
        <title>Floristic records from survey studies of the Bayerisches Landesamt für Umwelt</title>
            <associatedParty>
            <individualName>
                    <surName>Staatliche Naturwissenschaftliche Sammlungen Bayerns – SNSB IT Center, München</surName>
            </individualName>
<electronicMailAddress>snsb-it-center@snsb.de</electronicMailAddress>            <role>TECHNICAL_POINT_OF_CONTACT</role>
            </associatedParty>
        <language>en</language>
            <abstract>
                    <para>http://wiki.bayernflora.de/web/Floristic_records_from_survey_studies_of_the_Bayerisches_Landesamt_f%C3%BCr_Umwelt</para>
            </abstract>
            <intellectualRights>
                    <para>This work is licensed under a <ulink url="http://creativecommons.org/licenses/by/4.0/legalcode"><citetitle>Creative Commons Attribution (CC-BY) 4.0 License</citetitle></ulink>.</para>
            </intellectualRights>
            <distribution scope="document">
                <online>
                    <url function="information">https://wiki.bayernflora.de/web/Floristic_records_from_survey_studies_of_the_Bayerisches_Landesamt_f%C3%BCr_Umwelt</url>
                </online>
            </distribution>
            <contact>
            <individualName>
                    <surName>Marcel Ruff</surName>
            </individualName>
<electronicMailAddress>marcel.ruff@lfu.bayern.de</electronicMailAddress>            </contact>

    </dataset>

    <additionalMetadata>
        <metadata>
            <gbif>
                <dateStamp>2023-07-05T19:31:19Z</dateStamp>
                <citation>Staatliche Naturwissenschaftliche Sammlungen Bayerns. Floristic records from survey studies of the Bayerisches Landesamt für Umwelt. Occurrence dataset https://doi.org/10.15468/thgjx1 accessed via GBIF.org on 2023-07-05.</citation>
                    <resourceLogoUrl>https://www.snsb.info/Pictures/Logo_LfU.jpg</resourceLogoUrl>
            </gbif>
        </metadata>
    </additionalMetadata>

</eml:eml>
