<?xml version="1.0" encoding="utf-8"?>
<eml:eml xmlns:eml="eml://ecoinformatics.org/eml-2.1.1" xmlns:xsi="http://www.w3.org/2001/XMLSchema-instance"
         xsi:schemaLocation="eml://ecoinformatics.org/eml-2.1.1 http://rs.gbif.org/schema/eml-gbif-profile/1.2/eml.xsd"
packageId="95eebc5e-f762-11e1-a439-00145eb45e9a"  system="http://gbif.org" scope="system"
xml:lang="en">

    <dataset>
            <alternateIdentifier>10.15468/c7c9qa</alternateIdentifier>
                <alternateIdentifier>https://science-net.kahaku.go.jp/ipt2/resource?r=snet-1054-101</alternateIdentifier>
                <alternateIdentifier>http://science-net.kahaku.go.jp/ipt2/resource?r=snet-1054-101</alternateIdentifier>
                <alternateIdentifier>http://gbif.science-net.kahaku.go.jp:8081/ipt2/resource?r=snet-1054-101</alternateIdentifier>
                <alternateIdentifier>95eebc5e-f762-11e1-a439-00145eb45e9a</alternateIdentifier>
                <alternateIdentifier>8011</alternateIdentifier>
        <title>Vascular Plant Specimen database of Kanagawa Prefectural Museum of Natural History</title>
            <creator>
            <individualName>
<givenName>Norihisa</givenName>                    <surName>Tanaka</surName>
            </individualName>
<organizationName>Kanagawa Prefectural Museum of Natural History</organizationName><positionName>Curator of Botany Group</positionName>            <address>
<country>JAPAN</country>            </address>
<electronicMailAddress>tanaka@nh.kanagawa-museum.jp</electronicMailAddress>            </creator>
            <metadataProvider>
            <individualName>
<givenName>Norihisa</givenName>                    <surName>Tanaka</surName>
            </individualName>
<organizationName>Kanagawa Prefectural Museum of Natural History</organizationName><positionName>Curator of Botany Group</positionName>            <address>
<country>JAPAN</country>            </address>
<electronicMailAddress>tanaka@nh.kanagawa-museum.jp</electronicMailAddress>            </metadataProvider>
            <pubDate>
                2023-03-22
            </pubDate>
        <language>ENGLISH</language>
            <abstract>
                    <para>Vascular plant specimens deposited at the Kanagawa Prefectural Museum of Natural History</para>
            </abstract>
                <keywordSet>
                        <keyword>Occurrence</keyword>
                        <keywordThesaurus>GBIF Dataset Type Vocabulary: http://rs.gbif.org/vocabulary/gbif/dataset_type_2015-07-10.xml</keywordThesaurus>
                </keywordSet>
            <intellectualRights>
                    <para>This work is licensed under a <ulink url="http://creativecommons.org/licenses/by/4.0/legalcode"><citetitle>Creative Commons Attribution (CC-BY) 4.0 License</citetitle></ulink>.</para>
            </intellectualRights>
            <distribution scope="document">
                <online>
                    <url function="information">https://nh.kanagawa-museum.jp/kpmnh-collections/</url>
                </online>
            </distribution>
            <maintenance>
                <description>
                    <para></para>
                </description>
                <maintenanceUpdateFrequency>unkown</maintenanceUpdateFrequency>
            </maintenance>
            <contact>
            <individualName>
<givenName>Norihisa</givenName>                    <surName>Tanaka</surName>
            </individualName>
<organizationName>Kanagawa Prefectural Museum of Natural History</organizationName><positionName>Curator of Botany Group</positionName>            <address>
<country>JAPAN</country>            </address>
<electronicMailAddress>tanaka@nh.kanagawa-museum.jp</electronicMailAddress>            </contact>

    </dataset>

    <additionalMetadata>
        <metadata>
            <gbif>
                <dateStamp>2023-07-05T19:31:16Z</dateStamp>
                <citation>Tanaka N (2023). Vascular Plant Specimen database of Kanagawa Prefectural Museum of Natural History. National Museum of Nature and Science, Japan. Occurrence dataset https://doi.org/10.15468/c7c9qa accessed via GBIF.org on 2023-07-05.</citation>
            </gbif>
        </metadata>
    </additionalMetadata>

</eml:eml>
