<?xml version="1.0" encoding="utf-8"?>
<eml:eml xmlns:eml="eml://ecoinformatics.org/eml-2.1.1" xmlns:xsi="http://www.w3.org/2001/XMLSchema-instance"
         xsi:schemaLocation="eml://ecoinformatics.org/eml-2.1.1 http://rs.gbif.org/schema/eml-gbif-profile/1.2/eml.xsd"
packageId="9770446a-f836-428d-990d-7f46c4d14df8"  system="http://gbif.org" scope="system"
xml:lang="en">

    <dataset>
            <alternateIdentifier>10.15468/aawyjn</alternateIdentifier>
                <alternateIdentifier>https://science-net.kahaku.go.jp/ipt2/resource?r=snet-1010-101</alternateIdentifier>
                <alternateIdentifier>http://science-net.kahaku.go.jp/ipt2/resource?r=snet-1010-101</alternateIdentifier>
                <alternateIdentifier>9770446a-f836-428d-990d-7f46c4d14df8</alternateIdentifier>
                <alternateIdentifier>http://gbif.science-net.kahaku.go.jp:8081/ipt2/resource?r=snet-1010-101</alternateIdentifier>
        <title>Plant specimens of Kushiro City Museum</title>
            <creator>
            <individualName>
<givenName>Yukie</givenName>                    <surName>Kato</surName>
            </individualName>
<organizationName>Kushiro City Museum</organizationName><positionName>Curator of Plants</positionName>            <address>
<country>JAPAN</country>            </address>
<electronicMailAddress>museum@city.kushiro.lg.jp</electronicMailAddress>            </creator>
            <metadataProvider>
            <individualName>
<givenName>Yukie</givenName>                    <surName>Kato</surName>
            </individualName>
<organizationName>Kushiro City Museum</organizationName><positionName>Curator of Botany</positionName>            <address>
<country>JAPAN</country>            </address>
<electronicMailAddress>museum@city.kushiro.lg.jp</electronicMailAddress>            </metadataProvider>
            <pubDate>
                2023-03-20
            </pubDate>
        <language>ENGLISH</language>
            <abstract>
                    <para>Plant specimens deposited in Kushiro City Museum</para>
            </abstract>
                <keywordSet>
                        <keyword>Occurrence</keyword>
                        <keywordThesaurus>GBIF Dataset Type Vocabulary: http://rs.gbif.org/vocabulary/gbif/dataset_type_2015-07-10.xml</keywordThesaurus>
                </keywordSet>
            <intellectualRights>
                    <para>This work is licensed under a <ulink url="http://creativecommons.org/licenses/by/4.0/legalcode"><citetitle>Creative Commons Attribution (CC-BY) 4.0 License</citetitle></ulink>.</para>
            </intellectualRights>
            <maintenance>
                <description>
                    <para></para>
                </description>
                <maintenanceUpdateFrequency>unkown</maintenanceUpdateFrequency>
            </maintenance>
            <contact>
            <individualName>
<givenName>Yukie</givenName>                    <surName>Kato</surName>
            </individualName>
<organizationName>Kushiro City Museum</organizationName><positionName>Curator of Botany</positionName>            <address>
<country>JAPAN</country>            </address>
<electronicMailAddress>museum@city.kushiro.lg.jp</electronicMailAddress>            </contact>

    </dataset>

    <additionalMetadata>
        <metadata>
            <gbif>
                <dateStamp>2023-07-05T19:31:01Z</dateStamp>
                <citation>Kato Y (2023). Plant specimens of Kushiro City Museum. Version 1.7. National Museum of Nature and Science, Japan. Occurrence dataset https://doi.org/10.15468/aawyjn accessed via GBIF.org on 2023-07-05.</citation>
            </gbif>
        </metadata>
    </additionalMetadata>

</eml:eml>
