<?xml version="1.0" encoding="utf-8"?>
<eml:eml xmlns:eml="eml://ecoinformatics.org/eml-2.1.1" xmlns:xsi="http://www.w3.org/2001/XMLSchema-instance"
         xsi:schemaLocation="eml://ecoinformatics.org/eml-2.1.1 http://rs.gbif.org/schema/eml-gbif-profile/1.2/eml.xsd"
packageId="9781ce05-2379-4a10-ab3b-c91346510df8"  system="http://gbif.org" scope="system"
xml:lang="en">

    <dataset>
            <alternateIdentifier>10.15468/0yosx9</alternateIdentifier>
                <alternateIdentifier>https://cch2.org/portal/collections/misc/collprofiles.php?collid=17</alternateIdentifier>
                <alternateIdentifier>http://cch2.org/portal/collections/misc/collprofiles.php?collid=17</alternateIdentifier>
        <title>RSA - California Botanic Garden Herbarium</title>
            <creator>
<organizationName>CCH2 Portal</organizationName><electronicMailAddress>jyost@calpoly.edu</electronicMailAddress><onlineUrl>https://cch2.org/portal/index.php</onlineUrl>            </creator>
            <metadataProvider>
<organizationName>CCH2 Portal</organizationName><electronicMailAddress>jyost@calpoly.edu</electronicMailAddress><onlineUrl>https://cch2.org/portal/index.php</onlineUrl>            </metadataProvider>
            <associatedParty>
            <individualName>
                    <surName>Mare Nazaire, Administrative Curator</surName>
            </individualName>
<electronicMailAddress>mnazaire@calbg.org</electronicMailAddress>            <role>CONTENT_PROVIDER</role>
            </associatedParty>
            <pubDate>
                2023-06-03
            </pubDate>
        <language>ENGLISH</language>
            <abstract>
                    <para>The combined Herbarium of California Botanic Garden (RSA) and Pomona College (POM) is a museum-quality collection of vascular plant and bryophyte specimens. With current holdings totaling over 1,250,000 specimens, the Herbarium is the third largest in California. The Herbarium is recognized throughout the world for its strength in documenting the diversity, distribution, variation, and ecology of more than 6,500 species of flowering plants, conifers, and ferns in California, which constitutes nearly 50% of the total collection. The holdings from Southern California exceed 250,000 and are unsurpassed by any other herbarium. Approximately 95% of the collection is composed of mounted sheets and filed according to a standardized system of classification. Ancillary collections that augment the collection include a cone &amp;amp; fruit collection, wood collection, fluid preserved collection, and pollen and anatomy slide collection.</para>
            </abstract>
            <intellectualRights>
                    <para>This work is licensed under a <ulink url="http://creativecommons.org/licenses/by-nc/4.0/legalcode"><citetitle>Creative Commons Attribution Non Commercial (CC-BY-NC) 4.0 License</citetitle></ulink>.</para>
            </intellectualRights>
            <contact>
<organizationName>RSA - California Botanic Garden Herbarium</organizationName><phone>(909) 625-8767 ext. 268</phone><electronicMailAddress>mnazaire@calbg.org</electronicMailAddress><onlineUrl>https://www.calbg.org/collections/herbarium</onlineUrl>            </contact>

    </dataset>

    <additionalMetadata>
        <metadata>
            <gbif>
                <dateStamp>2023-07-05T19:30:39Z</dateStamp>
                <citation>Rancho Santa Ana Botanic Garden (2023). RSA - California Botanic Garden Herbarium. Occurrence dataset https://doi.org/10.15468/0yosx9 accessed via GBIF.org on 2023-07-05.</citation>
            </gbif>
        </metadata>
    </additionalMetadata>

</eml:eml>
