<?xml version="1.0" encoding="utf-8"?>
<eml:eml xmlns:eml="eml://ecoinformatics.org/eml-2.1.1" xmlns:xsi="http://www.w3.org/2001/XMLSchema-instance"
         xsi:schemaLocation="eml://ecoinformatics.org/eml-2.1.1 http://rs.gbif.org/schema/eml-gbif-profile/1.2/eml.xsd"
packageId="98407d8d-ff58-4298-90f1-0d59f3421df2"  system="http://gbif.org" scope="system"
xml:lang="en">

    <dataset>
            <alternateIdentifier>10.15468/gfwydn</alternateIdentifier>
        <title>Asociación Jardín Botánico La Laguna - Herbarium LAGU</title>
            <associatedParty>
            <individualName>
                    <surName>Roberto Escobar Lechuga</surName>
            </individualName>
            <address>
<deliveryPoint>Antiguo Cuscatlán, La Libterad, El Salvador</deliveryPoint>            </address>
<phone>+503 (2243) 5650</phone><electronicMailAddress>lechuga.escobar@gmail.com</electronicMailAddress>            <role>TECHNICAL_POINT_OF_CONTACT</role>
            </associatedParty>
        <language>en</language>
            <abstract>
                    <para>This dataset contains the complete holdings of the herbarium of the Acociación Jardín Botánico La Laguna (LAGU)</para>
            </abstract>
            <intellectualRights>
                    <para>To the extent possible under law, the publisher has waived all rights to these data and has dedicated them to the <ulink url="http://creativecommons.org/publicdomain/zero/1.0/legalcode"><citetitle>Public Domain (CC0 1.0)</citetitle></ulink>. Users may copy, modify, distribute and use the work, including for commercial purposes, without restriction.</para>
            </intellectualRights>
            <contact>
            <individualName>
                    <surName>n/a</surName>
            </individualName>
            <address>
<deliveryPoint>Antiguo Cuscatlán, La Libterad, El Salvador</deliveryPoint>            </address>
<phone>+503 (2243) 2013, (2243 )2012</phone><electronicMailAddress>jardinbotanico@jardinbotanico.org.sv</electronicMailAddress>            </contact>

    </dataset>

    <additionalMetadata>
        <metadata>
            <gbif>
                <dateStamp>2023-07-05T19:31:13Z</dateStamp>
                <citation>Botanic Garden and Botanical Museum Berlin. Asociación Jardín Botánico La Laguna - Herbarium LAGU. Occurrence dataset https://doi.org/10.15468/gfwydn accessed via GBIF.org on 2023-07-05.</citation>
                    <resourceLogoUrl>http://lagu.jacq.org/img/LOGO_NOMBRE_NEGRO.png</resourceLogoUrl>
            </gbif>
        </metadata>
    </additionalMetadata>

</eml:eml>
