<?xml version="1.0" encoding="utf-8"?>
<eml:eml xmlns:eml="eml://ecoinformatics.org/eml-2.1.1" xmlns:xsi="http://www.w3.org/2001/XMLSchema-instance"
         xsi:schemaLocation="eml://ecoinformatics.org/eml-2.1.1 http://rs.gbif.org/schema/eml-gbif-profile/1.2/eml.xsd"
packageId="9b7d1acf-b22f-4a1f-b6e8-f1ddd744dc07"  system="http://gbif.org" scope="system"
xml:lang="en">

    <dataset>
            <alternateIdentifier>10.15468/lneqwn</alternateIdentifier>
                <alternateIdentifier>https://cch2.org/portal/collections/misc/collprofiles.php?collid=43</alternateIdentifier>
                <alternateIdentifier>http://cch2.org/portal/collections/misc/collprofiles.php?collid=43</alternateIdentifier>
                <alternateIdentifier>http://www.portal.capturingcaliforniasflowers.org/portal/collections/misc/collprofiles.php?collid=43</alternateIdentifier>
        <title>SD - SD Herbarium, San Diego Natural History Museum</title>
            <creator>
<organizationName>CCH2 Portal</organizationName><electronicMailAddress>jyost@calpoly.edu</electronicMailAddress><onlineUrl>https://cch2.org/portal/index.php</onlineUrl>            </creator>
            <metadataProvider>
<organizationName>CCH2 Portal</organizationName><electronicMailAddress>jyost@calpoly.edu</electronicMailAddress><onlineUrl>https://cch2.org/portal/index.php</onlineUrl>            </metadataProvider>
            <associatedParty>
            <individualName>
                    <surName>Layla Aerne Hains</surName>
            </individualName>
<electronicMailAddress>laerne@sdnhm.org</electronicMailAddress>            <role>CONTENT_PROVIDER</role>
            </associatedParty>
            <pubDate>
                2023-06-12
            </pubDate>
        <language>ENGLISH</language>
            <abstract>
                    <para>The San Diego Natural History Museum Department of Botany focuses on biodiversity, evolutionary history research, and documentation of the flora in Southern California, Baja California, and adjacent areas. With a collection dating back to the 1870s, the SD Herbarium is invaluable as a scientific resource that documents regional plant populations and has been used for basic natural history research. Botanists with regional colleges, universities, and museums utilize the collections for their own research and for student projects, both by visiting the collection in person and/or through loans. The SD Herbarium houses over 270,000 accessioned specimens, all of which have been databased. Specimens from southern California account for nearly half of our collection and about 20% of our collection is from Baja California. Nearly all San Diego County and Baja California records have been georeferenced (99%). The Botany Department maintains two web sites that serve researchers with searching and mapping pages, checklists, voucher images, data input forms for collectors, and other tools for using our collections. SDPlantAtlas.org serves researchers interested in the plants of California’s San Diego and Imperial Counties. BajaFlora.org serves the needs of researchers interested in the plants of the two states of Baja, Mexico, consolidating the SD collections and the collections of the two primary herbaria in Baja.</para>
            </abstract>
            <intellectualRights>
                    <para>This work is licensed under a <ulink url="http://creativecommons.org/licenses/by-nc/4.0/legalcode"><citetitle>Creative Commons Attribution Non Commercial (CC-BY-NC) 4.0 License</citetitle></ulink>.</para>
            </intellectualRights>
            <contact>
<organizationName>SD - SD Herbarium, San Diego Natural History Museum</organizationName><phone>(619) 255-0229</phone><electronicMailAddress>laerne@sdnhm.org</electronicMailAddress><onlineUrl>https://www.sdnhm.org/science/botany/</onlineUrl>            </contact>

    </dataset>

    <additionalMetadata>
        <metadata>
            <gbif>
                <dateStamp>2023-07-05T19:30:48Z</dateStamp>
                <citation>San Diego Natural History Museum (2023). SD - SD Herbarium, San Diego Natural History Museum. Occurrence dataset https://doi.org/10.15468/lneqwn accessed via GBIF.org on 2023-07-05.</citation>
            </gbif>
        </metadata>
    </additionalMetadata>

</eml:eml>
