<?xml version="1.0" encoding="utf-8"?>
<eml:eml xmlns:eml="eml://ecoinformatics.org/eml-2.1.1" xmlns:xsi="http://www.w3.org/2001/XMLSchema-instance"
         xsi:schemaLocation="eml://ecoinformatics.org/eml-2.1.1 http://rs.gbif.org/schema/eml-gbif-profile/1.2/eml.xsd"
packageId="ab61ad8f-953f-4c7c-80b2-e1fb50fd8187"  system="http://gbif.org" scope="system"
xml:lang="es">

    <dataset>
            <alternateIdentifier>10.15468/x5p99e</alternateIdentifier>
                <alternateIdentifier>http://ipt.mincyt.gob.ar/resource?r=solanales</alternateIdentifier>
                <alternateIdentifier>ab61ad8f-953f-4c7c-80b2-e1fb50fd8187</alternateIdentifier>
                <alternateIdentifier>https://ipt.mincyt.gob.ar/resource?r=solanales</alternateIdentifier>
        <title>Colección de Solanales del Museo Botánico CORD - IMBIV</title>
            <creator>
            <individualName>
<givenName>Marcelo</givenName>                    <surName>Gritti</surName>
            </individualName>
<organizationName>Museo CORD, IMBIV, UNC, CONICET, FCEFyN</organizationName><positionName>Técnico Principal</positionName>            <address>
<deliveryPoint>Velez Sarsfield 299</deliveryPoint><city>Córdoba</city><administrativeArea>Córdoba</administrativeArea><postalCode>5000</postalCode><country>ARGENTINA</country>            </address>
<phone>03514331056</phone><electronicMailAddress>mgritti@imbiv.unc.edu.ar</electronicMailAddress><onlineUrl>http://imbiv.conicet.unc.edu.ar/integrantes/g/gritti-marcelo/</onlineUrl>            </creator>
            <creator>
            <individualName>
<givenName>Jimena</givenName>                    <surName>Ponce</surName>
            </individualName>
<organizationName>Museo CORD, IMBIV, UNC, CONICET, FCEFyN</organizationName><positionName>Técnico Profesional Principal</positionName>            <address>
<deliveryPoint>Velez Sarsfield 299</deliveryPoint><city>Córdoba</city><administrativeArea>Córdoba</administrativeArea><postalCode>5000</postalCode><country>ARGENTINA</country>            </address>
<phone>03514331056</phone><electronicMailAddress>museo@imbiv.unc.edu.ar</electronicMailAddress><onlineUrl>http://imbiv.conicet.unc.edu.ar/integrantes/p/ponce-maria-jimena/</onlineUrl>            </creator>
            <metadataProvider>
            <individualName>
<givenName>Marcelo</givenName>                    <surName>Gritti</surName>
            </individualName>
<organizationName>Museo CORD, IMBIV, UNC, CONICET, FCEFyN</organizationName><positionName>Técnico Principal</positionName>            <address>
<deliveryPoint>Velez Sarsfield 299</deliveryPoint><city>Córdoba</city><administrativeArea>Córdoba</administrativeArea><postalCode>5000</postalCode><country>ARGENTINA</country>            </address>
<phone>03514331056</phone><electronicMailAddress>mgritti@imbiv.unc.edu.ar</electronicMailAddress><onlineUrl>http://imbiv.conicet.unc.edu.ar/integrantes/g/gritti-marcelo/</onlineUrl>            </metadataProvider>
            <metadataProvider>
            <individualName>
<givenName>Jimena</givenName>                    <surName>Ponce</surName>
            </individualName>
<organizationName>Museo CORD, IMBIV, UNC, CONICET, FCEFyN</organizationName><positionName>Técnico Profesional Principal</positionName>            <address>
<deliveryPoint>Velez Sarsfield 299</deliveryPoint><city>Córdoba</city><administrativeArea>Córdoba</administrativeArea><postalCode>5000</postalCode><country>ARGENTINA</country>            </address>
<phone>03514331056</phone><electronicMailAddress>museo@imbiv.unc.edu.ar</electronicMailAddress><onlineUrl>http://imbiv.conicet.unc.edu.ar/integrantes/p/ponce-maria-jimena/</onlineUrl>            </metadataProvider>
            <metadataProvider>
            <individualName>
<givenName>Pascale</givenName>                    <surName>Hick</surName>
            </individualName>
<organizationName>Museo CORD,UNC, FCEFyN</organizationName><positionName>Técnico</positionName>            <address>
<deliveryPoint>Velez Sarsfield 299</deliveryPoint><city>Córdoba</city><administrativeArea>Córdoba</administrativeArea><postalCode>5000</postalCode><country>ARGENTINA</country>            </address>
<phone>03514331056</phone><electronicMailAddress>pascale@imbiv.unc.edu.ar</electronicMailAddress>            </metadataProvider>
            <metadataProvider>
            <individualName>
<givenName>Ana Pía</givenName>                    <surName>Wiemer</surName>
            </individualName>
<organizationName>Museo CORD, IMBIV, UNC, CONICET, FCEFyN</organizationName><positionName>Técnico Profesional</positionName>            <address>
<deliveryPoint>Velez Sarsfield 299</deliveryPoint><city>Córdoba</city><administrativeArea>Córdoba</administrativeArea><postalCode>5000</postalCode><country>ARGENTINA</country>            </address>
<phone>03514331056</phone><electronicMailAddress>apwiemer@imbiv.unc.edu.ar</electronicMailAddress><onlineUrl>http://imbiv.conicet.unc.edu.ar/integrantes/w/wemer-pia/</onlineUrl>            </metadataProvider>
            <pubDate>
                2023-06-10
            </pubDate>
        <language>SPANISH</language>
            <abstract>
                    <para>La colección de Solanales está compuesta por un total de 20084 ejemplares de herbario, que se distribuyen del siguiente modo:

Familia Convolvulaceae 2093 ejemplares; Georreferenciados: 1742 ejemplares. Rango Temporal 1836/2018.

Familia Cuscutaceae 34 ejemplares. Georreferenciados: 23 ejemplares. Rango Temporal 1872/2016.

Familia Hydroleaceae 4 ejemplares. Georreferenciados: 3 ejemplares. Rango Temporal: 1980.

Familia Nolanaceae 37 ejemplares. Georreferenciados: 29 ejemplares. Rango Temporal 1947/2014.

Familia Sclerophylacaceae 129 ejemplares. Georreferenciados: 91 ejemplares. Rango Temporal 1872/2018.

Familia Solanaceae 17787 ejemplares. Georreferenciados: 11623 ejemplares. Rango Temporal 1805/2019.</para>
            </abstract>
                <keywordSet>
                        <keyword>Occurrence</keyword>
                        <keywordThesaurus>GBIF Dataset Type Vocabulary: http://rs.gbif.org/vocabulary/gbif/dataset_type.xml</keywordThesaurus>
                </keywordSet>
                <keywordSet>
                        <keyword>Specimen</keyword>
                        <keywordThesaurus>GBIF Dataset Subtype Vocabulary: http://rs.gbif.org/vocabulary/gbif/dataset_subtype.xml</keywordThesaurus>
                </keywordSet>
                <keywordSet>
                        <keyword>Occurrence</keyword>
                        <keywordThesaurus>GBIF Dataset Type Vocabulary: http://rs.gbif.org/vocabulary/gbif/dataset_type_2015-07-10.xml</keywordThesaurus>
                </keywordSet>
            <intellectualRights>
                    <para>This work is licensed under a <ulink url="http://creativecommons.org/licenses/by/4.0/legalcode"><citetitle>Creative Commons Attribution (CC-BY) 4.0 License</citetitle></ulink>.</para>
            </intellectualRights>
            <coverage>
                    <geographicCoverage>
                            <geographicDescription>La colecciòn està compuesta con ejemplares que provienen de los siguientes países, Alemania, Angola, Antigua y Barbuda, Antillas Holandesas, Argentina, Australia, Austria, Belice, Bolivia, Brasil, Cabo Verde, Canadá, Chile, China, Colombia, Comoras, Costa Rica, Cuba, Dinamarca, Ecuador, Egipto, El Salvador, España, Estados Unidos de América, Etiopía, Francia, Grecia, Guatemala, Guyana, Holanda, Honduras, Hungría, India, Italia, Jamaica, Japón, Madagascar, Marruecos, México, Moldavia, Namibia, Nicaragua, Nueva Guinea, Nueva Zelanda, Nyasa, Panamá, Paraguay, Perú, Polonia, Portugal, Puerto Rico, Reino Unido, República Checa, República Dominicana, Rumania, Rwanda, Somalía, Sudáfrica, Sudán, Suecia, Suiza, Surinam, Tanzania, Turkmenistán, Uruguay, Venezuela, Zaire.</geographicDescription>
                            <boundingCoordinates>
                                <westBoundingCoordinate>-180</westBoundingCoordinate>
                                <eastBoundingCoordinate>-172.969</eastBoundingCoordinate>
                                <northBoundingCoordinate>83.83</northBoundingCoordinate>
                                <southBoundingCoordinate>-74.402</southBoundingCoordinate>
                            </boundingCoordinates>
                    </geographicCoverage>
                    <temporalCoverage>
                            <rangeOfDates>
                                <beginDate>
                                    <calendarDate>                1805-04-01
</calendarDate>
                                </beginDate>
                                <endDate>
                                    <calendarDate>                2019-03-19
</calendarDate>
                                </endDate>
                            </rangeOfDates>
                    </temporalCoverage>
            </coverage>
            <maintenance>
                <description>
                    <para></para>
                </description>
                <maintenanceUpdateFrequency>annually</maintenanceUpdateFrequency>
            </maintenance>
            <contact>
            <individualName>
<givenName>Jimena</givenName>                    <surName>Ponce</surName>
            </individualName>
<organizationName>Museo CORD, IMBIV, UNC, CONICET, FCEFyN</organizationName><positionName>Técnico Profesional Principal</positionName>            <address>
<deliveryPoint>Velez Sarsfield 299</deliveryPoint><city>Córdoba</city><administrativeArea>Córdoba</administrativeArea><postalCode>5000</postalCode><country>ARGENTINA</country>            </address>
<phone>03514331056</phone><electronicMailAddress>museo@imbiv.unc.edu.ar</electronicMailAddress><onlineUrl>http://imbiv.conicet.unc.edu.ar/integrantes/p/ponce-maria-jimena/</onlineUrl>            </contact>
            <contact>
            <individualName>
<givenName>Gloria E.</givenName>                    <surName>Barboza</surName>
            </individualName>
<organizationName>Museo CORD, IMBIV, UNC, CONICET, FCQ</organizationName><positionName>Curadora</positionName>            <address>
<deliveryPoint>Velez Sarsfield 299</deliveryPoint><city>Córdoba</city><administrativeArea>Córdoba</administrativeArea><postalCode>5000</postalCode><country>ARGENTINA</country>            </address>
<phone>03514331056</phone><electronicMailAddress>gbarboza@imbiv.unc.edu.ar</electronicMailAddress><onlineUrl>http://imbiv.conicet.unc.edu.ar/integrantes/investigadores-2/b/barboza-gloria-estela/</onlineUrl>            </contact>
            <contact>
            <individualName>
<givenName>Gabriel</givenName>                    <surName>Bernardello</surName>
            </individualName>
<organizationName>Museo CORD, IMBIV, UNC, CONICET, FCEFyN</organizationName><positionName>Director</positionName>            <address>
<deliveryPoint>Velez Sarsfield 299</deliveryPoint><city>Córdoba</city><administrativeArea>Córdoba</administrativeArea><postalCode>5000</postalCode><country>ARGENTINA</country>            </address>
<phone>03514331056</phone><electronicMailAddress>bernarde@imbiv.unc.edu.ar</electronicMailAddress><onlineUrl>http://imbiv.conicet.unc.edu.ar/integrantes/investigadores-2/b/bernardello-gabriel/</onlineUrl>            </contact>
            <contact>
            <individualName>
<givenName>Franco</givenName>                    <surName>Chiarini</surName>
            </individualName>
<organizationName>Museo CORD, IMBIV, UNC, CONICET, FCEFyN</organizationName><positionName>Curador Asociado de Plantas Vasculares</positionName>            <address>
<deliveryPoint>Velez Sarsfield 299</deliveryPoint><city>Córdoba</city><administrativeArea>Córdoba</administrativeArea><postalCode>5000</postalCode><country>ARGENTINA</country>            </address>
<phone>03514331056</phone><electronicMailAddress>franco.e.chiarini@gmail.com</electronicMailAddress><onlineUrl>http://imbiv.conicet.unc.edu.ar/integrantes/investigadores-2/c/chiarini-franco/</onlineUrl>            </contact>
            <methods>
                    <methodStep>
                        <description>
                            <para></para>
                        </description>
                    </methodStep>
            </methods>

    </dataset>

    <additionalMetadata>
        <metadata>
            <gbif>
                <dateStamp>2023-07-05T19:31:24Z</dateStamp>
                <citation>Gritti M, Ponce J, Hick P, Wiemer A P (2023). Colección de Solanales del Museo Botánico CORD - IMBIV. Version 1.6. Instituto Multidisciplinario de Biología Vegetal - IMBIV. Occurrence dataset https://doi.org/10.15468/x5p99e accessed via GBIF.org on 2023-07-05.</citation>
                    <resourceLogoUrl>https://ipt.mincyt.gob.ar/logo.do?r=solanales</resourceLogoUrl>
            </gbif>
        </metadata>
    </additionalMetadata>

</eml:eml>
