<?xml version="1.0" encoding="utf-8"?>
<eml:eml xmlns:eml="eml://ecoinformatics.org/eml-2.1.1" xmlns:xsi="http://www.w3.org/2001/XMLSchema-instance"
         xsi:schemaLocation="eml://ecoinformatics.org/eml-2.1.1 http://rs.gbif.org/schema/eml-gbif-profile/1.2/eml.xsd"
packageId="af491056-6376-4973-bf06-86860d686bb6"  system="http://gbif.org" scope="system"
xml:lang="en">

    <dataset>
            <alternateIdentifier>10.15468/465suw</alternateIdentifier>
                <alternateIdentifier>af491056-6376-4973-bf06-86860d686bb6</alternateIdentifier>
                <alternateIdentifier>https://ipt.pnwherbaria.org/resource?r=ewu</alternateIdentifier>
        <title>Eastern Washington University Herbarium Vascular Plants.</title>
            <creator>
            <individualName>
<givenName>Robin</givenName>                    <surName>O&apos;Quinn</surName>
            </individualName>
<organizationName>Eastern Washington University</organizationName><positionName>Curator</positionName>            <address>
<city>Cheney</city><administrativeArea>Washington</administrativeArea><country>UNITED_STATES</country>            </address>
<electronicMailAddress>roquinn@ewu.edu</electronicMailAddress>            </creator>
            <associatedParty>
            <individualName>
<givenName>David</givenName>                    <surName>Giblin</surName>
            </individualName>
<electronicMailAddress>dgiblin@uw.edu</electronicMailAddress>            <role>USER</role>
            </associatedParty>
            <pubDate>
                2023-07-01
            </pubDate>
        <language>ENGLISH</language>
            <abstract>
                    <para>Vascular plants of the Eastern Washington University Herbarium.</para>
            </abstract>
                <keywordSet>
                        <keyword>Occurrence</keyword>
                        <keywordThesaurus>GBIF Dataset Type Vocabulary: http://rs.gbif.org/vocabulary/gbif/dataset_type_2015-07-10.xml</keywordThesaurus>
                </keywordSet>
                <keywordSet>
                        <keyword>Specimen</keyword>
                        <keywordThesaurus>GBIF Dataset Subtype Vocabulary: http://rs.gbif.org/vocabulary/gbif/dataset_subtype.xml</keywordThesaurus>
                </keywordSet>
            <intellectualRights>
                    <para>This work is licensed under a <ulink url="http://creativecommons.org/licenses/by/4.0/legalcode"><citetitle>Creative Commons Attribution (CC-BY) 4.0 License</citetitle></ulink>.</para>
            </intellectualRights>
            <maintenance>
                <description>
                    <para></para>
                </description>
                <maintenanceUpdateFrequency>monthly</maintenanceUpdateFrequency>
            </maintenance>
            <contact>
            <individualName>
<givenName>Robin</givenName>                    <surName>O&apos;Quinn</surName>
            </individualName>
<organizationName>Eastern Washington University</organizationName><positionName>Curator</positionName>            <address>
<city>Cheney</city><administrativeArea>WA</administrativeArea><country>UNITED_STATES</country>            </address>
<electronicMailAddress>roquinn@ewu.edu</electronicMailAddress>            </contact>

    </dataset>

    <additionalMetadata>
        <metadata>
            <gbif>
                <dateStamp>2023-07-05T19:30:54Z</dateStamp>
                <citation>O&apos;Quinn R (2023). Eastern Washington University Herbarium Vascular Plants.. Version 1.4. Consortium of Pacific Northwest Herbaria. Occurrence dataset https://doi.org/10.15468/465suw accessed via GBIF.org on 2023-07-05.</citation>
            </gbif>
        </metadata>
    </additionalMetadata>

</eml:eml>
