<?xml version="1.0" encoding="utf-8"?>
<eml:eml xmlns:eml="eml://ecoinformatics.org/eml-2.1.1" xmlns:xsi="http://www.w3.org/2001/XMLSchema-instance"
         xsi:schemaLocation="eml://ecoinformatics.org/eml-2.1.1 http://rs.gbif.org/schema/eml-gbif-profile/1.2/eml.xsd"
packageId="b2df52a4-6143-46d5-8727-f808d8e25feb"  system="http://gbif.org" scope="system"
xml:lang="fr">

    <dataset>
            <alternateIdentifier>10.15468/tn8tu9</alternateIdentifier>
                <alternateIdentifier>b2df52a4-6143-46d5-8727-f808d8e25feb</alternateIdentifier>
                <alternateIdentifier>http://ipt.african-herbaria.org/resource?r=afr_specimens</alternateIdentifier>
        <title>Collections des Herbiers d’Afrique de l&apos;Ouest et d&apos;Afrique Centrale</title>
            <creator>
            <individualName>
<givenName>Raoufou Pierre</givenName>                    <surName>Radji</surName>
            </individualName>
<organizationName>Université de Lomé, GBIF TOGO</organizationName><positionName>Professor/Herbarium Curator</positionName>            <address>
<deliveryPoint>255 rue des Troènes , Hedzranawé, Lomé</deliveryPoint><city>Lomé</city><administrativeArea>Maritim</administrativeArea><postalCode>6BP 6135</postalCode><country>TOGO</country>            </address>
<phone>+22890045114</phone><electronicMailAddress>pradji@univ-lome.tg</electronicMailAddress>            <userId directory="http://orcid.org/">0000-0001-6597-8438</userId>
            </creator>
            <creator>
            <individualName>
<givenName>Sékou</givenName>                    <surName>Magassouba</surName>
            </individualName>
<organizationName>HNG</organizationName><positionName>Herbarium curator</positionName>            <address>
<country>GUINEA</country>            </address>
            </creator>
            <creator>
            <individualName>
<givenName>Nestor Laurier</givenName>                    <surName>Engone Obiang</surName>
            </individualName>
<organizationName>IPHAMETRA - CENAREST (Herbier National du Gabon)</organizationName><positionName>Herbarium curator</positionName>            <address>
<country>GABON</country>            </address>
            </creator>
            <creator>
            <individualName>
<givenName>Jean Lagarde</givenName>                    <surName>Betti</surName>
            </individualName>
<organizationName>Herbier national du Cameroun</organizationName><positionName>Herbarium curator</positionName>            <address>
<country>CAMEROON</country>            </address>
            </creator>
            <creator>
            <individualName>
<givenName>Kouao Jean</givenName>                    <surName>Koffi</surName>
            </individualName>
<organizationName>Centre National de Floristique - Université Nangui Abrogoua</organizationName><positionName>Herbarium curator</positionName>            <address>
<country>CÔTE_DIVOIRE</country>            </address>
            </creator>
            <creator>
            <individualName>
<givenName>Hounnankpon</givenName>                    <surName>Yedomonhan</surName>
            </individualName>
<organizationName>Herbier national du Bénin</organizationName><positionName>Herbarium curator</positionName>            <address>
<country>BENIN</country>            </address>
            </creator>
            <metadataProvider>
            <individualName>
<givenName>Raoufou Pierre</givenName>                    <surName>Radji</surName>
            </individualName>
<organizationName>Université de Lomé, GBIF TOGO</organizationName><positionName>Professor/Herbarium Curator</positionName>            <address>
<deliveryPoint>255 rue des Troènes , Hedzranawé, Lomé</deliveryPoint><city>Lomé</city><administrativeArea>Maritim</administrativeArea><postalCode>6BP 6135</postalCode><country>TOGO</country>            </address>
<phone>+22890045114</phone><electronicMailAddress>pradji@univ-lome.tg</electronicMailAddress>            <userId directory="http://orcid.org/">0000-0001-6597-8438</userId>
            </metadataProvider>
            <associatedParty>
            <individualName>
                    <surName>GBIF France</surName>
            </individualName>
<organizationName>GBIF France</organizationName><positionName>IT support</positionName>            <address>
<deliveryPoint>43 rue Buffon</deliveryPoint><city>Paris</city><administrativeArea>Île-de-France</administrativeArea><postalCode>75005</postalCode><country>FRANCE</country>            </address>
<phone>+33140798065</phone><electronicMailAddress>connexion@gbif.fr</electronicMailAddress><onlineUrl>http://www.gbif.fr</onlineUrl>            <role>DISTRIBUTOR</role>
            </associatedParty>
            <pubDate>
                2023-04-07
            </pubDate>
        <language>ENGLISH</language>
            <abstract>
                    <para>Dans la plupart des Herbiers d‘Afrique, la numérisation des collections botaniques est une activité qui prend de plus en plus d’ampleur pour la sauvegarde des données ainsi que la valorisation des données sur la biodiversité. La numérisation des spécimens d’herbiers et la mise en relation de leurs données d’étiquettes dans les bases de données fournissent des instruments évidents de consultation, d’échange et d’analyse pour les recherches en systématique, en biogéographie, en écologie et aujourd’hui en biodiversité informatique.

Dans le cadre des recherches pluridisciplinaires, il est apparu évident que la connaissance de la flore est nécessaire pour les chercheurs qui doivent intervenir sur le terrain (anthropologues, botanistes, entomologistes, écologues, paléo environnementalistes, bio-informaticiens, etc.).

Par ailleurs, le volume des informations de la biodiversité donné sur l’Afrique devenant de plus en plus important avec son lot d’incertitudes, il devient important de mutualiser les capacités réelles et actuelles disponibles au sein des musées de la biodiversité et mettre en réseau ces données botaniques au service des décideurs pour la conservation de la biodiversité, au service de la recherche scientifique et pour le bien-être des populations.

En effet, des travaux de recherche ont permis de produire des données floristiques sur tous les pays notamment le Bénin, Cameroun, Côte d’Ivoire, Gabon, Guinée et Togo, en particulier sur leurs Herbiers référence. Ces données sont dispersées dans les bases de données appartenant aux Herbiers nationaux des différents pays et à leurs partenaires Herbier national de du MNHN (P), Herbier de Strasbourg (STR) ou Nationaal Herbarium Nederlands (WAG), ou dans des documents parfois peu diffusés.

Il s’agit de mutualiser ces données sur une plate-forme floristique à partir des échantillons disponibles dans les Herbiers des pays partenaires du projet. Cette plate-forme intègre aussi les savoirs endogènes des ethnies locales sur les plantes, les photos des taxons et autres illustrations.

Cette plateforme régionale est aussi un dispositif au Sud pour valoriser les collections locales au même titre que les grandes institutions du Nord.

Elle est mise à la disposition des équipes scientifiques et des partenaires dans le but d’aider à l’identification des espèces sur le terrain et en herbier et de produire une liste contrôlée des noms des plantes de la région concernée et elle offrira aussi d’autres fonctionnalités, comme, des outils de gestion et de recherche cartographique. Elle pointera sur le site du GBIF : www.gbif.org.

Objectif général : Mise en place d’une plate-forme floristique des Herbiers d’Afrique de l’Ouest (en partie) pour aider à l’identification des plantes, à la documentation de la connaissance de la flore et au partage des données de la biodiversité des pays participants.  En gros faire de la métadonnée sous-régionale qui soit le noyau de quelque chose de plus intégrant.

Le consortium pilote se veut aussi de mettre en place un fleuron associatif des herbiers d’Afrique et chercher à se donner les moyens de sa concrétisation avec un projet plus grand qui verrait la participation des herbiers des autres pays d’Afrique.

La plateforme veut vivre par le biais d’un collectif animateur et jette les bases de cette collaboration régionale dans l’espoir de l’élargissement de cette équipe aux herbiers aujourd’hui absent.</para>
            </abstract>
                <keywordSet>
                        <keyword>Occurrence</keyword>
                        <keywordThesaurus>GBIF Dataset Type Vocabulary: http://rs.gbif.org/vocabulary/gbif/dataset_type_2015-07-10.xml</keywordThesaurus>
                </keywordSet>
                <keywordSet>
                        <keyword>Specimen</keyword>
                        <keywordThesaurus>GBIF Dataset Subtype Vocabulary: http://rs.gbif.org/vocabulary/gbif/dataset_subtype.xml</keywordThesaurus>
                </keywordSet>
            <intellectualRights>
                    <para>This work is licensed under a <ulink url="http://creativecommons.org/licenses/by/4.0/legalcode"><citetitle>Creative Commons Attribution (CC-BY) 4.0 License</citetitle></ulink>.</para>
            </intellectualRights>
            <distribution scope="document">
                <online>
                    <url function="information">http://www.african-herbaria.org</url>
                </online>
            </distribution>
            <coverage>
                    <geographicCoverage>
                            <geographicDescription>This dataset covers countries as Benin, Cote d&apos;Ivoire, Cameroun, Gabon, Guinea, and Togo.</geographicDescription>
                            <boundingCoordinates>
                                <westBoundingCoordinate>-17.842</westBoundingCoordinate>
                                <eastBoundingCoordinate>16.392</eastBoundingCoordinate>
                                <northBoundingCoordinate>12.64</northBoundingCoordinate>
                                <southBoundingCoordinate>-0.088</southBoundingCoordinate>
                            </boundingCoordinates>
                    </geographicCoverage>
            </coverage>
            <maintenance>
                <description>
                    <para></para>
                </description>
                <maintenanceUpdateFrequency>unkown</maintenanceUpdateFrequency>
            </maintenance>
            <contact>
            <individualName>
<givenName>Raoufou Pierre</givenName>                    <surName>Radji</surName>
            </individualName>
<organizationName>Université de Lomé, GBIF TOGO</organizationName><positionName>Professor/Herbarium Curator</positionName>            <address>
<deliveryPoint>255 rue des Troènes , Hedzranawé, Lomé</deliveryPoint><city>Lomé</city><administrativeArea>Maritim</administrativeArea><postalCode>6BP 6135</postalCode><country>TOGO</country>            </address>
<phone>+22890045114</phone><electronicMailAddress>pradji@univ-lome.tg</electronicMailAddress>            <userId directory="http://orcid.org/">0000-0001-6597-8438</userId>
            </contact>

            <project id="BID-AF2020-040-REG">
                <title>Progress towards a regional data platform of West and Central African Herbaria (Benin, Cameroon, Côte d’Ivoire, Gabon, Guinea, Togo)</title>
                    <personnel>
            <individualName>
<givenName>Raoufou Pierre</givenName>                    <surName>Radji</surName>
            </individualName>
            <userId directory="http://orcid.org/">0000-0001-6597-8438</userId>
            <role>PRINCIPAL_INVESTIGATOR</role>
                    </personnel>
                <abstract>
                    <para>The databasing (label information capture) and digitization (scan) of key African herbaria have been ongoing since the early 2000s.  Many are now fully databased -e.g. in Benin, Cameroon, Côte d’Ivoire, Gabon, Togo-, and partially digitized.
Recently, a BID project has allowed developing a platform around Gabon National herbarium, including a user portal, connection to GBIF, and a very detailed set of functionalities for databasing and curating the collection.  The platform was then adapted in Congo within &apos;Sud Expert Plantes&apos; Programme.
Conditions now seem to be met for the next step: integrate the platform modules in a workflow based on LA software, and network herbaria collections in West and Central Africa by extending the platform to the regional scale. This regional platform will allow data sharing and promote better coordination between the countries in mobilizing biodiversity information of key interest for decision-making, education and research. Beyond collections, the platform will include further contents: published and grey literature, links to relevant national and international databases, as well as local knowledge, taxa pictures, and other illustration, so as to answer at best the needs expressed by the regional botanists’ associations ABAO and REBAC.
In terms of software, this project will give a concrete example of how a BID project can produce sustainable and reusable tools, and of how BID can apply the FAIRS  principles.</para>
                </abstract>
                <funding>
                    <para>This project is funded by the European Commission on BID (Biodiversity Information for Development) Programme, through GBIF.</para>
                </funding>
                    <studyAreaDescription>
                        <descriptor name="generic" citableClassificationSystem="false">
                            <descriptorValue>The following partners are involved:
●	The first kernel of National herbaria as platform members include: Togo HNT (coordinator), Benin HNB, Côte d’Ivoire CNF, Guinea HNG, and Cameroon HNC, and Gabon HNGa will share its experience in using the platform at a national scale.
●	PatriNat Unit in Paris Museum, European partner as technical support from GBIF France, and sharing experience in data validation, biodiversity assessment, and providing decision support.</descriptorValue>
                        </descriptor>
                    </studyAreaDescription>
                    <designDescription>
                        <description>
                            <para>During a regional workshop in Lomé in 2009, participants from Benin, Côte-d&apos;Ivoire, Guinea, Mauritania, Senegal, and Togo discussed the current evolution of herbaria and their progress in databasing and digitizing. They shared experience in herbaria management and in ways to make the best of these reservoirs of biodiversity information. They expressed the need to network and share their data to better support decision and improve policies in biodiversity management and conservation.
Confirmed by ABAO and REBAC, this need is in line with the current axis 2 of Togo’s National Development Program and even more so with Africa&apos;s environmental policy, in particular, &quot;Reversing the trends of degradation and reduction of natural resources, improving the management of the environmental heritage to support development&quot;.
It covers a range of issues, addressed by the platform to mobilize available data in a FAIRS approach::
●	share quality and up-to-date data &amp; analysis from several West and Central Africa countries, at the regional and global scale (including within GBIF)
●	enhance South/South research collaboration
●	improve regional involvement in international communities (eg GBIF, LA)
●	enrich the regional LA platform and GBIF.org with an automatic workflow fetching data from national databases
●	reinforce the involvement of scientists in decision-making at the national &amp; regional scales
●	provide policy-makers with efficient tools for environment data management/use 
●	contribute to sustainable development by integrating biodiversity data into environmental policies
The platform is meant to be a pilot around pioneer countries, to be extended to other countries in the near future.</para>
                        </description>
                    </designDescription>
            </project>
    </dataset>

    <additionalMetadata>
        <metadata>
            <gbif>
                <dateStamp>2023-07-05T19:31:29Z</dateStamp>
                <citation>Radji R P, Magassouba S, Engone Obiang N L, Betti J L, Koffi K J, Yedomonhan H (2023). Collections des Herbiers d’Afrique de l&apos;Ouest et d&apos;Afrique Centrale. Version 1.2. Université de Lomé. Occurrence dataset https://doi.org/10.15468/tn8tu9 accessed via GBIF.org on 2023-07-05.</citation>
                    <resourceLogoUrl>http://ipt.african-herbaria.org/logo.do?r=afr_specimens</resourceLogoUrl>
            </gbif>
        </metadata>
    </additionalMetadata>

</eml:eml>
