<?xml version="1.0" encoding="utf-8"?>
<eml:eml xmlns:eml="eml://ecoinformatics.org/eml-2.1.1" xmlns:xsi="http://www.w3.org/2001/XMLSchema-instance"
         xsi:schemaLocation="eml://ecoinformatics.org/eml-2.1.1 http://rs.gbif.org/schema/eml-gbif-profile/1.2/eml.xsd"
packageId="b5391d07-89b5-48af-847e-a2b19cc168a4"  system="http://gbif.org" scope="system"
xml:lang="en">

    <dataset>
            <alternateIdentifier>10.15468/ajmn3j</alternateIdentifier>
                <alternateIdentifier>https://www.sernecportal.org/portal/collections/misc/collprofiles.php?collid=307</alternateIdentifier>
        <title>James Madison University Herbarium</title>
            <creator>
<organizationName>SERNEC</organizationName><electronicMailAddress>hbrown@mailbox.sc.edu</electronicMailAddress><onlineUrl>https://www.sernecportal.org/portal/index.php</onlineUrl>            </creator>
            <metadataProvider>
<organizationName>SERNEC</organizationName><electronicMailAddress>hbrown@mailbox.sc.edu</electronicMailAddress><onlineUrl>https://www.sernecportal.org/portal/index.php</onlineUrl>            </metadataProvider>
            <associatedParty>
            <individualName>
                    <surName>Conley McMullen</surName>
            </individualName>
<electronicMailAddress>mcmullck@jmu.edu</electronicMailAddress>            <role>CONTENT_PROVIDER</role>
            </associatedParty>
            <pubDate>
                2023-06-27
            </pubDate>
        <language>ENGLISH</language>
            <intellectualRights>
                    <para>This work is licensed under a <ulink url="http://creativecommons.org/licenses/by-nc/4.0/legalcode"><citetitle>Creative Commons Attribution Non Commercial (CC-BY-NC) 4.0 License</citetitle></ulink>.</para>
            </intellectualRights>
            <contact>
<organizationName>James Madison University Herbarium</organizationName><electronicMailAddress>mcmullck@jmu.edu</electronicMailAddress>            </contact>

    </dataset>

    <additionalMetadata>
        <metadata>
            <gbif>
                <dateStamp>2023-07-05T19:31:23Z</dateStamp>
                <citation>James Madison University (2023). James Madison University Herbarium. Occurrence dataset https://doi.org/10.15468/ajmn3j accessed via GBIF.org on 2023-07-05.</citation>
            </gbif>
        </metadata>
    </additionalMetadata>

</eml:eml>
