<?xml version="1.0" encoding="utf-8"?>
<eml:eml xmlns:eml="eml://ecoinformatics.org/eml-2.1.1" xmlns:xsi="http://www.w3.org/2001/XMLSchema-instance"
         xsi:schemaLocation="eml://ecoinformatics.org/eml-2.1.1 http://rs.gbif.org/schema/eml-gbif-profile/1.2/eml.xsd"
packageId="bb0366a9-2a7e-44f8-9c9a-e49c23dae2f8"  system="http://gbif.org" scope="system"
xml:lang="en">

    <dataset>
            <alternateIdentifier>10.15468/sgspw4</alternateIdentifier>
                <alternateIdentifier>https://sernecportal.org/portal/collections/misc/collprofiles.php?collid=309</alternateIdentifier>
        <title>University of Louisiana at Monroe Herbarium, R. Dale Thomas Collection</title>
            <creator>
<organizationName>SERNEC</organizationName><electronicMailAddress>hbrown@mailbox.sc.edu</electronicMailAddress><onlineUrl>https://sernecportal.org/portal/index.php</onlineUrl>            </creator>
            <metadataProvider>
<organizationName>SERNEC</organizationName><electronicMailAddress>hbrown@mailbox.sc.edu</electronicMailAddress><onlineUrl>https://sernecportal.org/portal/index.php</onlineUrl>            </metadataProvider>
            <associatedParty>
            <individualName>
                    <surName>Tiana Rehman</surName>
            </individualName>
<electronicMailAddress>trehman@brit.org</electronicMailAddress>            <role>CONTENT_PROVIDER</role>
            </associatedParty>
            <pubDate>
                2023-06-19
            </pubDate>
        <language>ENGLISH</language>
            <abstract>
                    <para>The R. Dale Thomas Collection - University of Louisiana Monroe (NLU) collection was transferred to the Botanical Research Institute of Texas in 2017. Additionally in 2018-2019, more than 50,000 NLU specimens were transferred to the Shirley C. Tucker Herbarium (LSU) at Lousiana State University. Please contact Tiana Rehman (trehman&amp;#64;brit.org) with any questions regarding the collection.</para>
            </abstract>
            <intellectualRights>
                    <para>To the extent possible under law, the publisher has waived all rights to these data and has dedicated them to the <ulink url="http://creativecommons.org/publicdomain/zero/1.0/legalcode"><citetitle>Public Domain (CC0 1.0)</citetitle></ulink>. Users may copy, modify, distribute and use the work, including for commercial purposes, without restriction.</para>
            </intellectualRights>
            <contact>
<organizationName>University of Louisiana at Monroe Herbarium, R. Dale Thomas Collection</organizationName><phone>817-332-4441</phone><electronicMailAddress>trehman@brit.org</electronicMailAddress><onlineUrl>http://www.brit.org/research/collections/nlu</onlineUrl>            </contact>

    </dataset>

    <additionalMetadata>
        <metadata>
            <gbif>
                <dateStamp>2023-07-05T19:30:49Z</dateStamp>
                <citation>Botanical Research Institute of Texas (2023). University of Louisiana at Monroe Herbarium, R. Dale Thomas Collection. Occurrence dataset https://doi.org/10.15468/sgspw4 accessed via GBIF.org on 2023-07-05.</citation>
            </gbif>
        </metadata>
    </additionalMetadata>

</eml:eml>
