<?xml version="1.0" encoding="utf-8"?>
<eml:eml xmlns:eml="eml://ecoinformatics.org/eml-2.1.1" xmlns:xsi="http://www.w3.org/2001/XMLSchema-instance"
         xsi:schemaLocation="eml://ecoinformatics.org/eml-2.1.1 http://rs.gbif.org/schema/eml-gbif-profile/1.2/eml.xsd"
packageId="cc09386c-43a4-4a12-8ae4-d25610645250"  system="http://gbif.org" scope="system"
xml:lang="en">

    <dataset>
            <alternateIdentifier>10.15468/dlvoyt</alternateIdentifier>
                <alternateIdentifier>https://swbiodiversity.org/seinet/collections/misc/collprofiles.php?collid=21</alternateIdentifier>
                <alternateIdentifier>http://swbiodiversity.org/seinet/collections/misc/collprofiles.php?collid=21</alternateIdentifier>
        <title>University of New Mexico Herbarium</title>
            <creator>
<organizationName>SEINet Portal Network</organizationName><electronicMailAddress>seinetAdmin@asu.edu</electronicMailAddress><onlineUrl>https://swbiodiversity.org/seinet/index.php</onlineUrl>            </creator>
            <metadataProvider>
<organizationName>SEINet Portal Network</organizationName><electronicMailAddress>seinetAdmin@asu.edu</electronicMailAddress><onlineUrl>https://swbiodiversity.org/seinet/index.php</onlineUrl>            </metadataProvider>
            <associatedParty>
            <individualName>
<givenName>Hannah</givenName>                    <surName>Marx</surName>
            </individualName>
<positionName>Curator</positionName><electronicMailAddress>hmarx@unm.edu</electronicMailAddress>            <role>CONTENT_PROVIDER</role>
            </associatedParty>
            <associatedParty>
            <individualName>
<givenName>Harpo</givenName>                    <surName>Faust</surName>
            </individualName>
<positionName>Collections Manager</positionName><electronicMailAddress>harpofaust@unm.edu</electronicMailAddress>            <role>CONTENT_PROVIDER</role>
            </associatedParty>
            <pubDate>
                2023-06-16
            </pubDate>
        <language>ENGLISH</language>
            <abstract>
                    <para>The Museum of Southwestern Biology houses New Mexico’s largest herbarium. Our focus is mainly to document and preserve a record of the flora of the state. We have 130,000 specimens; most are from New Mexico and the southwestern U.S. Our primary international holdings are from Mexico. As the fifth largest state we are relatively unexplored and species new to science are still being discovered, documented, and described. Our specimens represent over 7700 species and serve as a reference for what’s been documented within our region. Additional UNM Collections: Bryophyte Collection within the CNABH Portal Lichen Collection within the CNALH Portal Mycological Collection within the MycoPortal</para>
            </abstract>
            <intellectualRights>
                    <para>This work is licensed under a <ulink url="http://creativecommons.org/licenses/by/4.0/legalcode"><citetitle>Creative Commons Attribution (CC-BY) 4.0 License</citetitle></ulink>.</para>
            </intellectualRights>
            <contact>
<organizationName>University of New Mexico Herbarium</organizationName><phone>(505) 277-3781</phone><electronicMailAddress>hmarx@unm.edu</electronicMailAddress><onlineUrl>http://msb.unm.edu/divisions/herbarium/index.html</onlineUrl>            </contact>

    </dataset>

    <additionalMetadata>
        <metadata>
            <gbif>
                <dateStamp>2023-07-05T19:31:19Z</dateStamp>
                <citation>University of New Mexico Herbarium (UNM) (2023). University of New Mexico Herbarium. Occurrence dataset https://doi.org/10.15468/dlvoyt accessed via GBIF.org on 2023-07-05.</citation>
            </gbif>
        </metadata>
    </additionalMetadata>

</eml:eml>
