<?xml version="1.0" encoding="utf-8"?>
<eml:eml xmlns:eml="eml://ecoinformatics.org/eml-2.1.1" xmlns:xsi="http://www.w3.org/2001/XMLSchema-instance"
         xsi:schemaLocation="eml://ecoinformatics.org/eml-2.1.1 http://rs.gbif.org/schema/eml-gbif-profile/1.2/eml.xsd"
packageId="d39570b9-2972-4dbb-b41f-6826823176ae"  system="http://gbif.org" scope="system"
xml:lang="en">

    <dataset>
            <alternateIdentifier>10.15468/4mcws9</alternateIdentifier>
                <alternateIdentifier>d39570b9-2972-4dbb-b41f-6826823176ae</alternateIdentifier>
                <alternateIdentifier>http://ipt.vertnet.org:8080/ipt/resource?r=jsnm_herb</alternateIdentifier>
        <title>Jurica-Suchy Nature Museum at Benedictine University Herbarium Specimens (Arctos)</title>
            <creator>
            <individualName>
<givenName>Colleen</givenName>                    <surName>Filipek</surName>
            </individualName>
<organizationName>Jurica-Suchy Nature Museum, Benedictine University</organizationName><positionName>Collections Manager</positionName>            <address>
<deliveryPoint>Birck Hall, Room 215, 5700 College Road</deliveryPoint><city>Lisle</city><administrativeArea>Illinois</administrativeArea><postalCode>60532</postalCode><country>UNITED_STATES</country>            </address>
<electronicMailAddress>cfilipek@ben.edu</electronicMailAddress><onlineUrl>https://www.ben.edu/museum/</onlineUrl>            </creator>
            <creator>
            <individualName>
<givenName>Karly</givenName>                    <surName>Tumminello</surName>
            </individualName>
<organizationName>Jurica-Suchy Nature Museum, Benedictine University</organizationName><positionName>Director/Curator</positionName>            <address>
<deliveryPoint>Birck Hall, Room 229, 5700 College Road</deliveryPoint><city>Lisle</city><administrativeArea>Illinois</administrativeArea><postalCode>60532</postalCode><country>UNITED_STATES</country>            </address>
<phone>630-829-6531</phone><electronicMailAddress>ktumminello@ben.edu</electronicMailAddress><onlineUrl>https://www.ben.edu/museum/</onlineUrl>            </creator>
            <metadataProvider>
            <individualName>
<givenName>Colleen</givenName>                    <surName>Filipek</surName>
            </individualName>
<organizationName>Jurica-Suchy Nature Museum, Benedictine University</organizationName><positionName>Collections Manager</positionName>            <address>
<deliveryPoint>Birck Hall, Room 215, 5700 College Road</deliveryPoint><city>Lisle</city><administrativeArea>Illinois</administrativeArea><postalCode>60532</postalCode><country>UNITED_STATES</country>            </address>
<electronicMailAddress>cfilipek@ben.edu</electronicMailAddress><onlineUrl>https://www.ben.edu/museum/</onlineUrl>            </metadataProvider>
            <associatedParty>
            <individualName>
<givenName>David</givenName>                    <surName>Bloom</surName>
            </individualName>
<organizationName>VertNet</organizationName><positionName>VertNet Coordinator</positionName><electronicMailAddress>dbloom@vertnet.org</electronicMailAddress><onlineUrl>http://www.vertnet.org</onlineUrl>            <role>PROGRAMMER</role>
            </associatedParty>
            <associatedParty>
            <individualName>
<givenName>John</givenName>                    <surName>Wieczorek</surName>
            </individualName>
<organizationName>VertNet</organizationName><positionName>Information Architect</positionName><electronicMailAddress>tuco@berkeley.edu</electronicMailAddress><onlineUrl>http://www.vertnet.org</onlineUrl>            <role>PROGRAMMER</role>
            </associatedParty>
            <pubDate>
                2023-06-10
            </pubDate>
        <language>ENGLISH</language>
            <abstract>
                    <para>The Jurica-Suchy Nature Museum is a small natural history museum located on the second floor of the Michael and Kay Birck Hall of Science at Benedictine University. The museum represents the work of Fr. Hilary Jurica, O.S.B. and his brother, Fr. Edmund Jurica, O.S.B. who collected specimens for their students to use during their almost 100 combined years of teaching at Benedictine University. In the early 1970&amp;#39;s, the Museum was placed in the hands of Fr. Theodore Suchy, O.S.B. who turned their collection of specimens into a thriving nature museum. Fr. Ted continued collecting and the collection grew to over 10,000 specimens, ranging from a tiny aphid to a whale skeleton.  The Herbarium collection was started by Fathers Hilary and Edmund Jurica, O.S.B. The purpose of the collection is to help visualize and identify plants over time.</para>
            </abstract>
                <keywordSet>
                        <keyword>Occurrence</keyword>
                        <keywordThesaurus>GBIF Dataset Type Vocabulary: http://rs.gbif.org/vocabulary/gbif/dataset_type.xml</keywordThesaurus>
                </keywordSet>
                <keywordSet>
                        <keyword>Specimen</keyword>
                        <keywordThesaurus>GBIF Dataset Type Vocabulary: http://rs.gbif.org/vocabulary/gbif/dataset_type.xml</keywordThesaurus>
                </keywordSet>
                <keywordSet>
                        <keyword>Occurrence</keyword>
                        <keywordThesaurus>GBIF Dataset Type Vocabulary: http://rs.gbif.org/vocabulary/gbif/dataset_type_2015-07-10.xml</keywordThesaurus>
                </keywordSet>
                <keywordSet>
                        <keyword>Specimen</keyword>
                        <keywordThesaurus>GBIF Dataset Subtype Vocabulary: http://rs.gbif.org/vocabulary/gbif/dataset_subtype.xml</keywordThesaurus>
                </keywordSet>
            <additionalInfo>
                <para>http://vertnet.org/resources/norms.html</para>
            </additionalInfo>
            <intellectualRights>
                    <para>This work is licensed under a <ulink url="http://creativecommons.org/licenses/by/4.0/legalcode"><citetitle>Creative Commons Attribution (CC-BY) 4.0 License</citetitle></ulink>.</para>
            </intellectualRights>
            <distribution scope="document">
                <online>
                    <url function="information">https://www.ben.edu/museum/</url>
                </online>
            </distribution>
            <coverage>
                    <geographicCoverage>
                            <geographicDescription>The Herbarium specimens held at the Jurica-Suchy Nature Museum have been collected from around the world, primarily Europe and the Americas. The largest portion of Herbarium specimens were collected in the Midwestern region of the United States.</geographicDescription>
                            <boundingCoordinates>
                                <westBoundingCoordinate>-180</westBoundingCoordinate>
                                <eastBoundingCoordinate>180</eastBoundingCoordinate>
                                <northBoundingCoordinate>90</northBoundingCoordinate>
                                <southBoundingCoordinate>-90</southBoundingCoordinate>
                            </boundingCoordinates>
                    </geographicCoverage>
                        <taxonomicCoverage>
                                <generalTaxonomicCoverage>Any plant taxa. The Jurica-Suchy Nature Museum does not have a specific focus, we house many different plant classes in our collection.</generalTaxonomicCoverage>
                                <taxonomicClassification>
                                        <taxonRankName>Kingdom</taxonRankName>
                                    <taxonRankValue>Plantae</taxonRankValue>
                                </taxonomicClassification>
                                <taxonomicClassification>
                                        <taxonRankName>Class</taxonRankName>
                                    <taxonRankValue>Magnoliopsida</taxonRankValue>
                                </taxonomicClassification>
                                <taxonomicClassification>
                                        <taxonRankName>Class</taxonRankName>
                                    <taxonRankValue>Pinopsida</taxonRankValue>
                                </taxonomicClassification>
                                <taxonomicClassification>
                                        <taxonRankName>Class</taxonRankName>
                                    <taxonRankValue>Gnetopsida</taxonRankValue>
                                </taxonomicClassification>
                                <taxonomicClassification>
                                        <taxonRankName>Class</taxonRankName>
                                    <taxonRankValue>Equisetopsida</taxonRankValue>
                                </taxonomicClassification>
                                <taxonomicClassification>
                                        <taxonRankName>Class</taxonRankName>
                                    <taxonRankValue>Lycopodiopsida</taxonRankValue>
                                </taxonomicClassification>
                                <taxonomicClassification>
                                        <taxonRankName>Class</taxonRankName>
                                    <taxonRankValue>Charophyceae</taxonRankValue>
                                </taxonomicClassification>
                                <taxonomicClassification>
                                        <taxonRankName>Class</taxonRankName>
                                    <taxonRankValue>Chlorophyceae</taxonRankValue>
                                </taxonomicClassification>
                                <taxonomicClassification>
                                        <taxonRankName>Class</taxonRankName>
                                    <taxonRankValue>Ulvophyceae</taxonRankValue>
                                </taxonomicClassification>
                                <taxonomicClassification>
                                        <taxonRankName>Class</taxonRankName>
                                    <taxonRankValue>Rhodophyceae</taxonRankValue>
                                </taxonomicClassification>
                                <taxonomicClassification>
                                        <taxonRankName>Class</taxonRankName>
                                    <taxonRankValue>Liliopsida</taxonRankValue>
                                </taxonomicClassification>
                        </taxonomicCoverage>
            </coverage>
            <maintenance>
                <description>
                    <para></para>
                </description>
                <maintenanceUpdateFrequency>monthly</maintenanceUpdateFrequency>
            </maintenance>
            <contact>
            <individualName>
<givenName>Colleen</givenName>                    <surName>Filipek</surName>
            </individualName>
<organizationName>Jurica-Suchy Nature Museum, Benedictine University</organizationName><positionName>Collections Manager</positionName>            <address>
<deliveryPoint>Birck Hall, Room 215, 5700 College Road</deliveryPoint><city>Lisle</city><administrativeArea>Illinois</administrativeArea><postalCode>60532</postalCode><country>UNITED_STATES</country>            </address>
<electronicMailAddress>cfilipek@ben.edu</electronicMailAddress><onlineUrl>https://www.ben.edu/museum/</onlineUrl>            </contact>
            <contact>
            <individualName>
<givenName>Karly</givenName>                    <surName>Tumminello</surName>
            </individualName>
<organizationName>Jurica-Suchy Nature Museum, Benedictine University</organizationName><positionName>Director/Curator</positionName>            <address>
<deliveryPoint>Birck Hall, Room 229, 5700 College Road</deliveryPoint><city>Lisle</city><administrativeArea>Illinois</administrativeArea><postalCode>60532</postalCode><country>UNITED_STATES</country>            </address>
<phone>630-829-6531</phone><electronicMailAddress>ktumminello@ben.edu</electronicMailAddress><onlineUrl>https://www.ben.edu/museum/</onlineUrl>            </contact>
            <methods>
                    <methodStep>
                        <description>
                            <para></para>
                        </description>
                    </methodStep>
            </methods>

    </dataset>

    <additionalMetadata>
        <metadata>
            <gbif>
                <dateStamp>2023-07-05T19:31:17Z</dateStamp>
                <citation>Filipek C, Tumminello K (2023). Jurica-Suchy Nature Museum at Benedictine University Herbarium Specimens (Arctos). Version 1.21. Jurica-Suchy Nature Museum. Occurrence dataset https://doi.org/10.15468/4mcws9 accessed via GBIF.org on 2023-07-05.</citation>
                    <resourceLogoUrl>https://web.corral.tacc.utexas.edu/arctos-s3/cfilipek/2022-03-08/JSNM_Logo2.jpg</resourceLogoUrl>
                        <collection>
                            <parentCollectionIdentifier>JSNM</parentCollectionIdentifier>
                            <collectionIdentifier>https://arctos.database.museum/collection/JSNM:Herb</collectionIdentifier>
                            <collectionName>Jurica-Suchy Nature Museum at Benedictine University Herbarium specimens</collectionName>
                        </collection>
                        <specimenPreservationMethod>OTHER</specimenPreservationMethod>
                    <livingTimePeriod>1860-1979</livingTimePeriod>
            </gbif>
        </metadata>
    </additionalMetadata>

</eml:eml>
