<?xml version="1.0" encoding="utf-8"?>
<eml:eml xmlns:eml="eml://ecoinformatics.org/eml-2.1.1" xmlns:xsi="http://www.w3.org/2001/XMLSchema-instance"
         xsi:schemaLocation="eml://ecoinformatics.org/eml-2.1.1 http://rs.gbif.org/schema/eml-gbif-profile/1.2/eml.xsd"
packageId="d5ba665a-c07b-4379-85ff-15d7e3a9331a"  system="http://gbif.org" scope="system"
xml:lang="en">

    <dataset>
            <alternateIdentifier>10.15468/p5uq7x</alternateIdentifier>
                <alternateIdentifier>https://biodiversidad.gt/portal/collections/misc/collprofiles.php?collid=21</alternateIdentifier>
                <alternateIdentifier>https://serv.biokic.asu.edu/guatemala/portal/collections/misc/collprofiles.php?collid=21</alternateIdentifier>
        <title>USAC, CECON, Herbario USCG</title>
            <creator>
<organizationName>Biodiversidad de Guatemala</organizationName><electronicMailAddress>sorellana@asu.edu</electronicMailAddress><onlineUrl>https://biodiversidad.gt/portal/index.php</onlineUrl>            </creator>
            <metadataProvider>
<organizationName>Biodiversidad de Guatemala</organizationName><electronicMailAddress>sorellana@asu.edu</electronicMailAddress><onlineUrl>https://biodiversidad.gt/portal/index.php</onlineUrl>            </metadataProvider>
            <associatedParty>
            <individualName>
<givenName>Herbario</givenName>                    <surName>USCG-Cecon</surName>
            </individualName>
<electronicMailAddress>herbariouscg@gmail.com</electronicMailAddress>            <role>CONTENT_PROVIDER</role>
            </associatedParty>
            <associatedParty>
            <individualName>
<givenName>Maura</givenName>                    <surName>Quezada</surName>
            </individualName>
<positionName>Curadora</positionName><electronicMailAddress>herbariouscg@gmail.com</electronicMailAddress>            <userId directory="https://orcid.org/">0000-0002-8982-4350</userId>
            <role>CONTENT_PROVIDER</role>
            </associatedParty>
            <pubDate>
                2023-06-03
            </pubDate>
        <language>ENGLISH</language>
            <abstract>
                    <para>The Universidad de San Carlos de Guatemala Herbarium (USCG), created in 1923 by the Guatemalan botanist Ulises Rojas, is the oldest in the country. The USCG Herbarium contains more than 47,000 specimens from Guatemala, grouped in 273 families, 1,959 genera and 6,842 species of hepatics, mosses, ferns, vascular plants, lichens and macrofungi. / El Herbario Universidad de San Carlos de Guatemala (USCG), instaurado por el botánico guatemalteco Ulises Rojas en 1923, es el más antiguo del país. La colección del Herbario USCG cuenta actualmente con más de 47,000 ejemplares que corresponden a 273 familias, 1,959 géneros y 6,842 especies de hepáticas, musgos, helechos, plantas con semillas, líquenes y macrohongos.</para>
            </abstract>
            <intellectualRights>
                    <para>This work is licensed under a <ulink url="http://creativecommons.org/licenses/by-nc/4.0/legalcode"><citetitle>Creative Commons Attribution Non Commercial (CC-BY-NC) 4.0 License</citetitle></ulink>.</para>
            </intellectualRights>
            <contact>
<organizationName>USAC, CECON, Herbario USCG</organizationName>            </contact>

    </dataset>

    <additionalMetadata>
        <metadata>
            <gbif>
                <dateStamp>2023-07-05T19:30:26Z</dateStamp>
                <citation>Centro de Estudios Conservacionistas (CECON), Universidad de San Carlos de Guatemala (USAC) (2023). USAC, CECON, Herbario USCG. Occurrence dataset https://doi.org/10.15468/p5uq7x accessed via GBIF.org on 2023-07-05.</citation>
            </gbif>
        </metadata>
    </additionalMetadata>

</eml:eml>
