<?xml version="1.0" encoding="utf-8"?>
<eml:eml xmlns:eml="eml://ecoinformatics.org/eml-2.1.1" xmlns:xsi="http://www.w3.org/2001/XMLSchema-instance"
         xsi:schemaLocation="eml://ecoinformatics.org/eml-2.1.1 http://rs.gbif.org/schema/eml-gbif-profile/1.2/eml.xsd"
packageId="dcfed86f-a8fe-4219-8f1a-e6a5d9086163"  system="http://gbif.org" scope="system"
xml:lang="en">

    <dataset>
            <alternateIdentifier>10.15468/t0kp42</alternateIdentifier>
                <alternateIdentifier>https://science-net.kahaku.go.jp/ipt2/resource?r=snet-1051-101</alternateIdentifier>
                <alternateIdentifier>http://science-net.kahaku.go.jp/ipt2/resource?r=snet-1051-101</alternateIdentifier>
                <alternateIdentifier>http://gbif.science-net.kahaku.go.jp:8081/ipt2/resource?r=snet-1051-101</alternateIdentifier>
                <alternateIdentifier>dcfed86f-a8fe-4219-8f1a-e6a5d9086163</alternateIdentifier>
        <title>Plant specimens of Parthenon Tama Museum (PTHM)</title>
            <creator>
            <individualName>
<givenName>Kei</givenName>                    <surName>Senni</surName>
            </individualName>
<organizationName>Parthenon Tama Museum</organizationName><positionName>Culator</positionName>            <address>
<country>JAPAN</country>            </address>
<electronicMailAddress>senni@parthenon.or.jp</electronicMailAddress>            </creator>
            <metadataProvider>
            <individualName>
<givenName>Kei</givenName>                    <surName>Senni</surName>
            </individualName>
<organizationName>Parthenon Tama Museum</organizationName><positionName>Curator</positionName>            <address>
<country>JAPAN</country>            </address>
<electronicMailAddress>senni@parthenon.or.jp</electronicMailAddress>            </metadataProvider>
            <pubDate>
                2023-03-22
            </pubDate>
        <language>ENGLISH</language>
            <abstract>
                    <para>Plant specimens deposited at the Parthenon Tama Museum (PTHM)</para>
            </abstract>
                <keywordSet>
                        <keyword>Occurrence</keyword>
                        <keywordThesaurus>GBIF Dataset Type Vocabulary: http://rs.gbif.org/vocabulary/gbif/dataset_type_2015-07-10.xml</keywordThesaurus>
                </keywordSet>
            <intellectualRights>
                    <para>This work is licensed under a <ulink url="http://creativecommons.org/licenses/by/4.0/legalcode"><citetitle>Creative Commons Attribution (CC-BY) 4.0 License</citetitle></ulink>.</para>
            </intellectualRights>
            <maintenance>
                <description>
                    <para></para>
                </description>
                <maintenanceUpdateFrequency>unkown</maintenanceUpdateFrequency>
            </maintenance>
            <contact>
            <individualName>
<givenName>Kei</givenName>                    <surName>Senni</surName>
            </individualName>
<organizationName>Parthenon Tama Museum</organizationName><positionName>Curator</positionName>            <address>
<country>JAPAN</country>            </address>
<electronicMailAddress>senni@parthenon.or.jp</electronicMailAddress>            </contact>

    </dataset>

    <additionalMetadata>
        <metadata>
            <gbif>
                <dateStamp>2023-07-05T19:31:26Z</dateStamp>
                <citation>Senni K (2023). Plant specimens of Parthenon Tama Museum (PTHM). Version 1.5. National Museum of Nature and Science, Japan. Occurrence dataset https://doi.org/10.15468/t0kp42 accessed via GBIF.org on 2023-07-05.</citation>
            </gbif>
        </metadata>
    </additionalMetadata>

</eml:eml>
