<?xml version="1.0" encoding="utf-8"?>
<eml:eml xmlns:eml="eml://ecoinformatics.org/eml-2.1.1" xmlns:xsi="http://www.w3.org/2001/XMLSchema-instance"
         xsi:schemaLocation="eml://ecoinformatics.org/eml-2.1.1 http://rs.gbif.org/schema/eml-gbif-profile/1.2/eml.xsd"
packageId="dd3ae3d0-1fb5-11df-8ea3-b8a03c50a862"  system="http://gbif.org" scope="system"
xml:lang="en">

    <dataset>
            <alternateIdentifier>10.15468/4koyzo</alternateIdentifier>
                <alternateIdentifier>http://ipt.biodiversity.be/resource?r=nbgb_vp</alternateIdentifier>
                <alternateIdentifier>dd3ae3d0-1fb5-11df-8ea3-b8a03c50a862</alternateIdentifier>
                <alternateIdentifier>10874</alternateIdentifier>
        <title>Miscellaneous Vascular Plants</title>
            <creator>
            <individualName>
<givenName>Quentin</givenName>                    <surName>Groom</surName>
            </individualName>
<organizationName>Botanic Garden Meise</organizationName><positionName>Research Assistant</positionName>            <address>
<deliveryPoint>Nieuwelaan 38</deliveryPoint><city>Meise</city><postalCode>1060</postalCode><country>BELGIUM</country>            </address>
<electronicMailAddress>quentin.groom@botanicgardenmeise.be</electronicMailAddress>            </creator>
            <metadataProvider>
            <individualName>
<givenName>Nicolas</givenName>                    <surName>Noé</surName>
            </individualName>
<organizationName>Belgian Biodiversity Platform</organizationName><positionName>IT Expert</positionName>            <address>
<deliveryPoint>Avenue Louise 231</deliveryPoint><city>Brussels</city><postalCode>1050</postalCode><country>BELGIUM</country>            </address>
<electronicMailAddress>n.noe@biodiversity.be</electronicMailAddress>            </metadataProvider>
            <associatedParty>
            <individualName>
<givenName>Nicolas</givenName>                    <surName>Noe</surName>
            </individualName>
<electronicMailAddress>niconoe@ulb.ac.be</electronicMailAddress>            <role>USER</role>
            </associatedParty>
            <pubDate>
                2018-03-05
            </pubDate>
        <language>ENGLISH</language>
            <abstract>
                    <para>Miscellaneous records of vascular plants for monitoring purposes.</para>
            </abstract>
                <keywordSet>
                        <keyword>Occurrence</keyword>
                        <keywordThesaurus>GBIF Dataset Type Vocabulary: http://rs.gbif.org/vocabulary/gbif/dataset_type.xml</keywordThesaurus>
                </keywordSet>
                <keywordSet>
                        <keyword>Observation</keyword>
                        <keywordThesaurus>GBIF Dataset Subtype Vocabulary: http://rs.gbif.org/vocabulary/gbif/dataset_subtype.xml</keywordThesaurus>
                </keywordSet>
            <intellectualRights>
                    <para>To the extent possible under law, the publisher has waived all rights to these data and has dedicated them to the <ulink url="http://creativecommons.org/publicdomain/zero/1.0/legalcode"><citetitle>Public Domain (CC0 1.0)</citetitle></ulink>. Users may copy, modify, distribute and use the work, including for commercial purposes, without restriction.</para>
            </intellectualRights>
            <maintenance>
                <description>
                    <para></para>
                </description>
                <maintenanceUpdateFrequency>unkown</maintenanceUpdateFrequency>
            </maintenance>
            <contact>
            <individualName>
<givenName>Quentin</givenName>                    <surName>Groom</surName>
            </individualName>
<organizationName>Botanic Garden Meise</organizationName><positionName>Research Assistant</positionName>            <address>
<deliveryPoint>Nieuwelaan 38</deliveryPoint><city>Meise</city><postalCode>1060</postalCode><country>BELGIUM</country>            </address>
<electronicMailAddress>quentin.groom@botanicgardenmeise.be</electronicMailAddress>            </contact>

    </dataset>

    <additionalMetadata>
        <metadata>
            <gbif>
                <dateStamp>2023-07-05T19:31:00Z</dateStamp>
                <citation>Groom Q, Noé N (2018). Miscellaneous Vascular Plants. Meise Botanic Garden. Occurrence dataset https://doi.org/10.15468/4koyzo accessed via GBIF.org on 2023-07-05.</citation>
            </gbif>
        </metadata>
    </additionalMetadata>

</eml:eml>
