<?xml version="1.0" encoding="utf-8"?>
<eml:eml xmlns:eml="eml://ecoinformatics.org/eml-2.1.1" xmlns:xsi="http://www.w3.org/2001/XMLSchema-instance"
         xsi:schemaLocation="eml://ecoinformatics.org/eml-2.1.1 http://rs.gbif.org/schema/eml-gbif-profile/1.2/eml.xsd"
packageId="e05fd4c2-4d77-4c50-880e-1b22096af300"  system="http://gbif.org" scope="system"
xml:lang="en">

    <dataset>
            <alternateIdentifier>10.15468/a2o8vy</alternateIdentifier>
                <alternateIdentifier>https://swbiodiversity.org/seinet/collections/misc/collprofiles.php?collid=1</alternateIdentifier>
                <alternateIdentifier>http://swbiodiversity.org/seinet/collections/misc/collprofiles.php?collid=1</alternateIdentifier>
        <title>Arizona State University Vascular Plant Herbarium</title>
            <creator>
<organizationName>SEINet Portal Network</organizationName><electronicMailAddress>seinetAdmin@asu.edu</electronicMailAddress><onlineUrl>https://swbiodiversity.org/seinet/index.php</onlineUrl>            </creator>
            <metadataProvider>
<organizationName>SEINet Portal Network</organizationName><electronicMailAddress>seinetAdmin@asu.edu</electronicMailAddress><onlineUrl>https://swbiodiversity.org/seinet/index.php</onlineUrl>            </metadataProvider>
            <associatedParty>
            <individualName>
<givenName>Elizabeth</givenName>                    <surName>Makings</surName>
            </individualName>
<positionName>Collection manager</positionName><electronicMailAddress>Elizabeth.Makings@asu.edu</electronicMailAddress>            <role>CONTENT_PROVIDER</role>
            </associatedParty>
            <pubDate>
                2023-06-16
            </pubDate>
        <language>ENGLISH</language>
            <abstract>
                    <para>The Arizona State University Vascular Plant Herbarium (ASU) is among the most important in the greater Sonoran Desert region with over 315,000 specimens. We are particularly proud of our holdings of Cactaceae which include over 1,100 chromosome counts.
An herbarium is a collection of pressed, dried, and archived plants that are systematically arranged - each specimen a physical record of a plant growing at a particular place and at a particular time. Like most herbaria, we seek to document the geographical and ecological distribution of the regional flora, facilitate research, support teaching, and promote conservation. Vouchers from floristic studies have resulted in comprehensive collections of many important geographic regions in Arizona.
ASU Type Specimens: http://swbiodiversity.org/seinet/checklists/checklist.php?cl&amp;#61;2638</para>
            </abstract>
            <intellectualRights>
                    <para>This work is licensed under a <ulink url="http://creativecommons.org/licenses/by/4.0/legalcode"><citetitle>Creative Commons Attribution (CC-BY) 4.0 License</citetitle></ulink>.</para>
            </intellectualRights>
            <contact>
<organizationName>Arizona State University Vascular Plant Herbarium</organizationName><phone>(480) 965-6162</phone><electronicMailAddress>Elizabeth.Makings@asu.edu</electronicMailAddress><onlineUrl>https://biokic.asu.edu/vascular-plant-herbarium</onlineUrl>            </contact>

    </dataset>

    <additionalMetadata>
        <metadata>
            <gbif>
                <dateStamp>2023-07-05T19:30:32Z</dateStamp>
                <citation>Arizona State University Biocollections (2023). Arizona State University Vascular Plant Herbarium. Occurrence dataset https://doi.org/10.15468/a2o8vy accessed via GBIF.org on 2023-07-05.</citation>
            </gbif>
        </metadata>
    </additionalMetadata>

</eml:eml>
