<?xml version="1.0" encoding="utf-8"?>
<eml:eml xmlns:eml="eml://ecoinformatics.org/eml-2.1.1" xmlns:xsi="http://www.w3.org/2001/XMLSchema-instance"
         xsi:schemaLocation="eml://ecoinformatics.org/eml-2.1.1 http://rs.gbif.org/schema/eml-gbif-profile/1.2/eml.xsd"
packageId="e82092b5-e2b0-4db8-8cca-22e11272af6b"  system="http://gbif.org" scope="system"
xml:lang="en">

    <dataset>
            <alternateIdentifier>10.15468/j9jnvg</alternateIdentifier>
                <alternateIdentifier>https://www.soroherbaria.org/portal/collections/misc/collprofiles.php?collid=112</alternateIdentifier>
                <alternateIdentifier>https://soroherbaria.org/portal/collections/misc/collprofiles.php?collid=112</alternateIdentifier>
        <title>Rocky Mountain Biological Laboratory</title>
            <creator>
<organizationName>Southern Rocky Mountain Herbaria</organizationName><electronicMailAddress>james.r.allen@colorado.edu</electronicMailAddress><onlineUrl>https://www.soroherbaria.org/portal/index.php</onlineUrl>            </creator>
            <metadataProvider>
<organizationName>Southern Rocky Mountain Herbaria</organizationName><electronicMailAddress>james.r.allen@colorado.edu</electronicMailAddress><onlineUrl>https://www.soroherbaria.org/portal/index.php</onlineUrl>            </metadataProvider>
            <associatedParty>
            <individualName>
                    <surName>C.F. Rick Williams, Curator</surName>
            </individualName>
<electronicMailAddress>willcha2@isu.edu</electronicMailAddress>            <role>CONTENT_PROVIDER</role>
            </associatedParty>
            <pubDate>
                2023-02-01
            </pubDate>
        <language>ENGLISH</language>
            <abstract>
                    <para>Vascular Plants curated within the Rocky Mountain Biological Laboratory Herbarium. Specimens date to 1929 and are primarily from the East River and upper Gunnison basin.</para>
            </abstract>
            <intellectualRights>
                    <para>This work is licensed under a <ulink url="http://creativecommons.org/licenses/by/4.0/legalcode"><citetitle>Creative Commons Attribution (CC-BY) 4.0 License</citetitle></ulink>.</para>
            </intellectualRights>
            <contact>
<organizationName>Rocky Mountain Biological Laboratory</organizationName><phone>(970) 349-7231</phone><electronicMailAddress>willcha2@isu.edu</electronicMailAddress><onlineUrl>http://rmbl.org</onlineUrl>            </contact>

    </dataset>

    <additionalMetadata>
        <metadata>
            <gbif>
                <dateStamp>2023-07-05T19:31:00Z</dateStamp>
                <citation>Rocky Mountain Biological Laboratory (2023). Rocky Mountain Biological Laboratory. Occurrence dataset https://doi.org/10.15468/j9jnvg accessed via GBIF.org on 2023-07-05.</citation>
            </gbif>
        </metadata>
    </additionalMetadata>

</eml:eml>
