<?xml version="1.0" encoding="utf-8"?>
<eml:eml xmlns:eml="eml://ecoinformatics.org/eml-2.1.1" xmlns:xsi="http://www.w3.org/2001/XMLSchema-instance"
         xsi:schemaLocation="eml://ecoinformatics.org/eml-2.1.1 http://rs.gbif.org/schema/eml-gbif-profile/1.2/eml.xsd"
packageId="ea408e49-3d43-4514-9d2b-067bb8de6ac5"  system="http://gbif.org" scope="system"
xml:lang="en">

    <dataset>
            <alternateIdentifier>10.15468/h5txxy</alternateIdentifier>
                <alternateIdentifier>https://science-net.kahaku.go.jp/ipt2/resource?r=snet-1017-101</alternateIdentifier>
                <alternateIdentifier>http://science-net.kahaku.go.jp/ipt2/resource?r=snet-1017-101</alternateIdentifier>
                <alternateIdentifier>ea408e49-3d43-4514-9d2b-067bb8de6ac5</alternateIdentifier>
                <alternateIdentifier>http://gbif.science-net.kahaku.go.jp:8081/ipt2/resource?r=snet-1017-101</alternateIdentifier>
        <title>Vascular plant specimens of The Shirakami Research Center for Environmental Sciences, Hirosaki University</title>
            <creator>
            <individualName>
<givenName>Hiroki</givenName>                    <surName>Yamagishi</surName>
            </individualName>
<organizationName>The Shirakami Research Center for Environmental Sciences, Hirosaki University</organizationName><positionName>Assistant Professor</positionName>            <address>
<country>JAPAN</country>            </address>
<electronicMailAddress>hyama@hirosaki-u.ac.jp</electronicMailAddress>            </creator>
            <metadataProvider>
            <individualName>
<givenName>Hiroki</givenName>                    <surName>Yamagishi</surName>
            </individualName>
<organizationName>The Shirakami Research Center for Environmental Sciences, Hirosaki University</organizationName><positionName>Assistant Professor</positionName>            <address>
<country>JAPAN</country>            </address>
<electronicMailAddress>hyama@hirosaki-u.ac.jp</electronicMailAddress>            </metadataProvider>
            <pubDate>
                2023-03-20
            </pubDate>
        <language>ENGLISH</language>
            <abstract>
                    <para>Vascular plant specimens deposited in The Shirakami Research Center for Environmental Sciences, Hirosaki University</para>
            </abstract>
                <keywordSet>
                        <keyword>Occurrence</keyword>
                        <keywordThesaurus>GBIF Dataset Type Vocabulary: http://rs.gbif.org/vocabulary/gbif/dataset_type_2015-07-10.xml</keywordThesaurus>
                </keywordSet>
            <intellectualRights>
                    <para>This work is licensed under a <ulink url="http://creativecommons.org/licenses/by/4.0/legalcode"><citetitle>Creative Commons Attribution (CC-BY) 4.0 License</citetitle></ulink>.</para>
            </intellectualRights>
            <distribution scope="document">
                <online>
                    <url function="information">http://www.hirosaki-u.ac.jp/shirakami/english/</url>
                </online>
            </distribution>
            <maintenance>
                <description>
                    <para></para>
                </description>
                <maintenanceUpdateFrequency>unkown</maintenanceUpdateFrequency>
            </maintenance>
            <contact>
            <individualName>
<givenName>Hiroki</givenName>                    <surName>Yamagishi</surName>
            </individualName>
<organizationName>The Shirakami Research Center for Environmental Sciences, Hirosaki University</organizationName><positionName>Assistant Professor</positionName>            <address>
<country>JAPAN</country>            </address>
<electronicMailAddress>hyama@hirosaki-u.ac.jp</electronicMailAddress>            </contact>

    </dataset>

    <additionalMetadata>
        <metadata>
            <gbif>
                <dateStamp>2023-07-05T19:30:34Z</dateStamp>
                <citation>Yamagishi H (2023). Vascular plant specimens of The Shirakami Research Center for Environmental Sciences, Hirosaki University. Version 1.8. National Museum of Nature and Science, Japan. Occurrence dataset https://doi.org/10.15468/h5txxy accessed via GBIF.org on 2023-07-05.</citation>
            </gbif>
        </metadata>
    </additionalMetadata>

</eml:eml>
