<?xml version="1.0" encoding="utf-8"?>
<eml:eml xmlns:eml="eml://ecoinformatics.org/eml-2.1.1" xmlns:xsi="http://www.w3.org/2001/XMLSchema-instance"
         xsi:schemaLocation="eml://ecoinformatics.org/eml-2.1.1 http://rs.gbif.org/schema/eml-gbif-profile/1.2/eml.xsd"
packageId="eb7681c5-5c9c-4e28-954f-f328991c7004"  system="http://gbif.org" scope="system"
xml:lang="en">

    <dataset>
            <alternateIdentifier>10.15468/vo3d2x</alternateIdentifier>
                <alternateIdentifier>https://ipt.taibif.tw/resource?r=taif</alternateIdentifier>
                <alternateIdentifier>http://ipt.taibif.tw/resource?r=taif</alternateIdentifier>
                <alternateIdentifier>8d7c4dd0-c75e-11dd-87ef-b8a03c50a862</alternateIdentifier>
                <alternateIdentifier>98b2bb30-1627-11df-bd84-b8a03c50a862</alternateIdentifier>
                <alternateIdentifier>eb7681c5-5c9c-4e28-954f-f328991c7004</alternateIdentifier>
        <title>Herbarium of Taiwan Forestry Research Institute</title>
            <creator>
            <individualName>
<givenName>Chien-Wen</givenName>                    <surName>Chen</surName>
            </individualName>
<organizationName>Division of Botanical Garden</organizationName><positionName>Contracted Assistant Researcher</positionName>            <address>
<deliveryPoint>53, Nanhai Rd., Chungcheng District</deliveryPoint><city>Taipei</city><postalCode>10066</postalCode><country>TAIWAN</country>            </address>
<phone>+886-2-23039978-2202</phone><electronicMailAddress>lrrhchen@tfri.gov.tw</electronicMailAddress>            </creator>
            <metadataProvider>
            <individualName>
<givenName>Chien-Wen</givenName>                    <surName>Chen</surName>
            </individualName>
<organizationName>Division of Botanical Garden</organizationName><positionName>Contracted Assistant Researcher</positionName>            <address>
<deliveryPoint>53, Nanhai Rd., Chungcheng District</deliveryPoint><city>Taipei</city><postalCode>10066</postalCode><country>TAIWAN</country>            </address>
<phone>+886-2-23039978-2202</phone><electronicMailAddress>lrrhchen@tfri.gov.tw</electronicMailAddress>            </metadataProvider>
            <pubDate>
                2021-09-13
            </pubDate>
        <language>ENGLISH</language>
            <abstract>
                    <para>The specimen information of TAIF</para>
            </abstract>
                <keywordSet>
                        <keyword>Occurrence</keyword>
                        <keywordThesaurus>GBIF Dataset Type Vocabulary: http://rs.gbif.org/vocabulary/gbif/dataset_type.xml</keywordThesaurus>
                </keywordSet>
                <keywordSet>
                        <keyword>Specimen</keyword>
                        <keywordThesaurus>GBIF Dataset Subtype Vocabulary: http://rs.gbif.org/vocabulary/gbif/dataset_subtype.xml</keywordThesaurus>
                </keywordSet>
                <keywordSet>
                        <keyword>Occurrence</keyword>
                        <keywordThesaurus>GBIF Dataset Type Vocabulary: http://rs.gbif.org/vocabulary/gbif/dataset_type_2015-07-10.xml</keywordThesaurus>
                </keywordSet>
            <intellectualRights>
                    <para>This work is licensed under a <ulink url="http://creativecommons.org/licenses/by-nc/4.0/legalcode"><citetitle>Creative Commons Attribution Non Commercial (CC-BY-NC) 4.0 License</citetitle></ulink>.</para>
            </intellectualRights>
            <distribution scope="document">
                <online>
                    <url function="information">http://taif.tfri.gov.tw/search/</url>
                </online>
            </distribution>
            <maintenance>
                <description>
                    <para></para>
                </description>
                <maintenanceUpdateFrequency>monthly</maintenanceUpdateFrequency>
            </maintenance>
            <contact>
            <individualName>
<givenName>Chien-Wen</givenName>                    <surName>Chen</surName>
            </individualName>
<organizationName>Division of Botanical Garden</organizationName><positionName>Contracted Assistant Researcher</positionName>            <address>
<deliveryPoint>53, Nanhai Rd., Chungcheng District</deliveryPoint><city>Taipei</city><postalCode>10066</postalCode><country>TAIWAN</country>            </address>
<phone>+886-2-23039978-2202</phone><electronicMailAddress>lrrhchen@tfri.gov.tw</electronicMailAddress>            </contact>
            <methods>
                    <methodStep>
                        <description>
                            <para></para>
                        </description>
                    </methodStep>
            </methods>

    </dataset>

    <additionalMetadata>
        <metadata>
            <gbif>
                <dateStamp>2023-07-05T19:31:21Z</dateStamp>
                <citation>Chen C (2021). Herbarium of Taiwan Forestry Research Institute. Version 1.8. Taiwan Forestry Research Institute. Occurrence dataset https://doi.org/10.15468/vo3d2x accessed via GBIF.org on 2023-07-05.</citation>
                    <resourceLogoUrl>http://ipt.taibif.tw/logo.do?r=taif</resourceLogoUrl>
            </gbif>
        </metadata>
    </additionalMetadata>

</eml:eml>
