<?xml version="1.0" encoding="utf-8"?>
<eml:eml xmlns:eml="eml://ecoinformatics.org/eml-2.1.1" xmlns:xsi="http://www.w3.org/2001/XMLSchema-instance"
         xsi:schemaLocation="eml://ecoinformatics.org/eml-2.1.1 http://rs.gbif.org/schema/eml-gbif-profile/1.2/eml.xsd"
packageId="ef1eb15d-460a-434d-807d-4ab3b6223d32"  system="http://gbif.org" scope="system"
xml:lang="en">

    <dataset>
            <alternateIdentifier>10.15468/v94jsu</alternateIdentifier>
                <alternateIdentifier>https://sernecportal.org/portal/collections/misc/collprofiles.php?collid=270</alternateIdentifier>
        <title>Arkansas Natural Heritage Commission Herbarium</title>
            <creator>
<organizationName>SERNEC</organizationName><electronicMailAddress>hbrown@mailbox.sc.edu</electronicMailAddress><onlineUrl>https://sernecportal.org/portal/index.php</onlineUrl>            </creator>
            <metadataProvider>
<organizationName>SERNEC</organizationName><electronicMailAddress>hbrown@mailbox.sc.edu</electronicMailAddress><onlineUrl>https://sernecportal.org/portal/index.php</onlineUrl>            </metadataProvider>
            <associatedParty>
            <individualName>
                    <surName>Brent Baker</surName>
            </individualName>
<electronicMailAddress>brent.baker@arkansas.gov</electronicMailAddress>            <role>CONTENT_PROVIDER</role>
            </associatedParty>
            <associatedParty>
            <individualName>
<givenName>Diana</givenName>                    <surName>Soteropoulos</surName>
            </individualName>
<positionName>ANHC Collections Manager; Arkansas Herbarium Digitization Coordinator</positionName><electronicMailAddress>diana.soteropoulos@arkansas.gov</electronicMailAddress>            <userId directory="https://orcid.org/">0000-0002-4247-1375</userId>
            <role>CONTENT_PROVIDER</role>
            </associatedParty>
            <associatedParty>
            <individualName>
<givenName>Theo</givenName>                    <surName>Witsell</surName>
            </individualName>
<positionName>Curator</positionName><electronicMailAddress>theo.witsell@arkansas.gov</electronicMailAddress>            <role>CONTENT_PROVIDER</role>
            </associatedParty>
            <pubDate>
                2023-06-19
            </pubDate>
        <language>ENGLISH</language>
            <abstract>
                    <para>The Herbarium of the Arkansas Natural Heritage Commission consists primarily of specimens collected in the course of statewide ecological and biological inventory work conducted by the Arkansas Natural Heritage Program. Many of the specimens represent species that are rare in the state or were collected from rare or unusual habitats. The goals of the collection are 1) to provide a reference collection for work performed by Natural Heritage Commission staff and their conservation partners, 2) to house voucher specimens for rare plant records in the database of the Arkansas Natural Heritage Program, and 3) to voucher plants of ecologically sensitive or otherwise significant lands, including those contained within the State&amp;#39;s System of Natural Areas. While most specimens are from Arkansas, special care is being made to assemble a collection of plants from surrounding states that are not presently known in Arkansas but are likely to be found there.
The ANHC Herbarium recently adopted the Henderson State University and University of Arkansas - Little Rock Herbaria (HEND-LRU), which are being integrated into the ANHC collection.</para>
            </abstract>
            <intellectualRights>
                    <para>This work is licensed under a <ulink url="http://creativecommons.org/licenses/by/4.0/legalcode"><citetitle>Creative Commons Attribution (CC-BY) 4.0 License</citetitle></ulink>.</para>
            </intellectualRights>
            <contact>
<organizationName>Arkansas Natural Heritage Commission Herbarium</organizationName><phone>501-324-9763</phone><electronicMailAddress>brent.baker@arkansas.gov</electronicMailAddress>            </contact>

    </dataset>

    <additionalMetadata>
        <metadata>
            <gbif>
                <dateStamp>2023-07-05T19:31:09Z</dateStamp>
                <citation>Arkansas Natural Heritage Commission Herbarium (2023). Arkansas Natural Heritage Commission Herbarium. Occurrence dataset https://doi.org/10.15468/v94jsu accessed via GBIF.org on 2023-07-05.</citation>
            </gbif>
        </metadata>
    </additionalMetadata>

</eml:eml>
