<?xml version="1.0" encoding="utf-8"?>
<eml:eml xmlns:eml="eml://ecoinformatics.org/eml-2.1.1" xmlns:xsi="http://www.w3.org/2001/XMLSchema-instance"
         xsi:schemaLocation="eml://ecoinformatics.org/eml-2.1.1 http://rs.gbif.org/schema/eml-gbif-profile/1.2/eml.xsd"
packageId="f47b0035-fc20-4ac1-905a-e0b79a1383d7"  system="http://gbif.org" scope="system"
xml:lang="en">

    <dataset>
            <alternateIdentifier>10.15468/3emx9b</alternateIdentifier>
                <alternateIdentifier>https://science-net.kahaku.go.jp/ipt2/resource?r=snet-1073-105</alternateIdentifier>
                <alternateIdentifier>http://science-net.kahaku.go.jp/ipt2/resource?r=snet-1073-105</alternateIdentifier>
                <alternateIdentifier>http://gbif.science-net.kahaku.go.jp:8081/ipt2/resource?r=snet-1073-105</alternateIdentifier>
                <alternateIdentifier>f47b0035-fc20-4ac1-905a-e0b79a1383d7</alternateIdentifier>
        <title>Vascular plant specimens of Toyama Science Museum</title>
            <creator>
            <individualName>
<givenName>Michihito</givenName>                    <surName>Ohta</surName>
            </individualName>
<organizationName>Toyama Science Museum</organizationName><positionName>Curator</positionName>            <address>
<country>JAPAN</country>            </address>
<electronicMailAddress>ohta@tsm.toyama.toyama.jp</electronicMailAddress>            </creator>
            <metadataProvider>
            <individualName>
<givenName>Michihito</givenName>                    <surName>Ohta</surName>
            </individualName>
<organizationName>Toyama Science Museum</organizationName><positionName>Curator</positionName>            <address>
<country>JAPAN</country>            </address>
<electronicMailAddress>ohta@tsm.toyama.toyama.jp</electronicMailAddress>            </metadataProvider>
            <pubDate>
                2023-03-22
            </pubDate>
        <language>ENGLISH</language>
            <abstract>
                    <para>Vascular plant specimens deposited in Toyama Science Museum</para>
            </abstract>
                <keywordSet>
                        <keyword>Occurrence</keyword>
                        <keywordThesaurus>GBIF Dataset Type Vocabulary: http://rs.gbif.org/vocabulary/gbif/dataset_type_2015-07-10.xml</keywordThesaurus>
                </keywordSet>
            <intellectualRights>
                    <para>This work is licensed under a <ulink url="http://creativecommons.org/licenses/by/4.0/legalcode"><citetitle>Creative Commons Attribution (CC-BY) 4.0 License</citetitle></ulink>.</para>
            </intellectualRights>
            <maintenance>
                <description>
                    <para></para>
                </description>
                <maintenanceUpdateFrequency>unkown</maintenanceUpdateFrequency>
            </maintenance>
            <contact>
            <individualName>
<givenName>Michihito</givenName>                    <surName>Ohta</surName>
            </individualName>
<organizationName>Toyama Science Museum</organizationName><positionName>Curator</positionName>            <address>
<country>JAPAN</country>            </address>
<electronicMailAddress>ohta@tsm.toyama.toyama.jp</electronicMailAddress>            </contact>

    </dataset>

    <additionalMetadata>
        <metadata>
            <gbif>
                <dateStamp>2023-07-05T19:31:22Z</dateStamp>
                <citation>Ohta M (2023). Vascular plant specimens of Toyama Science Museum. Version 1.7. National Museum of Nature and Science, Japan. Occurrence dataset https://doi.org/10.15468/3emx9b accessed via GBIF.org on 2023-07-05.</citation>
            </gbif>
        </metadata>
    </additionalMetadata>

</eml:eml>
