<?xml version="1.0" encoding="utf-8"?>
<eml:eml xmlns:eml="eml://ecoinformatics.org/eml-2.1.1" xmlns:xsi="http://www.w3.org/2001/XMLSchema-instance"
         xsi:schemaLocation="eml://ecoinformatics.org/eml-2.1.1 http://rs.gbif.org/schema/eml-gbif-profile/1.2/eml.xsd"
packageId="f873ef66-231a-4ea3-bd4d-a16f182bf337"  system="http://gbif.org" scope="system"
xml:lang="en">

    <dataset>
            <alternateIdentifier>10.15468/s55f2k</alternateIdentifier>
                <alternateIdentifier>https://midatlanticherbaria.org/portal/collections/misc/collprofiles.php?collid=277</alternateIdentifier>
        <title>Academy of Natural Sciences of Drexel University</title>
            <creator>
<organizationName>Mid-Atlantic Herbaria</organizationName><electronicMailAddress>seinetAdmin@asu.edu</electronicMailAddress><onlineUrl>https://midatlanticherbaria.org/portal/index.php</onlineUrl>            </creator>
            <metadataProvider>
<organizationName>Mid-Atlantic Herbaria</organizationName><electronicMailAddress>seinetAdmin@asu.edu</electronicMailAddress><onlineUrl>https://midatlanticherbaria.org/portal/index.php</onlineUrl>            </metadataProvider>
            <associatedParty>
            <individualName>
<givenName>Tatyana</givenName>                    <surName>Livshultz</surName>
            </individualName>
<positionName>Curator</positionName><electronicMailAddress>tl534@drexel.edu</electronicMailAddress>            <role>CONTENT_PROVIDER</role>
            </associatedParty>
            <associatedParty>
            <individualName>
<givenName>Chelsea</givenName>                    <surName>Smith</surName>
            </individualName>
<positionName>Collection Manager</positionName><electronicMailAddress>ans_ph_herbarium@drexel.edu</electronicMailAddress>            <role>CONTENT_PROVIDER</role>
            </associatedParty>
            <pubDate>
                2023-06-16
            </pubDate>
        <language>ENGLISH</language>
            <abstract>
                    <para>The herbarium of the Academy of Natural Sciences (PH) is the oldest institutional herbarium in the United States. It is a national resource for material from 1750-1850. The diatom herbarium (ANSP) is managed separately.</para>
            </abstract>
            <intellectualRights>
                    <para>This work is licensed under a <ulink url="http://creativecommons.org/licenses/by-nc/4.0/legalcode"><citetitle>Creative Commons Attribution Non Commercial (CC-BY-NC) 4.0 License</citetitle></ulink>.</para>
            </intellectualRights>
            <contact>
<organizationName>Academy of Natural Sciences of Drexel University</organizationName><electronicMailAddress>tl534@drexel.edu</electronicMailAddress><onlineUrl>http://www.ansp.org/research/systematics-evolution/collections/botany/</onlineUrl>            </contact>

    </dataset>

    <additionalMetadata>
        <metadata>
            <gbif>
                <dateStamp>2023-07-05T19:30:41Z</dateStamp>
                <citation>Academy of Natural Sciences (2023). Academy of Natural Sciences of Drexel University. Occurrence dataset https://doi.org/10.15468/s55f2k accessed via GBIF.org on 2023-07-05.</citation>
            </gbif>
        </metadata>
    </additionalMetadata>

</eml:eml>
