<?xml version="1.0" encoding="utf-8"?>
<eml:eml xmlns:eml="eml://ecoinformatics.org/eml-2.1.1" xmlns:xsi="http://www.w3.org/2001/XMLSchema-instance"
         xsi:schemaLocation="eml://ecoinformatics.org/eml-2.1.1 http://rs.gbif.org/schema/eml-gbif-profile/1.2/eml.xsd"
packageId="fb8ae15d-e30c-44b4-8f61-0bb0c1d90ff9"  system="http://gbif.org" scope="system"
xml:lang="en">

    <dataset>
            <alternateIdentifier>10.15468/axtkuz</alternateIdentifier>
        <title>University of Graz, Institute of Plant Sciences - Herbarium GZU</title>
            <associatedParty>
            <individualName>
                    <surName>Astrid Scharfetter</surName>
            </individualName>
            <address>
<deliveryPoint>Holteigasse 6, A-8010 Graz, Austria</deliveryPoint>            </address>
<phone>+43 (316) 380-8841</phone><electronicMailAddress>as.scharfetter@uni-graz.at</electronicMailAddress>            <role>TECHNICAL_POINT_OF_CONTACT</role>
            </associatedParty>
        <language>en</language>
            <intellectualRights>
                    <para>This work is licensed under a <ulink url="http://creativecommons.org/licenses/by/4.0/legalcode"><citetitle>Creative Commons Attribution (CC-BY) 4.0 License</citetitle></ulink>.</para>
            </intellectualRights>
            <distribution scope="document">
                <online>
                    <url function="information">http://www.kfunigraz.ac.at/botwww/home-system-botanik.htm</url>
                </online>
            </distribution>
            <contact>
            <individualName>
                    <surName>Astrid Scharfetter</surName>
            </individualName>
            <address>
<deliveryPoint>Holteigasse 6, A-8010 Graz, Austria</deliveryPoint>            </address>
<phone>+43 (316) 380-8841</phone><electronicMailAddress>as.scharfetter@uni-graz.at</electronicMailAddress>            </contact>

    </dataset>

    <additionalMetadata>
        <metadata>
            <gbif>
                <dateStamp>2023-07-05T19:31:24Z</dateStamp>
                <citation>University of Graz, Institute of Plant Sciences. University of Graz, Institute of Plant Sciences - Herbarium GZU. Occurrence dataset https://doi.org/10.15468/axtkuz accessed via GBIF.org on 2023-07-05.</citation>
                    <resourceLogoUrl>http://static.uni-graz.at/typo3conf/ext/unigraz/Resources/Public/Images/Common/LogoUniGraz.png</resourceLogoUrl>
            </gbif>
        </metadata>
    </additionalMetadata>

</eml:eml>
